Dates,Total Consumption,was_missing,DayOfWeek,DayOfMonth,Month,Quarter,DayOfYear,WeekOfYear,Year,DayOfWeek_sin,DayOfWeek_cos,DayOfYear_sin,DayOfYear_cos,Month_sin,Month_cos,lag_1,lag_7,lag_30,lag_365,rolling_mean_7,rolling_std_7,rolling_mean_30,rolling_std_30
2014-07-20,2821.7,0,6,20,7,3,201,29,2014,-0.7818314824680299,0.6234898018587334,-0.3108569682435036,-0.9504567035349151,-0.4999999999999997,-0.8660254037844388,2860.8,2967.7,3089.599999999999,2845.7,2933.7642857142855,82.54996827320267,3042.4883333333332,81.82150219388906
2014-07-21,2821.7,0,0,21,7,3,202,30,2014,0.0,1.0,-0.3271603271220951,-0.9449688462364056,-0.4999999999999997,-0.8660254037844388,2821.7,3024.8,3058.6,2876.699999999999,2904.7499999999995,80.89611136102195,3034.5916666666662,91.11666837493215
2014-07-22,2909.9,0,1,22,7,3,203,30,2014,0.7818314824680298,0.6234898018587336,-0.34336687399638804,-0.939201357453208,-0.4999999999999997,-0.8660254037844388,2821.7,3019.3999999999987,2965.2000000000003,2922.9999999999995,2889.1071428571427,63.814956636179986,3032.7483333333334,93.10654675612672
2014-07-23,2897.75,1,2,23,7,3,204,30,2014,0.9749279121818236,-0.22252093395631434,-0.3594718130884232,-0.9331559438780432,-0.4999999999999997,-0.8660254037844388,2909.9,2986.6499999999996,3057.7,2912.099999999999,2876.407142857143,48.07139160121485,3027.4166666666665,96.15813245265244
2014-07-24,2885.6000000000004,0,3,24,7,3,205,30,2014,0.43388373911755823,-0.900968867902419,-0.3754703786876202,-0.9268343944460494,-0.4999999999999997,-0.8660254037844388,2897.75,2953.9,3101.3,2920.8,2866.65,34.82840076720437,3020.2266666666665,98.47939460069695
2014-07-25,2895.6,0,4,25,7,3,206,30,2014,-0.433883739117558,-0.9009688679024191,-0.3913578365610259,-0.9202385798054075,-0.4999999999999997,-0.8660254037844388,2885.6000000000004,2869.0999999999995,3119.7,2882.9000000000005,2870.4357142857148,36.537386267207914,3012.7566666666667,99.17076506550913
2014-07-26,2919.7,0,5,26,7,3,207,30,2014,-0.9749279121818236,-0.2225209339563146,-0.4071294853542516,-0.9133704517637858,-0.4999999999999997,-0.8660254037844388,2895.6,2860.8,3108.5999999999995,2838.3,2878.8499999999995,40.51420532769359,3006.46,98.87200660275602
2014-07-27,2941.4000000000005,0,6,27,7,3,208,30,2014,-0.7818314824680299,0.6234898018587334,-0.4227806579826773,-0.9062320427107697,-0.4999999999999997,-0.8660254037844388,2919.7,2821.7,3104.4,2838.2032608695654,2895.9500000000003,37.52313730666415,3001.0266666666666,97.77692127150246
2014-07-28,2877.4999999999995,0,0,28,7,3,209,31,2014,0.0,1.0,-0.4383067230125192,-0.898825465016444,-0.4999999999999997,-0.8660254037844388,2941.4000000000005,2821.7,3118.2000000000003,2838.1065217391306,2903.921428571429,21.71961205041648,2993.0033333333336,97.70601482679353
2014-07-29,2892.4,0,1,29,7,3,210,31,2014,0.7818314824680298,0.6234898018587336,-0.45370308603134424,-0.8911529104063088,-0.4999999999999997,-0.8660254037844388,2877.4999999999995,2909.9,3060.0,2838.009782608696,2901.421428571429,21.922968494721708,2987.4166666666665,98.53122149448704
2014-07-30,2893.15,1,2,30,7,3,211,31,2014,0.9749279121818236,-0.22252093395631434,-0.46896519100763184,-0.8832166493127127,-0.4999999999999997,-0.8660254037844388,2892.4,2897.75,3114.9999999999995,2820.790217391304,2900.7642857142855,22.11942423692199,2980.0216666666665,96.93790465651539
2014-07-31,2893.9,0,3,31,7,3,212,31,2014,0.43388373911755823,-0.900968867902419,-0.48408852163897587,-0.8750190302029955,-0.4999999999999997,-0.8660254037844388,2893.15,2885.6000000000004,3102.1,2820.693478260869,2901.9500000000003,21.381202803744582,2973.0816666666665,95.33618870312073
2014-08-01,2937.7000000000003,0,4,1,8,3,213,31,2014,-0.433883739117558,-0.9009688679024191,-0.4990686026885319,-0.8665624788845385,-0.8660254037844384,-0.5000000000000004,2893.9,2895.6,3130.5,2820.5967391304343,2907.964285714286,24.924798800385588,2966.6549999999997,90.74651066722137
2014-08-02,2909.5000000000005,0,5,2,8,3,214,31,2014,-0.9749279121818236,-0.2225209339563146,-0.5139010013093103,-0.8578494977869301,-0.8660254037844384,-0.5000000000000004,2937.7000000000003,2919.7,3080.3,2820.4999999999995,2906.507142857143,24.41735087619279,2960.961666666667,88.70564135088323
2014-08-03,2920.6000000000004,0,6,3,8,3,215,31,2014,-0.7818314824680299,0.6234898018587334,-0.5285813283559292,-0.8488826652214553,-0.8660254037844384,-0.5000000000000004,2909.5000000000005,2941.4000000000005,3087.4999999999995,2831.399999999999,2903.535714285714,20.398257978880736,2955.3983333333335,85.67795101559179
2014-08-04,2834.9,0,0,4,8,3,216,32,2014,0.0,1.0,-0.5431052396834317,-0.8396646346181327,-0.8660254037844384,-0.5000000000000004,2920.6000000000004,2877.4999999999995,3078.1000000000013,2855.7,2897.4500000000003,32.32719443443014,2947.2916666666665,85.17188208045357
2014-08-05,2881.1000000000004,0,1,5,8,3,217,32,2014,0.7818314824680298,0.6234898018587336,-0.5574684374327892,-0.8301981337405212,-0.8660254037844384,-0.5000000000000004,2834.9,2892.4,3012.3,2850.4,2895.835714285714,32.89848925466825,2942.9183333333335,85.08711710433421
2014-08-06,2833.3,0,2,6,8,3,218,32,2014,0.9749279121818236,-0.22252093395631434,-0.5716666713027052,-0.8204859638785327,-0.8660254037844384,-0.5000000000000004,2881.1000000000004,2893.15,3066.6,2824.3,2887.2857142857147,40.590739032929676,2935.141666666667,84.04831029023676
2014-08-07,2879.600000000001,0,3,7,8,3,219,32,2014,0.43388373911755823,-0.900968867902419,-0.5856957398073508,-0.8105309990194823,-0.8660254037844384,-0.5000000000000004,2833.3,2893.9,3117.5,2736.6,2885.2428571428572,40.56220971722487,2927.2116666666666,77.19281800983227
2014-08-08,2909.8,0,4,8,8,3,220,32,2014,-0.433883739117558,-0.9009688679024191,-0.5995514915196489,-0.8003361849976323,-0.8660254037844384,-0.5000000000000004,2879.600000000001,2937.7000000000003,3106.1000000000004,2684.1,2881.257142857143,35.618013099330355,2920.6683333333335,69.43637062874313
2014-08-09,2917.2000000000003,0,5,9,8,3,221,32,2014,-0.9749279121818236,-0.2225209339563146,-0.6132298262997502,-0.7899045386224707,-0.8660254037844384,-0.5000000000000004,2909.8,2909.5000000000005,3084.9,2769.0,2882.3571428571427,36.7369413144873,2915.078333333333,62.1242979330824
2014-08-10,2841.3500000000004,1,6,10,8,3,222,32,2014,-0.7818314824680299,0.6234898018587334,-0.6267266965083301,-0.7792391467859886,-0.8660254037844384,-0.5000000000000004,2917.2000000000003,2920.6000000000004,3063.6,2737.4,2871.0357142857147,35.165000524752166,2907.67,56.82826609695595
2014-08-11,2765.5000000000005,0,0,11,8,3,223,33,2014,0.0,1.0,-0.6400381082043503,-0.7683431655492202,-0.8660254037844384,-0.5000000000000004,2841.3500000000004,2834.9,3032.4,2768.4,2861.121428571429,52.54110975499672,2898.773333333333,57.51591044244377
2014-08-12,2837.7,0,1,12,8,3,224,33,2014,0.7818314824680298,0.6234898018587336,-0.65316012232693,-0.7572198192083127,-0.8660254037844384,-0.5000000000000004,2765.5000000000005,2881.1000000000004,2967.7,2762.0000000000005,2854.921428571429,52.35097784142321,2894.44,57.03902233529029
2014-08-13,2905.0,1,2,13,8,3,225,33,2014,0.9749279121818236,-0.22252093395631434,-0.666088855860977,-0.7458723993404063,-0.8660254037844384,-0.5000000000000004,2837.7,2833.3,3024.8,2761.0999999999995,2865.164285714286,54.39012405978732,2890.4466666666663,51.524829858566726
2014-08-14,2972.2999999999997,0,3,14,8,3,226,33,2014,0.43388373911755823,-0.900968867902419,-0.6788204829862355,-0.734304263829602,-0.8660254037844384,-0.5000000000000004,2905.0,2879.600000000001,3019.3999999999987,2747.7,2878.4071428571433,68.05851911267744,2888.8766666666666,48.06120152424677
2014-08-15,2991.2,0,4,15,8,3,227,33,2014,-0.433883739117558,-0.9009688679024191,-0.6913512362094071,-0.722518835873311,-0.8660254037844384,-0.5000000000000004,2972.2999999999997,2909.8,2986.6499999999996,2707.6000000000004,2890.035714285714,80.18927980247379,2889.0283333333336,48.386462703826
2014-08-16,2977.625,1,5,16,8,3,228,33,2014,-0.9749279121818236,-0.2225209339563146,-0.7036774074790128,-0.7105196029692745,-0.8660254037844384,-0.5000000000000004,2991.2,2917.2000000000003,2953.9,2778.5,2898.6678571428574,86.59706585951781,2889.8191666666667,49.6604043702111
2014-08-17,2964.05,1,6,17,8,3,229,33,2014,-0.7818314824680299,0.6234898018587334,-0.7157953492826642,-0.6983101158835584,-0.8660254037844384,-0.5000000000000004,2977.625,2841.3500000000004,2869.0999999999995,2780.8000000000006,2916.1964285714284,85.4722596672208,2892.984166666667,51.29325192700659
2014-08-18,2950.475000000001,1,0,18,8,3,230,34,2014,0.0,1.0,-0.7277014757264236,-0.6858939875998223,-0.8660254037844384,-0.5000000000000004,2964.05,2765.5000000000005,2860.8,2762.2000000000007,2942.621428571429,53.86818098489382,2895.973333333334,51.96160881102631
2014-08-19,2936.900000000001,0,1,19,8,3,231,34,2014,0.7818314824680298,0.6234898018587336,-0.7393922635959241,-0.673274892250183,-0.8660254037844384,-0.5000000000000004,2950.475000000001,2837.7,2821.7,2728.8,2956.7928571428574,28.951420209469816,2899.8133333333335,50.520173818425455
2014-08-20,3004.7000000000003,0,2,20,8,3,232,34,2014,0.9749279121818236,-0.22252093395631434,-0.7508642533989489,-0.6604565640279754,-0.8660254037844384,-0.5000000000000004,2936.900000000001,2905.0,2821.7,2772.1000000000004,2971.035714285714,23.172144992945462,2905.9133333333334,51.795210441824494
2014-08-21,3020.9999999999995,0,3,21,8,3,233,34,2014,0.43388373911755823,-0.900968867902419,-0.7621140503891487,-0.6474427960827475,-0.8660254037844384,-0.5000000000000004,3004.7000000000003,2972.2999999999997,2909.9,2808.3,2977.9928571428572,29.93801483307822,2909.616666666667,55.89928687370477
2014-08-22,3086.100000000001,0,4,22,8,3,234,34,2014,-0.433883739117558,-0.9009688679024191,-0.7731383255706026,-0.6342374393978054,-0.8660254037844384,-0.5000000000000004,3020.9999999999995,2991.2,2897.75,2757.4999999999995,2991.55,50.99650519074467,2915.895,64.44463087237065
2014-08-23,3103.5,0,5,23,8,3,235,34,2014,-0.9749279121818236,-0.2225209339563146,-0.7839338166829201,-0.620844401650647,-0.8660254037844384,-0.5000000000000004,3086.100000000001,2977.625,2885.6000000000004,2761.5999999999995,3009.5321428571433,65.42076109421306,2923.1583333333338,72.66725574474043
2014-08-24,3086.1,1,6,24,8,3,236,34,2014,-0.7818314824680299,0.6234898018587334,-0.7944973291665992,-0.6072676460566135,-0.8660254037844384,-0.5000000000000004,3103.5,2964.05,2895.6,2765.7,3026.967857142857,67.50955289547075,2929.508333333333,78.28247297264497
2014-08-25,3068.7000000000003,1,0,25,8,3,237,35,2014,0.0,1.0,-0.8048257371083452,-0.593511190196115,-0.8660254037844384,-0.5000000000000004,3086.1,2950.475000000001,2919.7,2769.7999999999997,3043.8571428571427,59.49638244308062,2934.4750000000004,82.26414667147806
2014-08-26,3051.3,0,1,26,8,3,238,35,2014,0.7818314824680298,0.6234898018587336,-0.8149159841660791,-0.5795791048257612,-0.8660254037844384,-0.5000000000000004,3068.7000000000003,2936.900000000001,2941.4000000000005,2778.0,3060.2,36.48026863941762,2938.1383333333333,84.98515685140389
2014-08-27,3076.8000000000006,0,2,27,8,3,239,35,2014,0.9749279121818236,-0.22252093395631434,-0.8247650844733614,-0.5654755126737576,-0.8660254037844384,-0.5000000000000004,3051.3,3004.7000000000003,2877.4999999999995,2782.1,3070.5000000000005,27.195404023552197,2944.7816666666668,87.8238565630629
2014-08-28,3019.9,0,3,28,8,3,240,35,2014,0.43388373911755823,-0.900968867902419,-0.8343701235229537,-0.5512045872199277,-0.8660254037844384,-0.5000000000000004,3076.8000000000006,3020.9999999999995,2892.4,2786.2000000000003,3070.342857142857,27.530217164909615,2949.031666666667,88.2853745974742
2014-08-29,2964.4,0,4,29,8,3,241,35,2014,-0.433883739117558,-0.9009688679024191,-0.8437282590292712,-0.5367705514607103,-0.8660254037844384,-0.5000000000000004,3019.9,3086.100000000001,2893.15,2790.3,3052.957142857143,47.27091625739315,2951.406666666667,87.686573485001
2014-08-30,2913.3,0,5,30,8,3,242,35,2014,-0.9749279121818236,-0.2225209339563146,-0.8528367217694595,-0.522177676659508,-0.8660254037844384,-0.5000000000000004,2964.4,3103.5,2893.9,2793.9,3025.785714285714,64.79296331579242,2952.0533333333337,87.31861513360612
2014-08-31,2935.999999999999,0,6,31,8,3,243,35,2014,-0.7818314824680299,0.6234898018587334,-0.8616928164028521,-0.5074302810827518,-0.8660254037844384,-0.5000000000000004,2913.3,3086.1,2937.7000000000003,2801.0999999999995,3004.342857142857,66.32477810350686,2951.996666666667,87.32880216046628
2014-09-01,2796.6000000000004,0,0,1,9,3,244,36,2014,0.0,1.0,-0.8702939222685674,-0.49253272872205434,-1.0,-1.8369701987210297e-16,2935.999999999999,3068.7000000000003,2909.5000000000005,2707.3499999999995,2965.471428571429,95.5965430735948,2948.233333333333,91.5537430102978
2014-09-02,2784.2000000000003,0,1,2,9,3,245,36,2014,0.7818314824680298,0.6234898018587336,-0.8786374941610001,-0.4774894280028391,-1.0,-1.8369701987210297e-16,2796.6000000000004,3051.3,2920.6000000000004,2613.5999999999995,2927.3142857142857,108.11506877045458,2943.686666666667,96.24030912551642
2014-09-03,2777.4,0,2,3,9,3,246,36,2014,0.9749279121818236,-0.22252093395631434,-0.886721063082993,-0.46230483047981086,-1.0,-1.8369701987210297e-16,2784.2000000000003,3076.8000000000006,2834.9,2622.3000000000006,2884.542857142857,97.85683176871642,2941.77,99.01414462695287
2014-09-04,2795.4,0,3,4,9,3,247,36,2014,0.43388373911755823,-0.900968867902419,-0.8945422369764496,-0.4469834295196741,-1.0,-1.8369701987210297e-16,2777.4,3019.9,2881.1000000000004,2578.6,2852.471428571429,81.52771950459488,2938.9133333333334,102.01567423798231
2014-09-05,2798.588888888889,1,4,5,9,3,248,36,2014,-0.433883739117558,-0.9009688679024191,-0.9020987014301837,-0.43152975897147144,-1.0,-1.8369701987210297e-16,2795.4,2964.4,2833.3,2653.3,2828.784126984127,66.24238254433796,2937.7562962962966,103.44169562281762
2014-09-06,2801.777777777778,1,5,6,9,3,249,36,2014,-0.9749279121818236,-0.2225209339563146,-0.9093882203647925,-0.4159483918249421,-1.0,-1.8369701987210297e-16,2798.588888888889,2913.3,2879.600000000001,2621.9,2812.852380952381,54.98179373723135,2935.162222222222,105.8970667264827
2014-09-07,2804.9666666666667,1,6,7,9,3,250,36,2014,-0.7818314824680299,0.6234898018587334,-0.9164086366943458,-0.4002439388573056,-1.0,-1.8369701987210297e-16,2801.777777777778,2935.999999999999,2909.8,2651.7,2794.1333333333337,9.84898524154033,2931.667777777778,108.46146298110264
2014-09-10,2814.5333333333333,1,2,10,9,3,253,37,2014,0.9749279121818236,-0.22252093395631434,-0.9358348973349941,-0.35243871088460327,-1.0,-1.8369701987210297e-16,2804.9666666666667,2796.6000000000004,2917.2000000000003,2726.8,2796.6952380952384,12.557515181627105,2928.2455555555557,110.5335949775803
2014-09-11,2817.722222222222,1,3,11,9,3,254,37,2014,0.43388373911755823,-0.900968867902419,-0.9417589340994617,-0.33628873017668287,-1.0,-1.8369701987210297e-16,2814.5333333333333,2784.2000000000003,2841.3500000000004,2835.8,2801.484126984127,13.364230954991424,2927.4579629629634,111.25592638448222
2014-09-12,2820.911111111111,1,4,12,9,3,255,37,2014,-0.433883739117558,-0.9009688679024191,-0.9474042892438845,-0.32003923622313857,-1.0,-1.8369701987210297e-16,2817.722222222222,2777.4,2765.5000000000005,2618.0000000000005,2807.7000000000003,9.98765081110179,2929.3050000000003,108.90965205513604
2014-09-13,2824.1,0,5,13,9,3,256,37,2014,-0.9749279121818236,-0.2225209339563146,-0.9527692922168511,-0.30369503751065885,-1.0,-1.8369701987210297e-16,2820.911111111111,2795.4,2837.7,2723.5000000000005,2811.7999999999997,9.987650811104956,2928.851666666667,109.33159111856884
2014-09-14,2747.3,0,6,14,9,3,257,37,2014,-0.7818314824680299,0.6234898018587334,-0.9578523554276669,-0.28726097055059635,-1.0,-1.8369701987210297e-16,2824.1,2798.588888888889,2905.0,2829.000000000001,2804.473015873016,26.484091705452915,2923.5950000000003,114.20061552650606
2014-09-15,2828.6000000000004,0,0,15,9,3,258,38,2014,0.0,1.0,-0.9626519747161487,-0.2707418984477642,-1.0,-1.8369701987210297e-16,2747.3,2801.777777777778,2972.2999999999997,2934.500000000001,2808.304761904762,27.930013103853316,2918.8050000000003,115.09743803319542
2014-09-16,2882.1000000000004,0,1,16,9,3,259,38,2014,0.7818314824680298,0.6234898018587336,-0.9671667297977312,-0.2541427094613622,-1.0,-1.8369701987210297e-16,2828.6000000000004,2804.9666666666667,2991.2,2893.2,2819.3238095238094,39.29625131525039,2915.1683333333335,114.45291874662414
2014-09-17,2909.9000000000005,0,2,17,9,3,260,38,2014,0.9749279121818236,-0.22252093395631434,-0.97139528468375,-0.23746831555846842,-1.0,-1.8369701987210297e-16,2882.1000000000004,2814.5333333333333,2977.625,2886.1000000000004,2832.9476190476194,51.876475918039326,2912.910833333334,113.84482460887185
2014-09-18,2964.8,0,3,18,9,3,261,38,2014,0.43388373911755823,-0.900968867902419,-0.9753363880767837,-0.2207236509605022,-1.0,-1.8369701987210297e-16,2909.9000000000005,2817.722222222222,2964.05,2894.75,2853.9587301587303,70.95771351716941,2912.9358333333334,113.85652361430651
2014-09-19,3038.399999999999,0,4,19,9,3,262,38,2014,-0.433883739117558,-0.9009688679024191,-0.9789888737409319,-0.20391367068311472,-1.0,-1.8369701987210297e-16,2964.8,2820.911111111111,2950.475000000001,2903.4,2885.0285714285715,96.93560945779267,2915.866666666667,115.96823371212908
2014-09-20,3002.0,0,5,20,9,3,263,38,2014,-0.9749279121818236,-0.2225209339563146,-0.9823516608469237,-0.18704334906991657,-1.0,-1.8369701987210297e-16,3038.399999999999,2824.1,2936.900000000001,2833.3,2910.4428571428575,101.51181962614604,2918.036666666667,116.9800437856992
2014-09-21,3005.75,1,6,21,9,3,264,38,2014,-0.7818314824680299,0.6234898018587334,-0.9854237542919524,-0.17011767832049052,-1.0,-1.8369701987210297e-16,3002.0,2747.3,3004.7000000000003,2932.6,2947.3642857142863,76.10673817238721,2918.071666666667,117.00702122006932
2014-09-22,3009.4999999999995,0,0,22,9,3,265,39,2014,0.0,1.0,-0.9882042449941422,-0.15314166701312007,-1.0,-1.8369701987210297e-16,3005.75,2828.6000000000004,3020.9999999999995,2969.2999999999997,2973.2071428571426,57.49540871941072,2917.6883333333335,116.67655519441396
2014-09-23,3032.8,0,1,23,9,3,266,39,2014,0.7818314824680298,0.6234898018587336,-0.9906923101615609,-0.13612033862266704,-1.0,-1.8369701987210297e-16,3009.4999999999995,2882.1000000000004,3086.100000000001,2997.499999999998,2994.7357142857145,44.423667812413115,2915.911666666667,114.40741587806792
2014-09-24,3061.0,0,2,24,9,3,267,39,2014,0.9749279121818236,-0.22252093395631434,-0.9928872135356962,-0.11905873003404988,-1.0,-1.8369701987210297e-16,3032.8,2909.9000000000005,3103.5,3040.3,3016.3214285714284,31.01889017392829,2914.4950000000003,112.2472149661955
2014-09-25,3060.6200000000003,1,3,25,9,3,268,39,2014,0.43388373911755823,-0.900968867902419,-0.994788305609327,-0.10196189005174576,-1.0,-1.8369701987210297e-16,3061.0,2964.8,3086.1,3038.6,3030.0099999999998,25.064238135971863,2913.645666666667,110.99336409940952
2014-09-26,3060.2400000000002,1,4,26,9,3,269,39,2014,-0.433883739117558,-0.9009688679024191,-0.9963950238187231,-0.08483487790576538,-1.0,-1.8369701987210297e-16,3060.6200000000003,3038.399999999999,3068.7000000000003,2993.1000000000004,3033.13,27.521555794263335,2913.3636666666666,110.59586977213847
2014-09-27,3059.8600000000006,1,5,27,9,3,270,39,2014,-0.9749279121818236,-0.2225209339563146,-0.9977068927101168,-0.06768276175455162,-1.0,-1.8369701987210297e-16,3060.2400000000002,3002.0,3051.3,2903.4,3041.3957142857143,25.205085371308492,2913.6490000000003,110.97440635078293
2014-09-28,3059.4800000000005,1,6,28,9,3,271,39,2014,-0.7818314824680299,0.6234898018587334,-0.9987235240803972,-0.050510617185222886,-1.0,-1.8369701987210297e-16,3059.8600000000006,3005.75,3076.8000000000006,2892.1,3049.0714285714284,20.231107589287525,2913.071666666667,110.13826411238873
2014-09-29,3059.100000000001,0,0,29,9,3,272,40,2014,0.0,1.0,-0.9994446170919858,-0.033323525711631344,-1.0,-1.8369701987210297e-16,3059.4800000000005,3009.4999999999995,3019.9,2974.9,3056.1571428571433,10.31995754900264,2914.3783333333336,111.671229189021
2014-09-30,3077.5,0,1,30,9,3,273,40,2014,0.7818314824680298,0.6234898018587336,-0.9998699583618592,-0.016126573270657762,-1.0,-1.8369701987210297e-16,3059.100000000001,3032.8,2964.4,2991.100000000001,3062.5428571428574,6.627331575626134,2918.1483333333335,115.26933429402145
2014-10-01,3059.3,0,2,1,10,4,274,40,2014,0.9749279121818236,-0.22252093395631434,-0.9999994220246925,0.001075151282798226,-0.8660254037844386,0.5000000000000001,3077.5,3061.0,2913.3,3011.2000000000003,3062.3,6.723739039435679,2923.015,118.10476307402165
2014-10-02,3025.9500000000007,1,3,2,10,4,275,40,2014,0.43388373911755823,-0.900968867902419,-0.999832969770105,0.018276557681691223,-0.8660254037844386,0.5000000000000001,3059.3,3060.6200000000003,2935.999999999999,2989.9,3057.3471428571434,15.37333483058351,2926.013333333334,119.57837145556968
2014-10-03,2992.600000000001,0,4,3,10,4,276,40,2014,-0.433883739117558,-0.9009688679024191,-0.9993706508539969,0.03547255575312556,-0.8660254037844386,0.5000000000000001,3025.9500000000007,3060.2400000000002,2796.6000000000004,2998.0,3047.684285714286,28.717778382766628,2932.546666666667,117.60190895105292
2014-10-04,3044.1000000000004,0,5,4,10,4,277,40,2014,-0.9749279121818236,-0.2225209339563146,-0.9986126020839734,0.052658056924614005,-0.8660254037844386,0.5000000000000001,2992.600000000001,3059.8600000000006,2784.2000000000003,2865.6000000000004,3045.4328571428573,28.217551697712977,2941.21,115.85690832799989
2014-10-05,3059.7000000000003,0,6,5,10,4,278,40,2014,-0.7818314824680299,0.6234898018587334,-0.9975590477788613,0.06982797572987089,-0.8660254037844386,0.5000000000000001,3044.1000000000004,3059.4800000000005,2777.4,2845.1,3045.4642857142862,28.235921481480677,2950.6200000000003,113.5343779035376
2014-10-06,3096.2,0,0,6,10,4,279,41,2014,0.0,1.0,-0.9962102997023297,0.0869772313136861,-0.8660254037844386,0.5000000000000001,3059.7000000000003,3059.100000000001,2795.4,2881.7000000000003,3050.764285714286,34.095829587234135,2960.6466666666665,112.63242943906344
2014-10-07,3062.499999999999,0,1,7,10,4,280,41,2014,0.7818314824680298,0.6234898018587336,-0.9945667569706337,0.1041007489354256,-0.8660254037844386,0.5000000000000001,3096.2,3077.5,2798.588888888889,2897.9,3048.621428571428,32.57283962070202,2969.4437037037037,109.80949067596532
2014-10-08,2992.1,0,2,8,10,4,281,41,2014,0.9749279121818236,-0.22252093395631434,-0.9926289059345095,0.121193461470736,-0.8660254037844386,0.5000000000000001,3062.499999999999,3059.3,2801.777777777778,2934.3,3039.0214285714287,38.30025954162579,2975.787777777778,105.18942352145099
2014-10-09,3004.4,0,3,9,10,4,282,41,2014,0.43388373911755823,-0.900968867902419,-0.9903973200352558,0.1382503109109819,-0.8660254037844386,0.5000000000000001,2992.1,3025.9500000000007,2804.9666666666667,2920.0,3035.942857142857,40.337941492012405,2982.4355555555553,100.20541808261852
2014-10-10,3013.7999999999997,0,4,10,10,4,283,41,2014,-0.433883739117558,-0.9009688679024191,-0.9878726596350429,0.15526624985999563,-0.8660254037844386,0.5000000000000001,3004.4,2992.600000000001,2814.5333333333333,2813.5000000000005,3038.971428571429,37.21647100799924,2989.077777777778,95.16983860934347
2014-10-11,2967.45,1,5,11,10,4,284,41,2014,-0.9749279121818236,-0.2225209339563146,-0.9850556718215013,0.172236243027682,-0.8660254037844386,0.5000000000000001,3013.7999999999997,3044.1000000000004,2817.722222222222,2719.8,3028.0214285714283,45.753122453982876,2994.0687037037037,89.63900808642676
2014-10-12,2921.1,1,6,12,10,4,285,41,2014,-0.7818314824680299,0.6234898018587334,-0.981947190186646,0.18915526872004093,-0.8660254037844386,0.5000000000000001,2967.45,3059.7000000000003,2820.911111111111,2801.3000000000006,3008.2214285714285,58.086816183097675,2997.4083333333333,84.69533379172911
2014-10-13,2874.75,1,0,13,10,4,286,42,2014,0.0,1.0,-0.9785481345802031,0.20601832032517084,-0.8660254037844386,0.5000000000000001,2921.1,3096.2,2824.1,2848.2,2976.585714285714,62.33395753445908,2999.096666666667,81.56855835825554
2014-10-14,2828.4,0,1,14,10,4,287,42,2014,0.7818314824680298,0.6234898018587336,-0.9748595108374125,0.22282040779479959,-0.8660254037844386,0.5000000000000001,2874.75,3062.499999999999,2747.3,2817.6000000000004,2943.1428571428573,70.78359289985382,3001.8,73.92120968558203
2014-10-15,2831.1,0,2,15,10,4,288,42,2014,0.9749279121818236,-0.22252093395631434,-0.9708824104813836,0.23955655912092708,-0.8660254037844386,0.5000000000000001,2828.4,2992.1,2828.6000000000004,2794.5750000000003,2920.1428571428573,78.01250128758448,3001.883333333333,73.72036018460307
2014-10-16,2868.0,0,3,16,10,4,289,42,2014,0.43388373911755823,-0.900968867902419,-0.9666180104000972,0.2562218218071163,-0.8660254037844386,0.5000000000000001,2831.1,3004.4,2882.1000000000004,2771.55,2900.6571428571433,70.09215617417678,3001.4133333333334,74.55063696082584
2014-10-17,2873.6,0,4,17,10,4,290,42,2014,-0.433883739117558,-0.9009688679024191,-0.9620675724981452,0.27281126433401914,-0.8660254037844386,0.5000000000000001,2868.0,3013.7999999999997,2909.9000000000005,2748.525,2880.628571428572,49.32923285728112,3000.203333333333,76.35980204149679
2014-10-18,2824.0,0,5,18,10,4,291,42,2014,-0.9749279121818236,-0.2225209339563146,-0.957232443323312,0.28931997761869527,-0.8660254037844386,0.5000000000000001,2873.6,2967.45,2964.8,2725.5,2860.1357142857146,34.95085495244306,2995.51,82.67659448636316
2014-10-19,2759.7000000000003,0,6,19,10,4,292,42,2014,-0.7818314824680299,0.6234898018587334,-0.9521140536681102,0.3057430764672831,-0.8660254037844386,0.5000000000000001,2824.0,2921.1,3038.399999999999,2801.8000000000006,2837.078571428571,40.78120336160718,2986.2200000000003,92.73708479649417
2014-10-20,2838.499999999999,0,0,20,10,4,293,43,2014,0.0,1.0,-0.9467139181463862,0.3220757010206104,-0.8660254037844386,0.5000000000000001,2759.7000000000003,2874.75,3002.0,2817.4,2831.9,37.358176258149854,2980.77,96.50548581870287
2014-10-21,2876.5999999999995,0,1,21,10,4,294,43,2014,0.7818314824680298,0.6234898018587336,-0.9410336347451197,0.3383130181923076,-0.8660254037844386,0.5000000000000001,2838.499999999999,2828.4,3005.75,2730.3,2838.785714285714,40.88143134203048,2976.4649999999997,98.218151414297
2014-10-22,2812.5599999999995,1,2,22,10,4,295,43,2014,0.9749279121818236,-0.22252093395631434,-0.9350748843515574,0.3544502230989869,-0.8660254037844386,0.5000000000000001,2876.5999999999995,2831.1,3009.4999999999995,2766.8,2836.1371428571424,42.04632751078926,2969.900333333333,102.4254220020558
2014-10-23,2748.5199999999995,1,3,23,10,4,296,43,2014,0.43388373911755823,-0.900968867902419,-0.9288394302558068,0.3704825404820963,-0.8660254037844386,0.5000000000000001,2812.5599999999995,2868.0,3032.8,2728.6,2819.068571428571,50.38109944169432,2960.4243333333334,109.32348262376581
2014-10-24,2684.48,1,4,24,10,4,297,43,2014,-0.433883739117558,-0.9009688679024191,-0.9223291176290545,0.3864052261209853,-0.8660254037844386,0.5000000000000001,2748.5199999999995,2873.6,3061.0,2735.5000000000005,2792.051428571428,64.88509829655476,2947.8736666666664,118.59832601840576
2014-10-25,2620.44,1,5,25,10,4,298,43,2014,-0.9749279121818236,-0.2225209339563146,-0.9155458729775467,0.40221356823680365,-0.8660254037844386,0.5000000000000001,2684.48,2824.0,3060.6200000000003,2706.3000000000006,2762.9714285714285,89.2288278208705,2933.201,130.77274063071826
2014-10-26,2556.4,0,6,26,10,4,299,43,2014,-0.7818314824680299,0.6234898018587334,-0.9084917035725082,0.41790288888678667,-0.8660254037844386,0.5000000000000001,2620.44,2759.7000000000003,3060.2400000000002,2775.5,2733.928571428571,118.69241922276623,2916.406333333333,145.4270811825102
2014-10-27,2659.8,0,0,27,10,4,300,44,2014,0.0,1.0,-0.9011686968561569,0.4334685453485363,-0.8660254037844386,0.5000000000000001,2556.4,2838.499999999999,3059.8600000000006,2784.8000000000006,2708.4,111.4489778628181,2903.0709999999995,150.08675246164367
2014-10-28,2708.5999999999995,0,1,28,10,4,301,44,2014,0.7818314824680298,0.6234898018587336,-0.8935790198239952,0.4489059314938798,-0.8660254037844386,0.5000000000000001,2659.8,2876.5999999999995,3059.4800000000005,2768.7,2684.4,83.86700582867314,2891.375,151.1457696431969
2014-10-29,2728.7000000000007,0,2,29,10,4,302,44,2014,0.9749279121818236,-0.22252093395631434,-0.8857249183835637,0.4642104791518923,-0.8660254037844386,0.5000000000000001,2708.5999999999995,2812.5599999999995,3059.100000000001,2812.6000000000004,2672.4199999999996,66.75191582768697,2880.361666666666,150.5391393048447
2014-10-30,2758.5,0,3,30,10,4,303,44,2014,0.43388373911755823,-0.900968867902419,-0.8776087166898392,0.4793776594606945,-0.8660254037844386,0.5000000000000001,2728.7000000000007,2748.5199999999995,3077.5,2723.5000000000005,2673.8457142857146,68.72558641853404,2869.728333333333,147.36696530309413
2014-10-31,2802.899999999999,0,4,31,10,4,304,44,2014,-0.433883739117558,-0.9009688679024191,-0.8692328164574792,0.49440298420761813,-0.8660254037844386,0.5000000000000001,2758.5,2684.48,3059.3,2695.1000000000004,2690.7628571428572,84.53582075354954,2861.1816666666664,143.37446694927277
2014-11-01,2770.3,0,5,1,11,4,305,44,2014,-0.9749279121818236,-0.2225209339563146,-0.8605996962501181,0.5092820071573356,-0.5000000000000004,0.8660254037844384,2802.899999999999,2620.44,3025.9500000000007,2666.7000000000003,2712.171428571429,82.71476519311796,2852.6599999999994,140.81820084653367
2014-11-02,2702.2,0,6,2,11,4,306,44,2014,-0.7818314824680299,0.6234898018587334,-0.8517119107469189,0.5240103253675756,-0.5000000000000004,0.8660254037844384,2770.3,2556.4,2992.600000000001,2638.3,2733.0,48.0421342850952,2842.98,140.8480645087518
2014-11-03,2778.8,0,0,3,11,4,307,45,2014,0.0,1.0,-0.8425720899866032,0.5385835804920232,-0.5000000000000004,0.8660254037844384,2702.2,2659.8,3044.1000000000004,2609.9,2750.0,37.78156516963383,2834.1366666666663,136.0312873071344
2014-11-04,2802.2,0,1,4,11,4,308,45,2014,0.7818314824680298,0.6234898018587336,-0.8331829385891785,0.5529974600700271,-0.5000000000000004,0.8660254037844384,2778.8,2708.5999999999995,3059.7000000000003,2700.399999999999,2763.371428571429,37.24691102565581,2825.553333333333,129.2633969134669
2014-11-05,2822.5000000000005,0,2,5,11,4,309,45,2014,0.9749279121818236,-0.22252093395631434,-0.8235472349556007,0.5672476988027229,-0.5000000000000004,0.8660254037844384,2802.2,2728.7000000000007,3096.2,2721.0,2776.7714285714287,39.49927063824426,2816.43,118.73244276741072
2014-11-06,2844.4000000000005,0,3,6,11,4,310,45,2014,0.43388373911755823,-0.900968867902419,-0.8136678304455991,0.5813300798152042,-0.5000000000000004,0.8660254037844384,2822.5000000000005,2758.5,3062.499999999999,2758.4000000000005,2789.0428571428574,45.728942590849364,2809.1600000000003,109.4611700952437
2014-11-07,2850.8000000000006,0,4,7,11,4,311,45,2014,-0.433883739117558,-0.9009688679024191,-0.8035476485339116,0.5952404359043674,-0.5000000000000004,0.8660254037844384,2844.4000000000005,2802.899999999999,2992.1,2736.7000000000003,2795.8857142857146,51.38250119031295,2804.45,104.23316170969369
2014-11-08,2851.8,0,5,8,11,4,312,45,2014,-0.9749279121818236,-0.2225209339563146,-0.7931896839451843,0.6089746507720486,-0.5000000000000004,0.8660254037844384,2850.8000000000006,2770.3,3004.4,2668.9,2807.5285714285715,53.79568490396701,2799.3633333333337,97.65488187500974
2014-11-09,2788.7,0,6,9,11,4,313,45,2014,-0.7818314824680299,0.6234898018587334,-0.7825970017677834,0.6225286602431057,-0.5000000000000004,0.8660254037844384,2851.8,2702.2,3013.7999999999997,2716.2,2819.8857142857146,30.428518891100314,2791.86,88.86243242535505
2014-11-10,2835.3,0,0,10,11,4,314,46,2014,0.0,1.0,-0.7717727365467837,0.6358984534680745,-0.5000000000000004,0.8660254037844384,2788.7,2778.8,2967.45,2711.6,2827.957142857143,24.660687821122842,2787.4550000000004,82.93588918867562
2014-11-11,2870.6,0,1,11,11,4,315,46,2014,0.7818314824680298,0.6234898018587336,-0.7607200913564104,0.6490800741100398,-0.5000000000000004,0.8660254037844384,2835.3,2802.2,2921.1,2672.2,2837.7285714285713,26.253616530943116,2785.7716666666665,80.60965682216698
2014-11-12,2840.4,0,2,12,11,4,316,46,2014,0.9749279121818236,-0.22252093395631434,-0.7494423368521953,0.6620696215153815,-0.5000000000000004,0.8660254037844384,2870.6,2822.5000000000005,2874.75,2646.5000000000005,2840.285714285714,25.380335470061848,2784.6266666666666,79.53905279508456
2014-11-13,2820.9000000000005,0,3,13,11,4,317,46,2014,0.43388373911755823,-0.900968867902419,-0.7379428103031386,0.6748632518680403,-0.5000000000000004,0.8660254037844384,2840.4,2844.4000000000005,2828.4,2667.2,2836.9285714285716,26.28356357663733,2784.3766666666666,79.40840346102485
2014-11-14,2773.1,0,4,14,11,4,318,46,2014,-0.433883739117558,-0.9009688679024191,-0.7262249146041543,0.6874571793269664,-0.5000000000000004,0.8660254037844384,2820.9000000000005,2850.8000000000006,2831.1,2628.0999999999995,2825.828571428571,34.55467716948109,2782.4433333333336,78.9362688517065
2014-11-15,2743.7000000000003,0,5,15,11,4,319,46,2014,-0.9749279121818236,-0.2225209339563146,-0.7142921172691032,0.699847677146407,-0.5000000000000004,0.8660254037844384,2773.1,2851.8,2868.0,2568.7999999999997,2810.3857142857146,43.90400242088021,2778.3,77.54046507557786
2014-11-16,2662.2000000000003,0,6,16,11,4,320,46,2014,-0.7818314824680299,0.6234898018587334,-0.7021479494046978,0.7120310787787131,-0.5000000000000004,0.8660254037844384,2743.7000000000003,2788.7,2873.6,2661.2000000000003,2792.3142857142857,71.61013495708919,2771.2533333333336,78.18427451609512
2014-11-17,2739.8,0,0,17,11,4,321,47,2014,0.0,1.0,-0.6897960046655887,0.7240037789593305,-0.5000000000000004,0.8660254037844384,2662.2000000000003,2835.3,2824.0,2696.0,2778.671428571429,71.15142805514674,2768.446666666667,77.73549818557687
2014-11-18,2767.5000000000005,0,1,18,11,4,322,47,2014,0.7818314824680298,0.6234898018587336,-0.6772399381909491,0.7357622347736527,-0.5000000000000004,0.8660254037844384,2739.8,2870.6,2759.7000000000003,2713.9999999999995,2763.942857142857,58.49583623766553,2768.7066666666665,77.71827696695
2014-11-19,2765.3,0,2,19,11,4,323,47,2014,0.9749279121818236,-0.22252093395631434,-0.6644834655228552,0.7473029667054297,-0.5000000000000004,0.8660254037844384,2767.5000000000005,2840.4,2838.499999999999,2733.4,2753.2142857142862,48.098871385639534,2766.266666666667,76.59244463203626
2014-11-20,2800.2000000000003,0,3,20,11,4,324,47,2014,0.43388373911755823,-0.900968867902419,-0.6515303615068021,0.75862255966641,-0.5000000000000004,0.8660254037844384,2765.3,2820.9000000000005,2876.5999999999995,2723.1,2750.257142857143,43.67702894135196,2763.7200000000003,74.02449175313014
2014-11-21,2797.6,0,4,21,11,4,325,47,2014,-0.433883739117558,-0.9009688679024191,-0.6383844591746642,0.769717664006921,-0.5000000000000004,0.8660254037844384,2800.2000000000003,2773.1,2812.5599999999995,2677.8000000000006,2753.757142857143,46.69028653953325,2763.2213333333334,73.73395436124399
2014-11-22,2797.1000000000004,0,5,22,11,4,326,47,2014,-0.9749279121818236,-0.2225209339563146,-0.6250496486104377,0.7805849965070866,-0.5000000000000004,0.8660254037844384,2797.6,2743.7000000000003,2748.5199999999995,2665.2000000000007,2761.3857142857146,49.074753474392004,2764.8406666666665,73.93313670464279
2014-11-23,2695.3,0,6,23,11,4,327,47,2014,-0.7818314824680299,0.6234898018587334,-0.6115298757991053,0.7912213413483807,-0.5000000000000004,0.8660254037844384,2797.1000000000004,2662.2000000000003,2684.48,2652.6000000000004,2766.1142857142863,38.347074141830575,2765.2013333333334,73.55301103722793
2014-11-24,2788.399999999999,0,0,24,11,4,328,48,2014,0.0,1.0,-0.5978291414589552,0.801623551065242,-0.5000000000000004,0.8660254037844384,2695.3,2739.8,2620.44,2640.0,2773.057142857143,37.170277424449324,2770.8,68.36345565405864
2014-11-25,2816.3,0,1,25,11,4,329,48,2014,0.7818314824680298,0.6234898018587336,-0.5839514998576998,0.8117885474764613,-0.5000000000000004,0.8660254037844384,2788.399999999999,2767.5000000000005,2556.4,2627.4,2780.0285714285715,40.391076336489306,2779.4633333333336,55.51781002420782
2014-11-26,2833.3,0,2,26,11,4,330,48,2014,0.9749279121818236,-0.22252093395631434,-0.5699010576127624,0.821713322596059,-0.5000000000000004,0.8660254037844384,2816.3,2765.3,2659.8,2648.9000000000005,2789.742857142857,44.25113396449849,2785.246666666667,51.515064641874176
2014-11-27,2831.9,0,3,27,11,4,331,48,2014,0.43388373911755823,-0.900968867902419,-0.5556819724760489,0.8313949395234058,-0.5000000000000004,0.8660254037844384,2833.3,2800.2000000000003,2708.5999999999995,2654.5,2794.2714285714287,47.034197285452656,2789.3566666666666,50.087961822570236
2014-11-28,2813.9,0,4,28,11,4,332,48,2014,-0.433883739117558,-0.9009688679024191,-0.5412984521036173,0.8408305333122887,-0.5000000000000004,0.8660254037844384,2831.9,2797.6,2728.7000000000007,2653.3000000000006,2796.6,47.626218269644845,2792.196666666667,48.932215488803706
2014-11-29,2813.4999999999995,0,5,29,11,4,333,48,2014,-0.9749279121818236,-0.2225209339563146,-0.5267547528105542,0.8500173118187018,-0.5000000000000004,0.8660254037844384,2813.9,2797.1000000000004,2758.5,2614.9999999999995,2798.9428571428575,48.056350851308494,2794.03,48.65573042764159
2014-11-30,2741.7000000000003,0,6,30,11,4,334,48,2014,-0.7818314824680299,0.6234898018587334,-0.5120551783114646,0.8589525565270845,-0.5000000000000004,0.8660254037844384,2813.4999999999995,2695.3,2802.899999999999,2672.1000000000004,2805.5714285714284,31.84288064262247,2791.9900000000002,49.54584327878513
2014-12-01,2780.6,0,0,1,12,4,335,49,2014,0.0,1.0,-0.4972040784469378,0.8676336233547726,-2.4492935982947064e-16,1.0,2741.7000000000003,2788.399999999999,2770.3,2716.7,2804.457142857143,32.66965243888329,2792.3333333333335,49.4258994883141
2014-12-02,2809.2,0,1,2,12,4,336,49,2014,0.7818314824680298,0.6234898018587336,-0.4822058478963526,0.8760579434344281,-2.4492935982947064e-16,1.0,2780.6,2816.3,2702.2,2714.7,2803.4428571428575,32.34933575532514,2795.9000000000005,46.46967865696749
2014-12-03,2822.2000000000003,0,2,3,12,4,337,49,2014,0.9749279121818236,-0.22252093395631434,-0.46706492487743034,0.8842230238742036,-2.4492935982947064e-16,1.0,2809.2,2833.3,2778.8,2699.3,2801.8571428571427,30.88056870931535,2797.346666666667,46.59435908830214
2014-12-04,2854.300000000001,0,3,4,12,4,338,49,2014,0.43388373911755823,-0.900968867902419,-0.451785789832884,0.8921264484954345,-2.4492935982947064e-16,1.0,2822.2000000000003,2831.9,2802.2,2686.1,2805.057142857143,35.34981646077926,2799.083333333334,47.738382470697765
2014-12-05,2816.1,0,4,5,12,4,339,49,2014,-0.433883739117558,-0.9009688679024191,-0.4363729641045924,0.8997658785476209,-2.4492935982947064e-16,1.0,2854.300000000001,2813.9,2822.5000000000005,2683.7000000000003,2805.371428571428,35.45117366586009,2798.8700000000003,47.644337145856554
2014-12-06,2830.1000000000004,0,5,6,12,4,340,49,2014,-0.9749279121818236,-0.2225209339563146,-0.42083100859565564,0.9071390534005044,-2.4492935982947064e-16,1.0,2816.1,2813.4999999999995,2844.4000000000005,2582.7,2807.7428571428572,36.62143530517063,2798.3933333333334,47.24295921511879
2014-12-07,2766.4,0,6,7,12,4,341,49,2014,-0.7818314824680299,0.6234898018587334,-0.4051645224207563,0.9142437912130223,-2.4492935982947064e-16,1.0,2830.1000000000004,2741.7000000000003,2850.8000000000006,2668.6000000000004,2811.2714285714287,29.741089101673438,2795.58,46.522033341266976
2014-12-08,2840.9,0,0,8,12,4,342,50,2014,0.0,1.0,-0.3893781415452015,0.9210779895789526,-2.4492935982947064e-16,1.0,2766.4,2780.6,2851.8,2713.0,2819.8857142857146,28.062040111856337,2795.2166666666667,46.10854572099194
2014-12-09,2898.2,0,1,9,12,4,343,50,2014,0.7818314824680298,0.6234898018587336,-0.37347653741307074,0.9276396261490467,-2.4492935982947064e-16,1.0,2840.9,2809.2,2788.7,2735.8,2832.6,40.02549187706995,2798.866666666667,49.76405248308567
2014-12-10,2867.8,0,2,10,12,4,344,50,2014,0.9749279121818236,-0.22252093395631434,-0.3574644155648614,0.9339267592294762,-2.4492935982947064e-16,1.0,2898.2,2822.2000000000003,2835.3,2738.8,2839.1142857142854,41.7254290400093,2799.95,50.924750096714995
2014-12-11,2864.5,0,3,11,12,4,345,50,2014,0.43388373911755823,-0.900968867902419,-0.34134651424503615,0.9399375283564133,-2.4492935982947064e-16,1.0,2867.8,2854.300000000001,2870.6,2723.5000000000005,2840.5714285714284,42.514770542567184,2799.746666666667,50.644336125654526
2014-12-12,2821.6000000000004,0,4,12,12,4,346,50,2014,-0.433883739117558,-0.9009688679024191,-0.3251276029999093,0.9456701548465688,-2.4492935982947064e-16,1.0,2864.5,2816.1,2840.4,2732.5000000000005,2841.3571428571436,42.035257310313696,2799.12,50.238640163884995
2014-12-13,2705.4,0,5,13,12,4,347,50,2014,-0.9749279121818236,-0.2225209339563146,-0.30881248126625377,0.9511229423235357,-2.4492935982947064e-16,1.0,2821.6000000000004,2830.1000000000004,2820.9000000000005,2656.5000000000005,2823.542857142857,66.75572028281566,2795.27,52.86877150075512
2014-12-14,2529.9999999999995,0,6,14,12,4,348,50,2014,-0.7818314824680299,0.6234898018587334,-0.29240597695107734,0.9562942772197719,-2.4492935982947064e-16,1.0,2705.4,2766.4,2773.1,2698.4000000000005,2789.7714285714287,130.16431556928444,2787.1666666666665,71.67090658400895
2014-12-15,2638.8,0,0,15,12,4,349,51,2014,0.0,1.0,-0.27591294500296043,0.9611826292540837,-2.4492935982947064e-16,1.0,2529.9999999999995,2840.9,2743.7000000000003,2734.1000000000004,2760.9,139.0442495514805,2783.67,76.27567131452703
2014-12-16,2695.4,0,1,16,12,4,350,51,2014,0.7818314824680298,0.6234898018587336,-0.2593382659754056,0.9657865518844574,-2.4492935982947064e-16,1.0,2638.8,2898.2,2662.2000000000003,2760.5,2731.9285714285716,126.20312614044059,2784.7766666666666,74.67660245366014
2014-12-17,2700.8,0,2,17,12,4,351,51,2014,0.9749279121818236,-0.22252093395631434,-0.2426868445825954,0.9701046827361175,-2.4492935982947064e-16,1.0,2695.4,2867.8,2739.8,2751.100000000001,2708.0714285714284,111.12093583548136,2783.476666666667,75.81732439330685
2014-12-18,2725.0,0,3,18,12,4,352,51,2014,0.43388373911755823,-0.900968867902419,-0.22596360824801906,0.974135744004672,-2.4492935982947064e-16,1.0,2700.8,2864.5,2767.5000000000005,2720.9999999999995,2688.1428571428573,88.62262422096414,2782.06,76.51995277320017
2014-12-19,2747.4,0,4,19,12,4,353,51,2014,-0.433883739117558,-0.9009688679024191,-0.20917350564635637,0.9778785428342386,-2.4492935982947064e-16,1.0,2725.0,2821.6000000000004,2765.3,2737.5000000000005,2677.542857142857,73.07290553830576,2781.463333333333,76.72465990006471
2014-12-20,2759.5000000000005,0,5,20,12,4,354,51,2014,-0.9749279121818236,-0.2225209339563146,-0.19232150523909483,0.9813319716704275,-2.4492935982947064e-16,1.0,2747.4,2705.4,2800.2000000000003,2693.5,2685.2714285714287,79.12093516227593,2780.1066666666666,76.74176102394608
2014-12-21,2699.4000000000005,0,6,21,12,4,355,51,2014,-0.7818314824680299,0.6234898018587334,-0.17541259380427843,0.9844950085880858,-2.4492935982947064e-16,1.0,2759.5000000000005,2529.9999999999995,2797.6,2722.4,2709.471428571429,39.89915263452586,2776.833333333334,78.05297640984449
2014-12-22,2751.8500000000004,1,0,22,12,4,356,52,2014,0.0,1.0,-0.15845177496083632,0.9873667175937016,-2.4492935982947064e-16,1.0,2699.4000000000005,2638.8,2797.1000000000004,2732.5333333333333,2725.621428571429,27.46934438521064,2775.325,78.08503846933527
2014-12-23,2804.3,0,1,23,12,4,357,52,2014,0.7818314824680298,0.6234898018587336,-0.14144406768794202,0.9899462489023779,-2.4492935982947064e-16,1.0,2751.8500000000004,2695.4,2695.3,2742.6666666666665,2741.1785714285716,36.76547131417475,2778.9583333333335,76.75766622762585
2014-12-24,2810.4,0,2,24,12,4,358,52,2014,0.9749279121818236,-0.22252093395631434,-0.12439450483979998,0.9922328391893008,-2.4492935982947064e-16,1.0,2804.3,2700.8,2788.399999999999,2752.7999999999997,2756.8357142857144,39.90687821131285,2779.691666666667,76.95581813872992
2014-12-25,2824.4999999999995,0,3,25,12,4,359,52,2014,0.43388373911755823,-0.900968867902419,-0.10730813165636247,0.9942258118156161,-2.4492935982947064e-16,1.0,2810.4,2725.0,2816.3,2785.6000000000004,2771.05,44.17007848458656,2779.9650000000006,77.10474643245232
2014-12-26,2829.3,0,4,26,12,4,360,52,2014,-0.433883739117558,-0.9009688679024191,-0.09019000427034513,0.9959245770286599,-2.4492935982947064e-16,1.0,2824.4999999999995,2747.4,2833.3,2767.1,2782.75,47.57710408730877,2779.8316666666665,77.0127401947095
2014-12-27,2835.6000000000004,0,5,27,12,4,361,52,2014,-0.9749279121818236,-0.2225209339563146,-0.07304518821104743,0.9973286321364752,-2.4492935982947064e-16,1.0,2829.3,2759.5000000000005,2831.9,2713.3,2793.621428571429,50.01121421861706,2779.9550000000004,77.10191234937048
2014-12-28,2746.7000000000003,0,6,28,12,4,362,52,2014,-0.7818314824680299,0.6234898018587334,-0.05587875690537313,0.9984375616565666,-2.4492935982947064e-16,1.0,2835.6000000000004,2699.4000000000005,2813.9,2653.3,2800.378571428572,36.54006770136669,2777.7149999999997,77.05787027091145
2014-12-29,2742.7578125000005,1,0,29,12,4,363,1,2014,0.0,1.0,-0.03869579017652689,0.9992510374388481,-2.4492935982947064e-16,1.0,2746.7000000000003,2751.8500000000004,2813.4999999999995,2614.899999999999,2799.0796875000005,38.65311372561075,2775.356927083333,77.0074267010635
2014-12-30,2738.815625,1,1,30,12,4,364,1,2014,0.7818314824680298,0.6234898018587336,-0.021501372740813793,0.999768818762748,-2.4492935982947064e-16,1.0,2742.7578125000005,2804.3,2741.7000000000003,2669.2000000000007,2789.7247767857143,44.63982580837065,2775.26078125,77.05268460562527
2014-12-31,2734.8734375000004,1,2,31,12,4,365,1,2014,0.9749279121818236,-0.22252093395631434,-0.004300592702981974,0.9999907524084426,-2.4492935982947064e-16,1.0,2738.815625,2810.4,2780.6,2716.8,2778.9352678571427,47.82362445355427,2773.7365625000007,77.39493499810577
2015-02-27,2506.2265625000005,1,4,27,2,1,58,9,2015,-0.433883739117558,-0.9009688679024191,0.8402480696078469,0.5422021592729844,0.8660254037844386,0.5000000000000001,2734.8734375000004,2824.4999999999995,2809.2,2718.3,2733.467633928572,109.19809777962124,2763.637447916667,91.15229472533447
2015-02-28,2502.2843750000006,1,5,28,2,1,59,9,2015,-0.9749279121818236,-0.2225209339563146,0.8494504794814806,0.527668345562516,0.8660254037844386,0.5000000000000001,2506.2265625000005,2829.3,2822.2000000000003,2694.7000000000003,2686.751116071429,129.44121760425577,2752.9735937500004,102.11855970035342
2015-03-01,2498.3421875000004,1,6,1,3,1,60,9,2015,-0.7818314824680299,0.6234898018587334,0.8584015232918917,0.512978386299228,1.0,6.123233995736766e-17,2502.2843750000006,2835.6000000000004,2854.300000000001,2692.5999999999995,2638.5714285714284,127.55595569180646,2741.108333333333,110.29183655750835
2015-03-02,2494.4000000000005,0,0,2,3,1,61,10,2015,0.0,1.0,0.8670985522812081,0.4981366284784055,1.0,6.123233995736766e-17,2498.3421875000004,2746.7000000000003,2816.1,2752.3999999999996,2602.528571428572,127.55595569180548,2730.3850000000007,118.1109855702572
2015-03-03,2657.9000000000005,0,1,3,3,1,62,10,2015,0.7818314824680298,0.6234898018587336,0.8755389928586302,0.4831474640149687,1.0,6.123233995736766e-17,2494.4000000000005,2742.7578125000005,2830.1000000000004,2812.2,2590.4060267857153,115.46730664632888,2724.645,117.2792877117293
2015-03-04,2682.5999999999995,0,2,4,3,1,63,10,2015,0.9749279121818236,-0.22252093395631434,0.8837203473619977,0.4680153284438345,1.0,6.123233995736766e-17,2657.9000000000005,2738.815625,2766.4,2805.3,2582.375223214286,104.89602521690566,2721.8516666666674,117.24844372551657
2015-03-05,2720.7000000000003,0,3,5,3,1,64,10,2015,0.43388373911755823,-0.900968867902419,0.8916401947968874,0.45274469960737107,1.0,6.123233995736766e-17,2682.5999999999995,2734.8734375000004,2840.9,2804.4,2580.350446428572,101.54506151055662,2717.8450000000003,115.07358192567497
2015-03-06,2653.9000000000005,1,4,6,3,1,65,10,2015,-0.433883739117558,-0.9009688679024191,0.8992961915530253,0.4373400963303323,1.0,6.123233995736766e-17,2720.7000000000003,2506.2265625000005,2898.2,2803.5,2601.4466517857145,98.88396786276174,2709.701666666667,110.42044555894022
2015-03-07,2587.100000000001,0,5,7,3,1,66,10,2015,-0.9749279121818236,-0.2225209339563146,0.9066860720977985,0.4218060770826634,1.0,6.123233995736766e-17,2653.9000000000005,2502.2843750000006,2867.8,2763.7,2613.5631696428577,89.45504815917265,2700.3450000000003,108.43673484618346
2015-03-08,2596.9999999999995,0,6,8,3,1,67,10,2015,-0.7818314824680299,0.6234898018587334,0.9138076496466615,0.40614723863057883,1.0,6.123233995736766e-17,2587.100000000001,2498.3421875000004,2864.5,2733.7,2627.6571428571433,74.85677117319722,2691.4283333333337,105.42939378226959
2015-03-09,2770.6,0,0,9,3,1,68,11,2015,0.0,1.0,0.9206588168102428,0.3903682146763026,1.0,6.123233995736766e-17,2596.9999999999995,2494.4000000000005,2821.6000000000004,2793.8,2667.1142857142854,65.06195582088358,2689.7283333333335,103.65429031585265
2015-03-10,2794.4,0,1,10,3,1,69,11,2015,0.7818314824680298,0.6234898018587336,0.9272375462179537,0.374473674486883,1.0,6.123233995736766e-17,2770.6,2657.9000000000005,2705.4,2822.4999999999995,2686.6142857142854,80.47085245751254,2692.695,105.3775917518132
2015-03-11,2827.4,0,2,11,3,1,70,11,2015,0.9749279121818236,-0.22252093395631434,0.9335418911179212,0.35846832151248087,1.0,6.123233995736766e-17,2794.4,2682.5999999999995,2529.9999999999995,2837.2,2707.3,96.31766885330086,2702.608333333333,103.51681807813185
2015-03-12,2841.5000000000005,0,3,12,3,1,71,11,2015,0.43388373911755823,-0.900968867902419,0.9395699859530622,0.342356891994542,1.0,6.123233995736766e-17,2827.4,2720.7000000000003,2638.8,2830.9,2724.557142857143,109.0932148385518,2709.365,105.79844736148794
2015-03-13,2826.1,0,4,13,3,1,72,11,2015,-0.433883739117558,-0.9009688679024191,0.945320046913132,0.3261441535642696,1.0,6.123233995736766e-17,2841.5000000000005,2653.9000000000005,2695.4,2855.2,2749.157142857143,109.91692100768907,2713.721666666667,107.87423314557203
2015-03-14,2746.5,0,5,14,3,1,73,11,2015,-0.9749279121818236,-0.2225209339563146,0.9507903724625832,0.3098349038318025,1.0,6.123233995736766e-17,2826.1,2587.100000000001,2700.8,2854.7,2771.9285714285716,84.26659508737882,2715.2450000000003,108.00805979806758
2015-03-15,2726.0,1,6,15,3,1,74,11,2015,-0.7818314824680299,0.6234898018587334,0.9559793438440766,0.2934339689665273,1.0,6.123233995736766e-17,2746.5,2596.9999999999995,2725.0,2799.0999999999995,2790.3571428571427,44.229132825293824,2715.2783333333336,108.01132844890375
2015-03-16,2705.5,0,0,16,3,1,75,12,2015,0.0,1.0,0.9608854255574977,0.27694620226893646,1.0,6.123233995736766e-17,2726.0,2770.6,2747.4,2834.3,2781.057142857143,54.68433222118951,2713.881666666667,107.85243097121366
2015-03-17,2767.4,0,1,17,3,1,76,12,2015,0.7818314824680298,0.6234898018587336,0.9655071658143364,0.2603764827344581,1.0,6.123233995736766e-17,2705.5,2794.4,2759.5000000000005,2787.7,2777.2000000000003,54.53836570098653,2714.145,107.97722596071138
2015-03-18,2825.3,0,2,18,3,1,77,12,2015,0.9749279121818236,-0.22252093395631434,0.969843196967294,0.24372971360968387,1.0,6.123233995736766e-17,2767.4,2827.4,2699.4000000000005,2759.2,2776.9,54.2210598691555,2718.3416666666667,109.81536497067161
2015-03-19,2900.1,0,3,19,3,1,78,12,2015,0.43388373911755823,-0.900968867902419,0.9738922359149924,0.22701082094141847,1.0,6.123233995736766e-17,2825.3,2841.5000000000005,2751.8500000000004,2825.8,2785.2714285714287,68.5006743102113,2723.2833333333338,114.60632743794841
2015-03-20,2888.8,0,4,20,3,1,79,12,2015,-0.433883739117558,-0.9009688679024191,0.9776530844816641,0.2102247521189836,1.0,6.123233995736766e-17,2900.1,2826.1,2804.3,2881.1000000000004,2794.2285714285717,78.14903953954719,2726.1,117.66371671565962
2015-03-21,2901.6000000000004,0,5,21,3,1,80,12,2015,-0.9749279121818236,-0.2225209339563146,0.981124629771712,0.19337647441020586,1.0,6.123233995736766e-17,2888.8,2746.5,2810.4,2891.9999999999995,2816.3857142857137,84.12061635080659,2729.14,121.0463389053031
2015-03-22,2847.9,0,6,22,3,1,81,12,2015,-0.7818314824680299,0.6234898018587334,0.984305844499033,0.17647097349152166,1.0,6.123233995736766e-17,2901.6000000000004,2726.0,2824.4999999999995,2699.0,2833.7999999999997,74.33980539837509,2729.9200000000005,121.75532626017774
2015-03-23,2972.6,0,0,23,3,1,82,13,2015,0.0,1.0,0.9871957872910085,0.15951325197263655,1.0,6.123233995736766e-17,2847.9,2705.5,2829.3,2761.4,2871.9571428571426,65.53779716426801,2734.696666666667,128.41730552296997
2015-03-24,3037.3,0,1,24,3,1,83,13,2015,0.7818314824680298,0.6234898018587336,0.9897936029670716,0.14250832791617088,1.0,6.123233995736766e-17,2972.6,2767.4,2835.6000000000004,2779.8,2910.514285714286,72.76756210867777,2741.42,138.74689492753598
2015-03-25,3075.8,0,2,25,3,1,84,13,2015,0.9749279121818236,-0.22252093395631434,0.992098522791769,0.12546123335273648,1.0,6.123233995736766e-17,3037.3,2825.3,2746.7000000000003,2797.500000000001,2946.3,84.52246249766479,2752.3900000000003,151.59408182754433
2015-03-26,3129.9999999999995,0,3,26,3,1,85,13,2015,0.43388373911755823,-0.900968867902419,0.9941098647022418,0.10837701279187609,1.0,6.123233995736766e-17,3075.8,2900.1,2742.7578125000005,2825.4999999999995,2979.1428571428573,105.6132544892555,2765.298072916667,166.49947565209519
2015-03-27,3059.1,0,4,27,3,1,86,13,2015,-0.433883739117558,-0.9009688679024191,0.9958270335100595,0.09126072172931188,1.0,6.123233995736766e-17,3129.9999999999995,2888.8,2738.815625,2833.1,3003.4714285714285,100.84072778870299,2775.97421875,174.80422901800955
2015-03-28,3040.0,0,5,28,3,1,87,13,2015,-0.9749279121818236,-0.2225209339563146,0.9972495210773451,0.07411742515094437,1.0,6.123233995736766e-17,3059.1,2901.6000000000004,2734.8734375000004,2760.3,3023.242857142857,90.58448831788255,2786.1451041666664,181.0939904213761
2015-03-29,2899.5,0,6,29,3,1,88,13,2015,-0.7818314824680299,0.6234898018587334,0.998376906467142,0.056952196034039754,1.0,6.123233995736766e-17,3040.0,2847.9,2506.2265625000005,2812.2,3030.6142857142854,74.63255385715561,2799.25421875,174.23680314358663
2015-03-30,2849.5999999999995,0,0,30,3,1,89,14,2015,0.0,1.0,0.9992088560679753,0.03977011384605572,1.0,6.123233995736766e-17,2899.5,2972.6,2502.2843750000006,2834.4000000000005,3013.0428571428565,100.54794639281577,2810.8314062500003,165.12462534888527
2015-03-31,2903.5999999999995,0,1,31,3,1,90,14,2015,0.7818314824680298,0.6234898018587336,0.9997451236925734,0.022576263041545485,1.0,6.123233995736766e-17,2849.5999999999995,3037.3,2498.3421875000004,2749.1,2993.942857142857,107.62202155605706,2824.3399999999997,154.94160768851788
2015-04-01,2909.8000000000006,0,2,1,4,2,91,14,2015,0.9749279121818236,-0.22252093395631434,0.9999855506507186,0.005375731557583884,0.8660254037844387,-0.4999999999999998,2903.5999999999995,3075.8,2494.4000000000005,2720.2999999999997,2970.2285714285713,104.83149517656916,2838.1866666666665,142.50121048084102
2015-04-02,2920.9,0,3,2,4,2,92,14,2015,0.43388373911755823,-0.900968867902419,0.9999300657962057,-0.011826390691832589,0.8660254037844387,-0.4999999999999998,2909.8000000000006,3129.9999999999995,2657.9000000000005,2745.1000000000004,2940.3571428571427,78.10050911365403,2846.9533333333334,139.0762423830956
2015-04-03,2858.1000000000004,0,4,3,4,2,93,14,2015,-0.433883739117558,-0.9009688679024191,0.9995786855478958,-0.029025013321975237,0.8660254037844387,-0.4999999999999998,2920.9,3059.1,2682.5999999999995,2778.5999999999995,2911.6428571428573,62.573872533284515,2852.803333333333,135.5715092725461
2015-04-04,2817.7,0,5,4,4,2,94,14,2015,-0.9749279121818236,-0.2225209339563146,0.9989315138848577,-0.046215046983708354,0.8660254037844387,-0.4999999999999998,2858.1000000000004,3040.0,2720.7000000000003,2741.3,2879.8857142857146,38.26013715657699,2856.036666666667,133.45239493033824
2015-04-05,2844.333333333333,1,6,5,4,2,95,14,2015,-0.7818314824680299,0.6234898018587334,0.9979887423155984,-0.06339140486951038,0.8660254037844387,-0.4999999999999998,2817.7,2899.5,2653.9000000000005,2800.1499999999996,2872.004761904762,39.216310989446434,2862.384444444445,127.92045173428
2015-04-06,2870.9666666666667,1,0,6,4,2,96,15,2015,0.0,1.0,0.9967506498213929,-0.08054900421874167,0.8660254037844387,-0.4999999999999998,2844.333333333333,2849.5999999999995,2587.100000000001,2858.999999999999,2875.057142857143,37.99429642523346,2871.8466666666664,116.87773406558615
2015-04-07,2897.6,0,1,7,4,2,97,15,2015,0.7818314824680298,0.6234898018587336,0.9952176027737294,-0.09768276782171598,0.8660254037844387,-0.4999999999999998,2870.9666666666667,2903.5999999999995,2596.9999999999995,2859.2,2874.2000000000003,37.30447297182536,2881.866666666667,104.75953892685845
2015-04-08,2915.0999999999995,0,2,8,4,2,98,15,2015,0.9749279121818236,-0.22252093395631434,0.9933900548258936,-0.11478762552212701,0.8660254037844387,-0.4999999999999998,2897.6,2909.8000000000006,2770.6,2765.4,2874.957142857143,38.1907042902043,2886.6833333333334,102.77032375371721
2015-04-09,2934.3,0,3,9,4,2,99,15,2015,0.43388373911755823,-0.900968867902419,0.9912685467787256,-0.13185851571739118,0.8660254037844387,-0.4999999999999998,2915.0999999999995,2920.9,2794.4,2787.8,2876.871428571428,41.10222319199659,2891.3466666666664,101.605928568691
2015-04-10,2967.8,0,4,10,4,2,100,15,2015,-0.433883739117558,-0.9009688679024191,0.9888537064205885,-0.1488903868564548,0.8660254037844387,-0.4999999999999998,2934.3,2858.1000000000004,2827.4,2798.2999999999997,2892.542857142857,52.174130507196416,2896.0266666666666,101.79222260258845
2015-04-11,2872.9,0,5,11,4,2,101,15,2015,-0.9749279121818236,-0.2225209339563146,0.986146248341595,-0.16587819893463143,0.8660254037844387,-0.4999999999999998,2967.8,2817.7,2841.5000000000005,2701.0,2900.4285714285716,42.19387101611878,2897.0733333333333,101.37279456997646
2015-04-12,2643.0000000000005,0,6,12,4,2,102,15,2015,-0.7818314824680299,0.6234898018587334,0.9831469737221499,-0.1828169249850199,0.8660254037844387,-0.4999999999999998,2872.9,2844.333333333333,2826.1,2704.45,2871.666666666667,106.46908784557394,2890.9700000000003,110.86110994085085
2015-04-13,2684.5,0,0,13,4,2,103,16,2015,0.0,1.0,0.9798567700958665,-0.1997015525660636,0.8660254037844387,-0.4999999999999998,2643.0000000000005,2870.9666666666667,2746.5,2707.9,2845.0285714285715,127.85261976570557,2888.9033333333336,114.17553513671042
2015-04-14,2689.6,0,1,14,4,2,104,16,2015,0.7818314824680298,0.6234898018587336,0.9762766110869321,-0.21652708524481437,0.8660254037844387,-0.4999999999999998,2684.5,2897.6,2726.0,2794.899999999999,2815.3142857142852,137.4114676021363,2887.69,116.14285039259805
2015-04-15,2759.8,0,2,15,4,2,105,16,2015,0.9749279121818236,-0.22252093395631434,0.9724075561219968,-0.23328854407545518,0.8660254037844387,-0.4999999999999998,2689.6,2915.0999999999995,2705.5,2808.8,2793.128571428572,131.00297343045483,2889.5,113.60094435957116
2015-04-16,2796.3,0,3,16,4,2,106,16,2015,0.43388373911755823,-0.900968867902419,0.9682507501166718,-0.2499809690726521,0.8660254037844387,-0.4999999999999998,2759.8,2934.3,2767.4,2834.9000000000005,2773.414285714286,115.70853366068569,2890.4633333333336,112.64837753685241
2015-04-17,2854.2000000000003,0,4,17,4,2,107,16,2015,-0.433883739117558,-0.9009688679024191,0.9638074231367307,-0.26659942067929354,0.8660254037844387,-0.4999999999999998,2796.3,2967.8,2825.3,2795.7,2757.1857142857148,88.72029885303917,2891.4266666666667,112.19456328472765
2015-04-18,2839.9,0,5,18,4,2,108,16,2015,-0.9749279121818236,-0.2225209339563146,0.9590788900341131,-0.28313898122818354,0.8660254037844387,-0.4999999999999998,2854.2000000000003,2872.9,2900.1,2756.4999999999995,2752.4714285714285,82.18275801095288,2889.4199999999996,112.57180853405421
2015-04-19,2912.7,1,6,19,4,2,109,16,2015,-0.7818314824680299,0.6234898018587334,0.9540665500578387,-0.2995947563972602,0.8660254037844387,-0.4999999999999998,2839.9,2643.0000000000005,2888.8,2813.9000000000005,2791.0,85.46157031087938,2890.2166666666667,112.6518108106861
2015-04-20,2985.5,0,0,20,4,2,110,17,2015,0.0,1.0,0.9487718864399473,-0.31596187665790293,0.8660254037844387,-0.4999999999999998,2912.7,2684.5,2901.6000000000004,2793.0000000000005,2834.0,97.78128655321352,2893.013333333334,113.97779228472115
2015-04-21,3006.15,1,1,21,4,2,111,17,2015,0.7818314824680298,0.6234898018587336,0.9431964659565866,-0.33223549871590435,0.8660254037844387,-0.4999999999999998,2985.5,2689.6,2847.9,2841.9999999999995,2879.221428571429,92.94846178189822,2898.288333333333,115.47011863634748
2015-04-22,3026.8,0,2,22,4,2,112,17,2015,0.9749279121818236,-0.22252093395631434,0.9373419384643772,-0.3484108069446808,0.8660254037844387,-0.4999999999999998,3006.15,2759.8,2972.6,2861.4,2917.3642857142854,90.52652794571856,2900.0950000000003,117.08561618013964
2015-04-23,2967.9666666666667,1,3,23,4,2,113,17,2015,0.43388373911755823,-0.900968867902419,0.9312100364121947,-0.3644830148102912,0.8660254037844387,-0.4999999999999998,3026.8,2796.3,3037.3,2859.0999999999995,2941.8880952380955,74.00949558340665,2897.7838888888887,114.94876190575012
2015-04-24,2909.1333333333337,1,4,24,4,2,114,17,2015,-0.433883739117558,-0.9009688679024191,0.9248025743285089,-0.38044736628785164,0.8660254037844387,-0.4999999999999998,2967.9666666666667,2854.2000000000003,3075.8,2849.4,2949.7357142857145,65.59599724449468,2892.228333333333,109.96809352221804
2015-04-25,2850.3,0,5,25,4,2,115,17,2015,-0.9749279121818236,-0.2225209339563146,0.9181214482844365,-0.39629913726891813,0.8660254037844387,-0.4999999999999998,2909.1333333333337,2839.9,3129.9999999999995,2768.4,2951.221428571429,62.749681063312046,2882.9049999999997,100.56930180962019
2015-04-26,2793.3,0,6,26,4,2,116,17,2015,-0.7818314824680299,0.6234898018587334,0.9111686353326631,-0.41203363695942635,0.8660254037844387,-0.4999999999999998,2850.3,2912.7,3059.1,2829.7,2934.164285714286,86.6446662399539,2874.045,96.12146402227123
2015-04-27,2900.6,0,0,27,4,2,117,18,2015,0.0,1.0,0.9039461929224011,-0.42764620926777464,0.8660254037844387,-0.4999999999999998,2793.3,2985.5,3040.0,2845.15,2922.035714285714,84.16776810533204,2869.3983333333335,91.05835571014522
2015-04-28,2934.2,0,1,28,4,2,118,18,2015,0.7818314824680298,0.6234898018587336,0.8964562582905575,-0.44313223418263453,0.8660254037844387,-0.4999999999999998,2900.6,3006.15,2899.5,2860.6000000000004,2911.7571428571428,76.19983890886941,2870.5550000000003,91.67222523898678
2015-04-29,2987.1,0,2,29,4,2,119,18,2015,0.9749279121818236,-0.22252093395631434,0.8887010478292915,-0.45848712914008766,0.8660254037844387,-0.4999999999999998,2934.2,3026.8,2849.5999999999995,2874.4,2906.085714285714,67.15035880643414,2875.1383333333333,93.99624464149794
2015-04-30,2992.5999999999995,0,3,30,4,2,120,18,2015,0.43388373911755823,-0.900968867902419,0.8806828564301475,-0.47370635037968,0.8660254037844387,-0.4999999999999998,2987.1,2967.9666666666667,2903.5999999999995,2908.0,2909.6047619047617,71.44205999626624,2878.1050000000005,96.30172940899926
2015-05-01,2982.0999999999995,1,4,1,5,2,121,18,2015,-0.433883739117558,-0.9009688679024191,0.8724040568049612,-0.48878539428899265,0.49999999999999994,-0.8660254037844387,2992.5999999999995,2909.1333333333337,2909.8000000000006,2900.2,2920.028571428571,76.50550555976095,2880.5150000000003,98.01175396221785
2015-05-02,2971.5999999999995,0,5,2,5,2,122,18,2015,-0.9749279121818236,-0.2225209339563146,0.8638670987837349,-0.503719798736334,0.49999999999999994,-0.8660254037844387,2982.0999999999995,2850.3,2920.9,2912.8000000000006,2937.357142857142,71.66372529956756,2882.205,99.16246848545896
2015-05-03,2910.8,0,6,3,5,2,123,18,2015,-0.7818314824680299,0.6234898018587334,0.8550745085896932,-0.518505144391157,0.49999999999999994,-0.8660254037844387,2971.5999999999995,2793.3,2858.1000000000004,2884.2,2954.1428571428573,38.285413111854155,2883.961666666667,99.1875107186708
2015-05-04,3006.4999999999995,0,0,4,5,2,124,19,2015,0.0,1.0,0.8460288880917339,-0.533137056031809,0.49999999999999994,-0.8660254037844387,2910.8,2900.6,2817.7,2927.600000000001,2969.2714285714283,34.31946553034141,2890.2549999999997,100.8145377324057
2015-05-05,3031.3,0,1,5,5,2,125,19,2015,0.7818314824680298,0.6234898018587336,0.8367329140344921,-0.5476112038402312,0.49999999999999994,-0.8660254037844387,3006.4999999999995,2934.2,2844.333333333333,2925.4,2983.1428571428573,37.277287863776614,2896.4872222222225,103.61787128984086
2015-05-06,3079.8,0,2,6,5,2,126,19,2015,0.9749279121818236,-0.22252093395631434,0.8271893372462497,-0.5619233046832195,0.49999999999999994,-0.8660254037844387,3031.3,2987.1,2870.9666666666667,2952.2,2996.3857142857146,52.340087522925806,2903.4483333333333,108.73279459174819
2015-05-07,3113.2,0,3,7,5,2,127,19,2015,0.43388373911755823,-0.900968867902419,0.8174009818249189,-0.5760691233798758,0.49999999999999994,-0.8660254037844387,3079.8,2992.5999999999995,2897.6,2941.8,3013.6142857142854,68.30127935776639,2910.635,115.26190735190013
2015-05-08,3157.1,0,4,8,5,2,128,19,2015,-0.433883739117558,-0.9009688679024191,0.8073707443023492,-0.5900444739548627,0.49999999999999994,-0.8660254037844387,3113.2,2982.0999999999995,2915.0999999999995,2954.100000000001,3038.6142857142854,84.86301566981037,2918.701666666667,123.74150447637292
2015-05-09,3168.8,0,5,9,5,2,129,19,2015,-0.9749279121818236,-0.2225209339563146,0.7971015927871943,-0.6038452208771035,0.49999999999999994,-0.8660254037844387,3157.1,2971.5999999999995,2934.3,2883.2,3066.785714285714,91.38963158864352,2926.5183333333334,131.89856316336062
2015-05-10,3062.0,0,6,10,5,2,130,19,2015,-0.7818314824680299,0.6234898018587334,0.7865965660866021,-0.6174672802835514,0.49999999999999994,-0.8660254037844387,3168.8,2910.8,2967.8,2952.500000000001,3088.3857142857137,61.288700115993166,2929.6583333333333,134.01942936499046
2015-05-11,3102.7000000000007,0,0,11,5,2,131,20,2015,0.0,1.0,0.7758587728069828,-0.6309066211876704,0.49999999999999994,-0.8660254037844387,3062.0,3006.4999999999995,2872.9,2998.2000000000007,3102.128571428572,49.52338552935542,2937.3183333333336,137.19312564111877
2015-05-12,3067.100000000001,0,1,12,5,2,132,20,2015,0.7818314824680298,0.6234898018587336,0.7648913904341226,-0.6441592666722685,0.49999999999999994,-0.8660254037844387,3102.7000000000007,3031.3,2643.0000000000005,2966.6,3107.2428571428572,42.31354618180415,2951.455,127.3146113056767
2015-05-13,2991.7000000000003,0,2,13,5,2,133,20,2015,0.9749279121818236,-0.22252093395631434,0.753697664392914,-0.6572212950663319,0.49999999999999994,-0.8660254037844387,3067.100000000001,3079.8,2684.5,2972.999999999999,3094.6571428571433,60.869884648701685,2961.6949999999997,117.04261783575524
2015-05-14,2978.399999999999,0,3,14,5,2,134,20,2015,0.43388373911755823,-0.900968867902419,0.742280907086982,-0.6700888411055113,0.49999999999999994,-0.8660254037844387,2991.7000000000003,3113.2,2689.6,2972.9,3075.4,73.94466399502147,2971.321666666667,105.16545977685165
2015-05-15,3005.4,0,4,15,5,2,135,20,2015,-0.433883739117558,-0.9009688679024191,0.7306444969184916,-0.6827580970759147,0.49999999999999994,-0.8660254037844387,2978.399999999999,3157.1,2759.8,2716.7000000000003,3053.7285714285717,68.00053221082548,2979.508333333333,97.40472196516525
2015-05-16,2954.0,0,5,16,5,2,136,20,2015,-0.9749279121818236,-0.2225209339563146,0.7187918772884232,-0.6952253139408722,0.49999999999999994,-0.8660254037844387,3005.4,3168.8,2796.3,2460.5000000000005,3023.0428571428574,54.555013736708105,2984.765,91.23654767266314
2015-05-17,2890.3,0,6,17,5,2,137,20,2015,-0.7818314824680299,0.6234898018587334,0.7067265555776158,-0.7074868024503348,0.49999999999999994,-0.8660254037844387,2954.0,3062.0,2854.2000000000003,2643.1000000000004,2998.514285714286,70.41418958733234,2985.9683333333332,89.6799093274144
2015-05-18,3009.3,0,0,18,5,2,138,21,2015,0.0,1.0,0.6944521021088763,-0.719538934232584,0.49999999999999994,-0.8660254037844387,2890.3,3102.7000000000007,2839.9,2716.2,2985.171428571429,54.41261233349246,2991.6150000000002,85.39643077931815
2015-05-19,3049.5,0,1,19,5,2,139,21,2015,0.7818314824680298,0.6234898018587336,0.6819721490904629,-0.7313781428679254,0.49999999999999994,-0.8660254037844387,3009.3,3067.100000000001,2912.7,2714.2000000000003,2982.657142857143,50.24277251982318,2996.175,84.68669424974836
2015-05-20,3044.3,0,2,20,5,2,140,21,2015,0.9749279121818236,-0.22252093395631434,0.6692903895412567,-0.7430009249440493,0.49999999999999994,-0.8660254037844387,3049.5,2991.7000000000003,2985.5,2765.6,2990.1714285714284,55.48097915161213,2998.1349999999998,85.11048829276646
2015-05-21,3162.8,0,3,21,5,2,141,21,2015,0.43388373911755823,-0.900968867902419,0.6564105761979381,-0.7544038410927472,0.49999999999999994,-0.8660254037844387,3044.3,2978.399999999999,3006.15,2768.5000000000005,3016.514285714286,84.92473979103032,3003.3566666666666,90.26826097082821
2015-05-22,3201.2000000000003,0,4,22,5,2,142,21,2015,-0.433883739117558,-0.9009688679024191,0.6433365204044917,-0.765583517007675,0.49999999999999994,-0.8660254037844387,3162.8,3005.4,3026.8,2787.7000000000007,3044.4857142857145,109.37835600294869,3009.1699999999996,97.18112463166192
2015-05-23,3181.4,0,5,23,5,2,143,21,2015,-0.9749279121818236,-0.2225209339563146,0.6300720909843687,-0.7765366444428655,0.49999999999999994,-0.8660254037844387,3201.2000000000003,2954.0,2967.9666666666667,2776.9999999999995,3076.9714285714285,111.76788021440838,3016.2844444444445,101.76510430723239
2015-05-24,3087.600000000001,0,6,24,5,2,144,21,2015,-0.7818314824680299,0.6234898018587334,0.6166212130956382,-0.7872599821916922,0.49999999999999994,-0.8660254037844387,3181.4,2890.3,2909.1333333333337,2708.199999999999,3105.1571428571433,76.00225560564897,3022.233333333333,100.49375116388525
2015-05-25,3176.2000000000007,0,0,25,5,2,145,22,2015,0.0,1.0,0.6029878670694714,-0.7977503570459932,0.49999999999999994,-0.8660254037844387,3087.600000000001,3009.3,2850.3,2744.5,3129.0000000000005,66.50461136896521,3033.096666666667,98.86862227858164
2015-05-26,3213.3500000000004,1,1,26,5,2,146,22,2015,0.7818314824680298,0.6234898018587336,0.5891760872322963,-0.8080046647350754,0.49999999999999994,-0.8660254037844387,3176.2000000000007,3049.5,2793.3,2749.8,3152.4071428571433,62.578739924036164,3047.0983333333334,93.3260048795737
2015-05-27,3250.5000000000005,0,2,27,5,2,147,22,2015,0.9749279121818236,-0.22252093395631434,0.5751899607119775,-0.8180198708443175,0.49999999999999994,-0.8660254037844387,3213.3500000000004,3044.3,2900.6,2774.2000000000003,3181.8642857142863,50.59246250093979,3058.7616666666663,96.20596232449584
2015-05-28,3185.5,0,3,28,5,2,148,22,2015,0.43388373911755823,-0.900968867902419,0.5610336262283677,-0.8277930117131022,0.49999999999999994,-0.8660254037844387,3250.5000000000005,3162.8,2934.2,2798.6000000000004,3185.1071428571427,49.8894480207367,3067.1383333333333,95.92633100398363
2015-05-29,3231.999999999998,0,4,29,5,2,149,22,2015,-0.433883739117558,-0.9009688679024191,0.5467112728685939,-0.8373211953118121,0.49999999999999994,-0.8660254037844387,3185.5,3201.2000000000003,2987.1,2823.0,3189.5071428571428,52.81758252527089,3075.3016666666667,99.24334467683212
2015-05-30,3185.3,0,5,30,5,2,150,22,2015,-0.9749279121818236,-0.2225209339563146,0.5322271388474397,-0.8466016020976267,0.49999999999999994,-0.8660254037844387,3231.999999999998,3181.4,2992.5999999999995,2871.8,3190.0642857142857,52.73832188496689,3081.725,99.93968763106069
2015-05-31,3051.7999999999997,0,6,31,5,2,151,22,2015,-0.7818314824680299,0.6234898018587334,0.5175855102531889,-0.8556314858488706,0.49999999999999994,-0.8660254037844387,3185.3,3087.600000000001,2982.0999999999995,2896.2,3184.95,64.70828772270421,3084.048333333333,98.34119395330636
2015-06-01,2989.2000000000003,0,0,1,6,2,152,23,2015,0.0,1.0,0.5027907197793043,-0.8644081744776648,1.2246467991473532e-16,-1.0,3051.7999999999997,3176.2000000000007,2971.5999999999995,2920.6,3158.235714285714,98.63138747499238,3084.635,97.69762919334786
2015-06-02,2988.4,0,1,2,6,2,153,23,2015,0.7818314824680298,0.6234898018587336,0.4878471454423119,-0.8729290708206411,1.2246467991473532e-16,-1.0,2989.2000000000003,3213.3500000000004,2910.8,2945.0,3126.1,113.24498517228172,3087.2216666666664,93.88948353152772
2015-06-03,3009.0,0,2,3,6,2,154,23,2015,0.9749279121818236,-0.22252093395631434,0.47275920928627757,-0.881191653407483,1.2246467991473532e-16,-1.0,2988.4,3250.5000000000005,3006.4999999999995,2948.9434782608696,3091.5999999999995,105.55556198831928,3087.305,93.81644803772264
2015-06-04,3048.8000000000006,0,3,4,6,2,155,23,2015,0.43388373911755823,-0.900968867902419,0.4575313760742512,-0.8891934772070711,1.2246467991473532e-16,-1.0,3009.0,3185.5,3031.3,2952.886956521739,3072.071428571428,97.63617352680004,3087.8883333333333,93.51011717653196
2015-06-05,3061.4999999999995,0,4,5,6,2,156,23,2015,-0.433883739117558,-0.9009688679024191,0.44216815196707204,-0.8969321743510065,1.2246467991473532e-16,-1.0,3048.8000000000006,3231.999999999998,3079.8,2956.830434782609,3047.714285714286,67.79706061898479,3087.2783333333336,93.62431868297622
2015-06-06,3073.7000000000003,0,5,6,6,2,157,23,2015,-0.9749279121818236,-0.2225209339563146,0.42667408318992467,-0.9044054548343001,1.2246467991473532e-16,-1.0,3061.4999999999995,3185.3,3113.2,3023.869565217392,3031.7714285714287,35.46090402525597,3085.961666666667,93.52490142621116
2015-06-07,3010.7,0,6,7,6,2,158,23,2015,-0.7818314824680299,0.6234898018587334,0.4110537546870351,-0.9116111071930239,1.2246467991473532e-16,-1.0,3073.7000000000003,3051.7999999999997,3157.1,3027.8130434782615,3025.9000000000005,34.991427521646564,3081.081666666667,93.50447756505302
2015-06-08,3106.7,0,0,8,6,2,159,24,2015,0.0,1.0,0.3953117887649151,-0.9185469991587165,1.2246467991473532e-16,-1.0,3010.7,2989.2000000000003,3168.8,3031.756521739131,3042.6857142857148,41.94406706445599,3079.0116666666668,92.17352047327702
2015-06-09,3135.3,0,1,9,6,2,160,24,2015,0.7818314824680298,0.6234898018587336,0.37945284372454435,-0.925211078289358,1.2246467991473532e-16,-1.0,3106.7,2988.4,3062.0,3035.7000000000007,3063.671428571429,46.73238399962876,3081.4550000000004,92.67716710023565
2015-06-10,3164.2,0,2,10,6,2,161,24,2015,0.9749279121818236,-0.22252093395631434,0.36348161248290634,-0.9316013725767187,1.2246467991473532e-16,-1.0,3135.3,3009.0,3102.7000000000007,2998.7000000000003,3085.842857142857,52.882758915164935,3083.505,93.83624249283055
2015-06-11,3143.0999999999995,0,3,11,6,2,162,24,2015,0.43388373911755823,-0.900968867902419,0.3474028211842774,-0.9377159910299093,1.2246467991473532e-16,-1.0,3164.2,3048.8000000000006,3067.100000000001,2879.9999999999995,3099.3142857142857,53.87542508950473,3086.038333333333,94.40227174660814
2015-06-12,3098.9999999999995,0,4,12,6,2,163,24,2015,-0.433883739117558,-0.9009688679024191,0.3312212278016865,-0.9435531242349544,1.2246467991473532e-16,-1.0,3143.0999999999995,3061.4999999999995,2991.7000000000003,2938.7000000000003,3104.671428571429,51.29108805912752,3089.615,92.7224976884637
2015-06-13,2952.4000000000005,0,5,13,6,2,164,24,2015,-0.9749279121818236,-0.2225209339563146,0.31494162072895193,-0.9491110448902284,1.2246467991473532e-16,-1.0,3098.9999999999995,3073.7000000000003,2978.399999999999,3018.7,3087.3428571428567,77.3628433022776,3088.7483333333334,93.91174000581861
2015-06-14,2775.2000000000007,0,6,14,6,2,165,24,2015,-0.7818314824680299,0.6234898018587334,0.2985688173637202,-0.9543881083175908,1.2246467991473532e-16,-1.0,2952.4000000000005,3010.7,3005.4,3020.3,3053.7,141.15369873534823,3081.075,109.12856128407392
2015-06-15,2895.75,1,0,15,6,2,166,25,2015,0.0,1.0,0.2821076626819194,-0.9593827529490743,1.2246467991473532e-16,-1.0,2775.2000000000007,3106.7,2954.0,3007.6000000000004,3023.5642857142852,150.18226347311196,3079.133333333333,111.94925600262403
2015-06-16,3016.2999999999997,0,1,16,6,2,167,25,2015,0.7818314824680298,0.6234898018587336,0.26556302780405594,-0.9640935007889755,1.2246467991473532e-16,-1.0,2895.75,3135.3,2890.3,2879.2,3006.5642857142852,141.93494611466795,3083.3333333333335,106.86879510791239
2015-06-17,3047.2000000000003,0,2,17,6,2,168,25,2015,0.9749279121818236,-0.22252093395631434,0.24893980855376657,-0.9685189578512204,1.2246467991473532e-16,-1.0,3016.2999999999997,3164.2,3009.3,2917.8,2989.85,126.30640324228264,3084.5966666666664,106.18527150720269
2015-06-18,3064.5999999999995,0,3,18,6,2,169,25,2015,0.43388373911755823,-0.900968867902419,0.23224292400907015,-0.9726578145718654,1.2246467991473532e-16,-1.0,3047.2000000000003,3143.0999999999995,3049.5,2843.4,2978.6357142857146,113.24127896622667,3085.1,106.04887211028203
2015-06-19,3037.5999999999995,0,4,19,6,2,170,25,2015,-0.433883739117558,-0.9009688679024191,0.21547731504673012,-0.976508846196619,1.2246467991473532e-16,-1.0,3064.5999999999995,3098.9999999999995,3044.3,2951.9,2969.8642857142854,104.39682591873515,3084.8766666666666,106.14476917394182
2015-06-20,2999.3,0,5,20,6,2,171,25,2015,-0.9749279121818236,-0.2225209339563146,0.19864794288017112,-0.9800709131432666,1.2246467991473532e-16,-1.0,3037.5999999999995,2952.4000000000005,3162.8,3026.8,2976.5642857142857,104.59398769483244,3079.4266666666667,106.20326861433524
2015-06-21,2848.699999999999,0,6,21,6,2,172,25,2015,-0.7818314824680299,0.6234898018587334,0.18175978759137534,-0.9833429613388902,1.2246467991473532e-16,-1.0,2999.3,2775.2000000000007,3201.2000000000003,3048.2999999999997,2987.0642857142857,82.32999005166317,3067.6766666666667,111.62731538575413
2015-06-22,2918.200000000001,0,0,22,6,2,173,26,2015,0.0,1.0,0.16481784665719793,-0.9863240225317866,1.2246467991473532e-16,-1.0,2848.699999999999,2895.75,3181.4,3036.4,2990.2714285714287,78.52956373847103,3058.903333333333,112.7187841437762
2015-06-23,2949.7,0,1,23,6,2,174,26,2015,0.7818314824680298,0.6234898018587336,0.14782713347053048,-0.9890132145779883,1.2246467991473532e-16,-1.0,2918.200000000001,3016.2999999999997,3087.600000000001,3097.1,2980.7571428571423,78.88415255177453,3054.306666666667,114.30874610799562
2015-06-24,2860.9,0,2,24,6,2,175,26,2015,0.9749279121818236,-0.22252093395631434,0.13079267585675922,-0.9914097417023038,1.2246467991473532e-16,-1.0,2949.7,3047.2000000000003,3176.2000000000007,3110.8,2954.1428571428573,83.99315164828238,3043.7966666666666,117.17398567745619
2015-06-25,2802.6,0,3,25,6,2,176,26,2015,0.43388373911755823,-0.900968867902419,0.11371951458594969,-0.9935128947338007,1.2246467991473532e-16,-1.0,2860.9,3064.5999999999995,3213.3500000000004,3041.399999999999,2916.714285714286,84.93847633379255,3030.1050000000005,120.62569517398533
2015-06-26,2941.3,0,4,26,6,2,177,26,2015,-0.433883739117558,-0.9009688679024191,0.0966127018812031,-0.9953220513156602,1.2246467991473532e-16,-1.0,2802.6,3037.5999999999995,3250.5000000000005,3119.1000000000004,2902.957142857143,68.25632710948891,3019.798333333333,114.18251306671307
2015-06-27,3005.7000000000003,0,5,27,6,2,178,26,2015,-0.9749279121818236,-0.2225209339563146,0.07947729992362097,-0.9968366760893436,1.2246467991473532e-16,-1.0,2941.3,2999.3,3185.5,3156.8,2903.871428571429,69.78759952613655,3013.8050000000003,109.820521565401
2015-06-28,2977.2000000000003,0,6,28,6,2,179,26,2015,-0.7818314824680299,0.6234898018587334,0.062318379354325076,-0.998056320853012,1.2246467991473532e-16,-1.0,3005.7000000000003,2848.699999999999,3231.999999999998,3124.4,2922.2285714285713,69.75690442018792,3005.311666666667,101.93348548266054
2015-06-29,3040.0000000000005,0,0,29,6,2,180,27,2015,0.0,1.0,0.04514101777397193,-0.9989806246941579,1.2246467991473532e-16,-1.0,2977.2000000000003,2918.200000000001,3185.3,3058.8000000000006,2939.628571428572,82.59410217616875,3000.4683333333332,96.38757474950803
2015-06-30,3044.099999999999,0,1,30,6,2,181,27,2015,0.7818314824680298,0.6234898018587336,0.02795029824021032,-0.999609314096404,1.2246467991473532e-16,-1.0,3040.0000000000005,2949.7,3051.7999999999997,3033.3000000000006,2953.1142857142863,91.71560079164942,3000.2116666666666,96.25633493109872
2015-07-01,3097.4999999999995,0,2,1,7,3,182,27,2015,0.9749279121818236,-0.22252093395631434,0.01075130776352193,-0.9999422030204416,-0.4999999999999997,-0.8660254037844388,3044.099999999999,2860.9,2989.2000000000003,3007.7,2986.914285714286,95.58346141064457,3003.8216666666663,97.84681525602761
2015-07-02,3161.0,0,3,2,7,3,183,27,2015,0.43388373911755823,-0.900968867902419,-0.00645086419810515,-0.9999791929590823,-0.4999999999999997,-0.8660254037844388,3097.4999999999995,2802.6,2988.4,2945.7,3038.1142857142863,73.93824965406824,3009.575,101.89923246809238
2015-07-03,3229.8,0,4,3,7,3,184,27,2015,-0.433883739117558,-0.9009688679024191,-0.023651127245231586,-0.9997202729664083,-0.4999999999999997,-0.8660254037844388,3161.0,2941.3,3009.0,2977.2,3079.328571428571,89.70439815093795,3016.935,109.54353342629331
2015-07-04,3247.8,0,5,4,7,3,185,27,2015,-0.9749279121818236,-0.2225209339563146,-0.04084439154329611,-0.9991655196610109,-0.4999999999999997,-0.8660254037844388,3229.8,3005.7000000000003,3048.8000000000006,3063.7000000000003,3113.9142857142856,102.36334676976932,3023.5683333333336,117.29082958195517
2015-07-05,3179.5999999999995,0,6,5,7,3,186,27,2015,-0.7818314824680299,0.6234898018587334,-0.05802556932878035,-0.9983150972033183,-0.4999999999999997,-0.8660254037844388,3247.8,2977.2000000000003,3061.4999999999995,3038.3,3142.8285714285707,84.30212955567958,3027.505,120.54462212149527
2015-07-06,3175.9,0,0,6,7,3,187,28,2015,0.0,1.0,-0.07518957641475855,-0.9971692572470178,-0.4999999999999997,-0.8660254037844388,3179.5999999999995,3040.0000000000005,3073.7000000000003,2963.7,3162.242857142857,71.32402253434618,3030.911666666667,123.3075924637073
2015-07-07,3207.9,0,1,7,7,3,188,28,2015,0.7818314824680298,0.6234898018587336,-0.09233133369539122,-0.9957283388645872,-0.4999999999999997,-0.8660254037844388,3175.9,3044.099999999999,3010.7,2957.4,3185.6428571428573,49.693422004125395,3037.4849999999997,127.38188656894062
2015-07-08,3212.8000000000006,0,2,8,7,3,189,28,2015,0.9749279121818236,-0.22252093395631434,-0.10944576864891556,-0.993992768446958,-0.4999999999999997,-0.8660254037844388,3207.9,3097.4999999999995,3106.7,2958.499999999999,3202.1142857142854,31.320410202328652,3041.0216666666665,130.79697328785858
2015-07-09,3184.800000000001,0,3,9,7,3,190,28,2015,0.43388373911755823,-0.900968867902419,-0.12652781683868314,-0.9919630595773397,-0.4999999999999997,-0.8660254037844388,3212.8000000000006,3161.0,3135.3,2906.7,3205.5142857142855,27.124062415295008,3042.6716666666666,132.33053292948966
2015-07-10,3072.7000000000007,0,4,10,7,3,191,28,2015,-0.433883739117558,-0.9009688679024191,-0.1435724234118113,-0.9896398128792412,-0.4999999999999997,-0.8660254037844388,3184.800000000001,3229.8,3164.2,2996.2,3183.0714285714284,54.67838434234833,3039.6216666666664,130.47436244621989
2015-07-11,3009.9,0,5,11,7,3,192,28,2015,-0.9749279121818236,-0.2225209339563146,-0.16057454459499376,-0.9870237158387383,-0.4999999999999997,-0.8660254037844388,3072.7000000000007,3247.8,3143.0999999999995,2943.5999999999995,3149.0857142857144,77.08405430810572,3035.181666666667,129.09064209475903
2015-07-12,2878.4,0,6,12,7,3,193,28,2015,-0.7818314824680299,0.6234898018587334,-0.17752914918703497,-0.984115542601034,-0.4999999999999997,-0.8660254037844388,3009.9,3179.5999999999995,3098.9999999999995,2892.7,3106.0571428571434,125.85119330839125,3027.8283333333334,131.58883041592173
2015-07-13,3072.8000000000006,0,0,13,7,3,194,29,2015,0.0,1.0,-0.19443122004766195,-0.9809161537413774,-0.4999999999999997,-0.8660254037844388,2878.4,3175.9,2952.4000000000005,2994.3,3091.3285714285716,122.29788379589999,3031.8416666666667,131.04392530444045
2015-07-14,3217.2000000000007,0,1,14,7,3,195,29,2015,0.7818314824680298,0.6234898018587336,-0.2112757555821793,-0.9774264960104055,-0.4999999999999997,-0.8660254037844388,3072.8000000000006,3207.9,2775.2000000000007,3011.75,3092.6571428571433,123.81639440644618,3046.575,125.94243810375339
2015-07-15,3363.5000000000005,0,2,15,7,3,196,29,2015,0.9749279121818236,-0.22252093395631434,-0.2280577712215198,-0.9736476020539838,-0.4999999999999997,-0.8660254037844388,3217.2000000000007,3212.8000000000006,2895.75,3029.2,3114.1857142857148,156.87584718042072,3062.1666666666665,135.2371743764783
2015-07-16,3276.100000000001,0,3,16,7,3,197,29,2015,0.43388373911755823,-0.900968867902419,-0.24477230089725957,-0.9695805901076308,-0.4999999999999997,-0.8660254037844388,3363.5000000000005,3184.800000000001,3016.2999999999997,2956.4,3127.2285714285717,167.18215329680314,3070.826666666667,140.41779515219235
2015-07-17,3233.6000000000004,0,4,17,7,3,198,29,2015,-0.433883739117558,-0.9009688679024191,-0.2614143985111562,-0.965226663665613,-0.4999999999999997,-0.8660254037844388,3276.100000000001,3072.7000000000007,3047.2000000000003,3027.4000000000005,3150.214285714286,169.48075041699684,3077.0400000000004,143.4280225589589
2015-07-18,3154.1,0,5,18,7,3,199,29,2015,-0.9749279121818236,-0.2225209339563146,-0.2779791393987801,-0.9605871111248129,-0.4999999999999997,-0.8660254037844388,3233.6000000000004,3009.9,3064.5999999999995,3070.9999999999995,3170.814285714286,157.95507197272443,3080.023333333333,144.0896289152012
2015-07-19,2975.6000000000004,0,6,19,7,3,200,29,2015,-0.7818314824680299,0.6234898018587334,-0.2944616217868012,-0.9556633054034704,-0.4999999999999997,-0.8660254037844388,3154.1,2878.4,3037.5999999999995,3114.1,3184.7000000000003,129.7122713290351,3077.956666666667,145.15974240846796
2015-07-20,3047.7,0,0,20,7,3,201,30,2015,0.0,1.0,-0.3108569682435036,-0.9504567035349151,-0.4999999999999997,-0.8660254037844388,2975.6000000000004,3072.8000000000006,2999.3,3142.899999999999,3181.1142857142863,133.60952347010542,3079.57,144.52295880132849
2015-07-21,3079.0000000000005,0,1,21,7,3,202,30,2015,0.7818314824680298,0.6234898018587336,-0.3271603271220951,-0.9449688462364056,-0.4999999999999997,-0.8660254037844388,3047.7,3217.2000000000007,2848.699999999999,3109.0499999999997,3161.371428571429,137.54133577809517,3087.246666666667,137.79684129640003
2015-07-22,3060.8,0,2,22,7,3,203,30,2015,0.9749279121818236,-0.22252093395631434,-0.34336687399638804,-0.939201357453208,-0.4999999999999997,-0.8660254037844388,3079.0000000000005,3363.5000000000005,2918.200000000001,3075.2000000000003,3118.128571428572,107.76112029680404,3092.0000000000005,134.17640729972993
2015-07-23,3082.0,0,3,23,7,3,204,30,2015,0.43388373911755823,-0.900968867902419,-0.3594718130884232,-0.9331559438780432,-0.4999999999999997,-0.8660254037844388,3060.8,3276.100000000001,2949.7,3017.5000000000005,3090.4,82.30324011444654,3096.4100000000003,131.48530886862173
2015-07-24,3069.8,0,4,24,7,3,205,30,2015,-0.433883739117558,-0.9009688679024191,-0.3754703786876202,-0.9268343944460494,-0.4999999999999997,-0.8660254037844388,3082.0,3233.6000000000004,2860.9,2959.8000000000006,3067.0000000000005,52.80173608259492,3103.373333333334,123.89535332171947
2015-07-25,3027.7,0,5,25,7,3,206,30,2015,-0.9749279121818236,-0.2225209339563146,-0.3913578365610259,-0.9202385798054075,-0.4999999999999997,-0.8660254037844388,3069.8,3154.1,2802.6,3033.6,3048.942857142857,37.425029821569446,3110.8766666666666,111.21965741452105
2015-07-26,2878.1000000000004,0,6,26,7,3,207,30,2015,-0.7818314824680299,0.6234898018587334,-0.4071294853542516,-0.9133704517637858,-0.4999999999999997,-0.8660254037844388,3027.7,2975.6000000000004,2941.3,3056.4,3035.014285714286,71.70991164806843,3108.77,115.07421038856982
2015-07-27,2944.6,0,0,27,7,3,208,31,2015,0.0,1.0,-0.4227806579826773,-0.9062320427107697,-0.4999999999999997,-0.8660254037844388,2878.1000000000004,3047.7,3005.7000000000003,3058.7333333333336,3020.285714285714,78.89779102467722,3106.733333333333,117.47693341698431
2015-07-28,3019.6000000000004,0,1,28,7,3,209,31,2015,0.7818314824680298,0.6234898018587336,-0.4383067230125192,-0.898825465016444,-0.4999999999999997,-0.8660254037844388,2944.6,3079.0000000000005,2977.2000000000003,3061.066666666667,3011.8,74.60810947881012,3108.146666666667,116.11193687583794
2015-07-29,3054.7000000000003,0,2,29,7,3,210,31,2015,0.9749279121818236,-0.22252093395631434,-0.45370308603134424,-0.8911529104063088,-0.4999999999999997,-0.8660254037844388,3019.6000000000004,3060.8,3040.0000000000005,3063.4000000000005,3010.928571428572,73.97332208948366,3108.6366666666668,115.84514778085841
2015-07-30,3051.2,0,3,30,7,3,211,31,2015,0.43388373911755823,-0.900968867902419,-0.46896519100763184,-0.8832166493127127,-0.4999999999999997,-0.8660254037844388,3054.7000000000003,3082.0,3044.099999999999,2993.8,3006.5285714285715,69.84200537132203,3108.873333333334,115.71593617587241
2015-07-31,3055.3,0,4,31,7,3,212,31,2015,-0.433883739117558,-0.9009688679024191,-0.48408852163897587,-0.8750190302029955,-0.4999999999999997,-0.8660254037844388,3051.2,3069.8,3097.4999999999995,2917.2000000000003,3004.457142857143,67.83899707256558,3107.466666666667,116.11476882908124
2015-08-01,2976.6000000000004,0,5,1,8,3,213,31,2015,-0.9749279121818236,-0.2225209339563146,-0.4990686026885319,-0.8665624788845385,-0.8660254037844384,-0.5000000000000004,3055.3,3027.7,3161.0,2963.8,2997.1571428571433,67.67020164354585,3101.3200000000006,118.04782315538549
2015-08-02,2890.2999999999997,0,6,2,8,3,214,31,2015,-0.7818314824680299,0.6234898018587334,-0.5139010013093103,-0.8578494977869301,-0.8660254037844384,-0.5000000000000004,2976.6000000000004,2878.1000000000004,3229.8,3010.4000000000005,2998.9,64.158813372251,3090.0033333333336,121.52815619076657
2015-08-03,3003.0000000000005,0,0,3,8,3,215,32,2015,0.0,1.0,-0.5285813283559292,-0.8488826652214553,-0.8660254037844384,-0.5000000000000004,2890.2999999999997,2944.6,3247.8,3040.1,3007.2428571428572,59.55280170133288,3081.8433333333332,118.75444291749473
2015-08-04,3027.2,0,1,4,8,3,216,32,2015,0.7818314824680298,0.6234898018587336,-0.5431052396834317,-0.8396646346181327,-0.8660254037844384,-0.5000000000000004,3003.0000000000005,3019.6000000000004,3179.5999999999995,3068.4,3008.328571428571,59.8839910239329,3076.763333333334,117.68327594345087
2015-08-05,3020.3,0,2,5,8,3,217,32,2015,0.9749279121818236,-0.22252093395631434,-0.5574684374327892,-0.8301981337405212,-0.8660254037844384,-0.5000000000000004,3027.2,3054.7000000000003,3175.9,3095.3,3003.4142857142856,56.775153854834535,3071.576666666667,116.58713385965852
2015-08-06,3083.2,0,3,6,8,3,218,32,2015,0.43388373911755823,-0.900968867902419,-0.5716666713027052,-0.8204859638785327,-0.8660254037844384,-0.5000000000000004,3020.3,3051.2,3207.9,3028.7000000000003,3007.9857142857145,62.284974875488096,3067.4200000000005,113.74759535162296
2015-08-07,3120.9,0,4,7,8,3,219,32,2015,-0.433883739117558,-0.9009688679024191,-0.5856957398073508,-0.8105309990194823,-0.8660254037844384,-0.5000000000000004,3083.2,3055.3,3212.8000000000006,3054.6000000000004,3017.3571428571427,74.35583046279368,3064.356666666667,110.89917658764087
2015-08-08,3127.2,0,5,8,8,3,220,32,2015,-0.9749279121818236,-0.2225209339563146,-0.5995514915196489,-0.8003361849976323,-0.8660254037844384,-0.5000000000000004,3120.9,2976.6000000000004,3184.800000000001,3076.8,3038.871428571428,81.99288006256897,3062.436666666667,109.22805779284016
2015-08-09,3025.100000000001,0,6,9,8,3,221,32,2015,-0.7818314824680299,0.6234898018587334,-0.6132298262997502,-0.7899045386224707,-0.8660254037844384,-0.5000000000000004,3127.2,2890.2999999999997,3072.7000000000007,3101.5999999999995,3058.128571428572,51.40900421412916,3060.8500000000004,109.41938537824244
2015-08-10,3135.9,0,0,10,8,3,222,33,2015,0.0,1.0,-0.6267266965083301,-0.7792391467859886,-0.8660254037844384,-0.5000000000000004,3025.100000000001,3003.0000000000005,3009.9,3022.5,3077.1142857142863,52.190913275916955,3065.05,109.81376947140053
2015-08-11,3136.9,0,1,11,8,3,223,33,2015,0.7818314824680298,0.6234898018587336,-0.6400381082043503,-0.7683431655492202,-0.8660254037844384,-0.5000000000000004,3135.9,3027.2,2878.4,2970.599999999999,3092.785714285714,51.16491078113125,3073.666666666667,104.6850196223609
2015-08-12,3105.0999999999995,0,2,12,8,3,224,33,2015,0.9749279121818236,-0.22252093395631434,-0.65316012232693,-0.7572198192083127,-0.8660254037844384,-0.5000000000000004,3136.9,3020.3,3072.8000000000006,2989.4999999999995,3104.9000000000005,39.95259691187996,3074.7433333333333,104.8417812322682
2015-08-13,3125.3,0,3,13,8,3,225,33,2015,0.43388373911755823,-0.900968867902419,-0.666088855860977,-0.7458723993404063,-0.8660254037844384,-0.5000000000000004,3105.0999999999995,3083.2,3217.2000000000007,3033.45,3110.914285714286,39.30506449862814,3071.6800000000003,101.83535189978207
2015-08-14,3132.6000000000004,0,4,14,8,3,226,33,2015,-0.433883739117558,-0.9009688679024191,-0.6788204829862355,-0.734304263829602,-0.8660254037844384,-0.5000000000000004,3125.3,3120.9,3363.5000000000005,3077.4,3112.585714285714,40.04232879393178,3063.983333333334,86.60610428169139
2015-08-15,2957.5999999999995,0,5,15,8,3,227,33,2015,-0.9749279121818236,-0.2225209339563146,-0.6913512362094071,-0.722518835873311,-0.8660254037844384,-0.5000000000000004,3132.6000000000004,3127.2,3276.100000000001,3112.8,3088.3571428571436,69.90250012562178,3053.366666666667,78.88455700156923
2015-08-16,2866.6000000000004,0,6,16,8,3,228,33,2015,-0.7818314824680299,0.6234898018587334,-0.7036774074790128,-0.7105196029692745,-0.8660254037844384,-0.5000000000000004,2957.5999999999995,3025.100000000001,3233.6000000000004,3103.2,3065.714285714286,108.70758067053512,3041.133333333333,78.42600876351577
2015-08-17,3017.9999999999995,0,0,17,8,3,229,34,2015,0.0,1.0,-0.7157953492826642,-0.6983101158835584,-0.8660254037844384,-0.5000000000000004,2866.6000000000004,3135.9,3154.1,3093.5999999999995,3048.871428571428,105.0943023239368,3036.596666666667,75.54965703536455
2015-08-18,3078.2000000000003,0,1,18,8,3,230,34,2015,0.7818314824680298,0.6234898018587336,-0.7277014757264236,-0.6858939875998223,-0.8660254037844384,-0.5000000000000004,3017.9999999999995,3136.9,2975.6000000000004,3089.599999999999,3040.4857142857145,99.06880485420557,3040.016666666667,75.01358995649555
2015-08-19,3090.0,0,2,19,8,3,231,34,2015,0.9749279121818236,-0.22252093395631434,-0.7393922635959241,-0.673274892250183,-0.8660254037844384,-0.5000000000000004,3078.2000000000003,3105.0999999999995,3047.7,3058.6,3038.328571428571,97.58061136459577,3041.4266666666667,75.55855885399285
2015-08-20,3111.8500000000004,1,3,20,8,3,232,34,2015,0.43388373911755823,-0.900968867902419,-0.7508642533989489,-0.6604565640279754,-0.8660254037844384,-0.5000000000000004,3090.0,3125.3,3079.0000000000005,2965.2000000000003,3036.407142857143,95.69690185064546,3042.521666666667,76.35567824710272
2015-08-21,3133.7000000000007,0,4,21,8,3,233,34,2015,-0.433883739117558,-0.9009688679024191,-0.7621140503891487,-0.6474427960827475,-0.8660254037844384,-0.5000000000000004,3111.8500000000004,3132.6000000000004,3060.8,3057.7,3036.5642857142857,95.88190963492882,3044.951666666667,78.0975831708436
2015-08-22,3097.8000000000006,0,5,22,8,3,234,34,2015,-0.9749279121818236,-0.2225209339563146,-0.7731383255706026,-0.6342374393978054,-0.8660254037844384,-0.5000000000000004,3133.7000000000007,2957.5999999999995,3082.0,3101.3,3056.592857142857,91.16513601049607,3045.4783333333335,78.40869682953642
2015-08-23,3028.0999999999995,0,6,23,8,3,235,34,2015,-0.7818314824680299,0.6234898018587334,-0.7839338166829201,-0.620844401650647,-0.8660254037844384,-0.5000000000000004,3097.8000000000006,2866.6000000000004,3069.8,3119.7,3079.664285714286,42.53432647373625,3044.088333333333,78.33224738181234
2015-08-24,3157.899999999999,0,0,24,8,3,236,35,2015,0.0,1.0,-0.7944973291665992,-0.6072676460566135,-0.8660254037844384,-0.5000000000000004,3028.0999999999995,3017.9999999999995,3027.7,3108.5999999999995,3099.65,41.58796901352312,3048.4283333333337,80.95587099680303
2015-08-25,3248.899999999999,0,1,25,8,3,237,35,2015,0.7818314824680298,0.6234898018587336,-0.8048257371083452,-0.593511190196115,-0.8660254037844384,-0.5000000000000004,3157.899999999999,3078.2000000000003,2878.1000000000004,3104.4,3124.035714285714,68.34980318363294,3060.7883333333334,82.34825091136736
2015-08-26,3289.2000000000003,0,2,26,8,3,238,35,2015,0.9749279121818236,-0.22252093395631434,-0.8149159841660791,-0.5795791048257612,-0.8660254037844384,-0.5000000000000004,3248.899999999999,3090.0,2944.6,3118.2000000000003,3152.4928571428572,89.89097298290326,3072.275,89.32112808521029
2015-08-27,3289.7000000000007,0,3,27,8,3,239,35,2015,0.43388373911755823,-0.900968867902419,-0.8247650844733614,-0.5654755126737576,-0.8660254037844384,-0.5000000000000004,3289.2000000000003,3111.8500000000004,3019.6000000000004,3060.0,3177.9000000000005,100.94356509127813,3081.278333333333,97.10229735850605
2015-08-28,3319.3,0,4,28,8,3,240,35,2015,-0.433883739117558,-0.9009688679024191,-0.8343701235229537,-0.5512045872199277,-0.8660254037844384,-0.5000000000000004,3289.7000000000007,3133.7000000000007,3054.7000000000003,3114.9999999999995,3204.414285714286,111.2481374911154,3090.0983333333334,106.1961364348024
2015-08-29,3227.6,0,5,29,8,3,241,35,2015,-0.9749279121818236,-0.2225209339563146,-0.8437282590292712,-0.5367705514607103,-0.8660254037844384,-0.5000000000000004,3319.3,3097.8000000000006,3051.2,3102.1,3222.9571428571426,100.84724185856746,3095.9783333333335,108.81926781986571
2015-08-30,3185.100000000001,0,6,30,8,3,242,35,2015,-0.7818314824680299,0.6234898018587334,-0.8528367217694595,-0.522177676659508,-0.8660254037844384,-0.5000000000000004,3227.6,3028.0999999999995,3055.3,3130.5,3245.3857142857146,59.109458593717925,3100.305,109.72280147623947
2015-08-31,3304.5000000000005,0,0,31,8,3,243,36,2015,0.0,1.0,-0.8616928164028521,-0.5074302810827518,-0.8660254037844384,-0.5000000000000004,3185.100000000001,3157.899999999999,2976.6000000000004,3080.3,3266.3285714285716,47.84365908132684,3111.2349999999997,113.25016948301824
2015-09-01,3328.1,0,1,1,9,3,244,36,2015,0.7818314824680298,0.6234898018587336,-0.8702939222685674,-0.49253272872205434,-1.0,-1.8369701987210297e-16,3304.5000000000005,3248.899999999999,2890.2999999999997,3087.4999999999995,3277.6428571428573,52.201464128388714,3125.8283333333334,111.9993254931523
2015-09-02,3309.6,0,2,2,9,3,245,36,2015,0.9749279121818236,-0.22252093395631434,-0.8786374941610001,-0.4774894280028391,-1.0,-1.8369701987210297e-16,3328.1,3289.2000000000003,3003.0000000000005,3078.1000000000013,3280.557142857143,53.50731592172678,3136.0483333333336,114.36833906237666
2015-09-03,3321.8,0,3,3,9,3,246,36,2015,0.43388373911755823,-0.900968867902419,-0.886721063082993,-0.46230483047981086,-1.0,-1.8369701987210297e-16,3309.6,3289.7000000000007,3027.2,3012.3,3285.1428571428573,55.75000320311662,3145.868333333333,117.30980827628154
2015-09-04,3319.4,0,4,4,9,3,247,36,2015,-0.433883739117558,-0.9009688679024191,-0.8945422369764496,-0.4469834295196741,-1.0,-1.8369701987210297e-16,3321.8,3319.3,3020.3,3066.6,3285.1571428571433,55.76022648041801,3155.8383333333336,118.96825835964998
2015-09-05,3309.4999999999995,0,5,5,9,3,248,36,2015,-0.9749279121818236,-0.2225209339563146,-0.9020987014301837,-0.43152975897147144,-1.0,-1.8369701987210297e-16,3319.4,3227.6,3083.2,3117.5,3296.8571428571427,49.961213527571495,3163.3816666666667,121.35420831779537
2015-09-06,3207.8,0,6,6,9,3,249,36,2015,-0.7818314824680299,0.6234898018587334,-0.9093882203647925,-0.4159483918249421,-1.0,-1.8369701987210297e-16,3309.4999999999995,3185.100000000001,3120.9,3106.1000000000004,3300.1,41.52236345237888,3166.2783333333336,121.34235528777141
2015-09-07,3269.0999999999995,0,0,7,9,3,250,37,2015,0.0,1.0,-0.9164086366943458,-0.4002439388573056,-1.0,-1.8369701987210297e-16,3207.8,3304.5000000000005,3127.2,3084.9,3295.042857142857,43.025684466540056,3171.008333333333,122.52642789052244
2015-09-08,3279.7,0,1,8,9,3,251,37,2015,0.7818314824680298,0.6234898018587336,-0.9231578729647039,-0.38442104726885545,-1.0,-1.8369701987210297e-16,3269.0999999999995,3328.1,3025.100000000001,3063.6,3288.128571428572,40.65143352483069,3179.495,120.87796236074254
2015-09-09,3301.7999999999997,0,2,9,9,3,252,37,2015,0.9749279121818236,-0.22252093395631434,-0.9296339319682695,-0.3684843993077793,-1.0,-1.8369701987210297e-16,3279.7,3309.6,3135.9,3032.4,3287.0142857142855,40.067502566412,3185.025,122.59739741711765
2015-09-10,3316.7,0,3,10,9,3,253,37,2015,0.43388373911755823,-0.900968867902419,-0.9358348973349941,-0.35243871088460327,-1.0,-1.8369701987210297e-16,3301.7999999999997,3321.8,3136.9,2967.7,3286.285714285714,39.36984584563953,3191.018333333333,124.54305756156828
2015-09-11,3341.7999999999997,0,4,11,9,3,254,37,2015,-0.433883739117558,-0.9009688679024191,-0.9417589340994617,-0.33628873017668287,-1.0,-1.8369701987210297e-16,3316.7,3319.4,3105.0999999999995,3024.8,3289.485714285714,43.230985360534866,3198.9083333333333,126.39617661403484
2015-09-12,3308.9999999999995,0,5,12,9,3,255,37,2015,-0.9749279121818236,-0.2225209339563146,-0.9474042892438845,-0.32003923622313857,-1.0,-1.8369701987210297e-16,3341.7999999999997,3309.4999999999995,3125.3,3019.3999999999987,3289.414285714286,43.19280142851096,3205.0316666666668,127.15466314374042
2015-09-13,3172.100000000001,0,6,13,9,3,256,37,2015,-0.7818314824680299,0.6234898018587334,-0.9527692922168511,-0.30369503751065885,-1.0,-1.8369701987210297e-16,3308.9999999999995,3207.8,3132.6000000000004,2986.6499999999996,3284.3142857142852,54.944500136434975,3206.3483333333334,126.58200046593014
2015-09-14,3271.7,0,0,14,9,3,257,38,2015,0.0,1.0,-0.9578523554276669,-0.28726097055059635,-1.0,-1.8369701987210297e-16,3172.100000000001,3269.0999999999995,2957.5999999999995,2953.9,3284.6857142857143,54.83318425226375,3216.8183333333336,117.99672152323873
2015-09-15,3298.4000000000005,0,1,15,9,3,258,38,2015,0.7818314824680298,0.6234898018587336,-0.9626519747161487,-0.2707418984477642,-1.0,-1.8369701987210297e-16,3271.7,3279.7,2866.6000000000004,2869.0999999999995,3287.3571428571427,55.00505604470217,3231.2116666666666,98.53429447042645
2015-09-16,3287.899999999999,0,2,16,9,3,259,38,2015,0.9749279121818236,-0.22252093395631434,-0.9671667297977312,-0.2541427094613622,-1.0,-1.8369701987210297e-16,3298.4000000000005,3301.7999999999997,3017.9999999999995,2860.8,3285.371428571428,54.64649163142742,3240.2083333333335,90.37991850817008
2015-09-17,3130.7,0,3,17,9,3,260,38,2015,0.43388373911755823,-0.900968867902419,-0.97139528468375,-0.23746831555846842,-1.0,-1.8369701987210297e-16,3287.899999999999,3316.7,3078.2000000000003,2821.7,3258.7999999999997,77.37023544837994,3241.9583333333335,87.60035829259931
2015-09-18,3130.999999999999,0,4,18,9,3,261,38,2015,-0.433883739117558,-0.9009688679024191,-0.9753363880767837,-0.2207236509605022,-1.0,-1.8369701987210297e-16,3130.7,3341.7999999999997,3090.0,2821.7,3228.6857142857143,80.63567094391686,3243.325,85.44109560960003
2015-09-19,3076.0999999999995,0,5,19,9,3,262,38,2015,-0.9749279121818236,-0.2225209339563146,-0.9789888737409319,-0.20391367068311472,-1.0,-1.8369701987210297e-16,3130.999999999999,3308.9999999999995,3111.8500000000004,2909.9,3195.4142857142856,89.53190173661781,3242.1333333333328,87.5610460285422
2015-09-20,2907.4,0,6,20,9,3,263,38,2015,-0.7818314824680299,0.6234898018587334,-0.9823516608469237,-0.18704334906991657,-1.0,-1.8369701987210297e-16,3076.0999999999995,3172.100000000001,3133.7000000000007,2897.75,3157.5999999999995,141.7127376067643,3234.5899999999997,105.19648725617057
2015-09-21,2937.4,0,0,21,9,3,264,39,2015,0.0,1.0,-0.9854237542919524,-0.17011767832049052,-1.0,-1.8369701987210297e-16,2907.4,3271.7,3097.8000000000006,2885.6000000000004,3109.8428571428567,152.75198697173383,3229.243333333333,115.91844839439499
2015-09-22,2965.4,0,1,22,9,3,265,39,2015,0.7818314824680298,0.6234898018587336,-0.9882042449941422,-0.15314166701312007,-1.0,-1.8369701987210297e-16,2937.4,3298.4000000000005,3028.0999999999995,2895.6,3062.2714285714283,135.07261891647454,3227.1533333333336,120.15781787052121
2015-09-23,2959.3,0,2,23,9,3,266,39,2015,0.9749279121818236,-0.22252093395631434,-0.9906923101615609,-0.13612033862266704,-1.0,-1.8369701987210297e-16,2965.4,3287.899999999999,3157.899999999999,2919.7,3015.328571428571,94.63712651115408,3220.5333333333333,129.232987497288
2015-09-24,2984.6000000000004,1,3,24,9,3,267,39,2015,0.43388373911755823,-0.900968867902419,-0.9928872135356962,-0.11905873003404988,-1.0,-1.8369701987210297e-16,2959.3,3130.7,3248.899999999999,2941.4000000000005,2994.4571428571426,79.91816349957725,3211.7233333333334,136.0609870440645
2015-09-25,3009.9,0,4,25,9,3,268,39,2015,-0.433883739117558,-0.9009688679024191,-0.994788305609327,-0.10196189005174576,-1.0,-1.8369701987210297e-16,2984.6000000000004,3130.999999999999,3289.2000000000003,2877.4999999999995,2977.157142857143,54.49920051840274,3202.4133333333334,140.07324619231613
2015-09-26,3020.2,0,5,26,9,3,269,39,2015,-0.9749279121818236,-0.2225209339563146,-0.9963950238187231,-0.08483487790576538,-1.0,-1.8369701987210297e-16,3009.9,3076.0999999999995,3289.7000000000007,2892.4,2969.171428571429,39.660169535961614,3193.4300000000003,142.89574726425343
2015-09-27,2961.7,0,6,27,9,3,270,39,2015,-0.7818314824680299,0.6234898018587334,-0.9977068927101168,-0.06768276175455162,-1.0,-1.8369701987210297e-16,3020.2,2907.4,3319.3,2893.15,2976.928571428572,29.598632529582897,3181.51,146.8930630272225
2015-09-28,3094.4,0,0,28,9,3,271,40,2015,0.0,1.0,-0.9987235240803972,-0.050510617185222886,-1.0,-1.8369701987210297e-16,2961.7,2937.4,3227.6,2893.9,2999.3571428571427,48.25663536908964,3177.0699999999997,147.463852145729
2015-09-29,3140.899999999999,0,1,29,9,3,272,40,2015,0.7818314824680298,0.6234898018587336,-0.9994446170919858,-0.033323525711631344,-1.0,-1.8369701987210297e-16,3094.4,2965.4,3185.100000000001,2937.7000000000003,3024.4285714285716,68.86396528147574,3175.596666666667,147.60159676581523
2015-09-30,3154.0,0,2,30,9,3,273,40,2015,0.9749279121818236,-0.22252093395631434,-0.9998699583618592,-0.016126573270657762,-1.0,-1.8369701987210297e-16,3140.899999999999,2959.3,3304.5000000000005,2909.5000000000005,3052.2428571428572,77.01196567511877,3170.58,145.6135707961389
2015-10-01,3172.3,0,3,1,10,4,274,40,2015,0.43388373911755823,-0.900968867902419,-0.9999994220246925,0.001075151282798226,-0.8660254037844386,0.5000000000000001,3154.0,2984.6000000000004,3328.1,2920.6000000000004,3079.0571428571425,82.04691457013632,3165.3866666666663,142.54791507404133
2015-10-02,3085.3,0,4,2,10,4,275,40,2015,-0.433883739117558,-0.9009688679024191,-0.999832969770105,0.018276557681691223,-0.8660254037844386,0.5000000000000001,3172.3,3009.9,3309.6,2834.9,3089.828571428571,76.19522544723867,3157.9099999999994,140.59193911753817
2015-10-03,3128.1,0,5,3,10,4,276,40,2015,-0.9749279121818236,-0.2225209339563146,-0.9993706508539969,0.03547255575312556,-0.8660254037844386,0.5000000000000001,3085.3,3020.2,3321.8,2881.1000000000004,3105.242857142857,70.45996161281566,3151.4533333333334,137.21299258209925
2015-10-04,3047.6,0,6,4,10,4,277,40,2015,-0.7818314824680299,0.6234898018587334,-0.9986126020839734,0.052658056924614005,-0.8660254037844386,0.5000000000000001,3128.1,2961.7,3319.4,2833.3,3117.5142857142855,43.68765762288916,3142.393333333333,134.6914326265419
2015-10-05,3140.9,0,0,5,10,4,278,41,2015,0.0,1.0,-0.9975590477788613,0.06982797572987089,-0.8660254037844386,0.5000000000000001,3047.6,3094.4,3309.4999999999995,2879.600000000001,3124.157142857143,43.118822538959414,3136.773333333333,130.94375453062437
2015-10-06,3176.4,0,1,6,10,4,279,41,2015,0.7818314824680298,0.6234898018587336,-0.9962102997023297,0.0869772313136861,-0.8660254037844386,0.5000000000000001,3140.9,3140.899999999999,3207.8,2909.8,3129.2285714285713,47.30108223873787,3135.7266666666665,130.48112013868277
2015-10-07,3226.5000000000005,0,2,7,10,4,280,41,2015,0.9749279121818236,-0.22252093395631434,-0.9945667569706337,0.1041007489354256,-0.8660254037844386,0.5000000000000001,3176.4,3154.0,3269.0999999999995,2917.2000000000003,3139.585714285714,59.890968394588896,3134.3066666666664,129.2051587881573
2015-10-08,3248.3,0,3,8,10,4,281,41,2015,0.43388373911755823,-0.900968867902419,-0.9926289059345095,0.121193461470736,-0.8660254037844386,0.5000000000000001,3226.5000000000005,3172.3,3279.7,2841.3500000000004,3150.442857142857,72.39359679658482,3133.26,128.10927609151227
2015-10-09,3269.9,0,4,9,10,4,282,41,2015,-0.433883739117558,-0.9009688679024191,-0.9903973200352558,0.1382503109109819,-0.8660254037844386,0.5000000000000001,3248.3,3085.3,3301.7999999999997,2765.5000000000005,3176.8142857142857,78.10596282343158,3132.196666666667,126.78769243907172
2015-10-10,3240.4,0,5,10,10,4,283,41,2015,-0.9749279121818236,-0.2225209339563146,-0.9878726596350429,0.15526624985999563,-0.8660254037844386,0.5000000000000001,3269.9,3128.1,3316.7,2837.7,3192.8571428571427,77.9654807621947,3129.6533333333336,123.68632108277023
2015-10-11,3128.4000000000005,0,6,11,10,4,284,41,2015,-0.7818314824680299,0.6234898018587334,-0.9850556718215013,0.172236243027682,-0.8660254037844386,0.5000000000000001,3240.4,3047.6,3341.7999999999997,2905.0,3204.4000000000005,55.66884227289106,3122.54,117.02169736922275
2015-10-12,3194.5000000000005,0,0,12,10,4,285,42,2015,0.0,1.0,-0.981947190186646,0.18915526872004093,-0.8660254037844386,0.5000000000000001,3128.4000000000005,3140.9,3308.9999999999995,2972.2999999999997,3212.057142857143,48.73304344911768,3118.7233333333334,112.51086593758173
2015-10-13,3242.1,0,1,13,10,4,286,42,2015,0.7818314824680298,0.6234898018587336,-0.9785481345802031,0.20601832032517084,-0.8660254037844386,0.5000000000000001,3194.5000000000005,3176.4,3172.100000000001,2991.2,3221.4428571428575,47.017651194138274,3121.0566666666664,114.36655432043044
2015-10-14,3228.5,0,2,14,10,4,287,42,2015,0.9749279121818236,-0.22252093395631434,-0.9748595108374125,0.22282040779479959,-0.8660254037844386,0.5000000000000001,3242.1,3226.5000000000005,3271.7,2977.625,3221.7285714285717,47.05956205657369,3119.616666666667,112.66367429543844
2015-10-15,3220.4,0,3,15,10,4,288,42,2015,0.43388373911755823,-0.900968867902419,-0.9708824104813836,0.23955655912092708,-0.8660254037844386,0.5000000000000001,3228.5,3248.3,3298.4000000000005,2964.05,3217.7428571428577,45.592647694706486,3117.016666666667,109.2436381271964
2015-10-16,3244.0,0,4,16,10,4,289,42,2015,-0.433883739117558,-0.9009688679024191,-0.9666180104000972,0.2562218218071163,-0.8660254037844386,0.5000000000000001,3220.4,3269.9,3287.899999999999,2950.475000000001,3214.0428571428574,41.523842835334925,3115.553333333333,107.14965600323063
2015-10-17,3248.100000000001,0,5,17,10,4,290,42,2015,-0.9749279121818236,-0.2225209339563146,-0.9620675724981452,0.27281126433401914,-0.8660254037844386,0.5000000000000001,3244.0,3240.4,3130.7,2936.900000000001,3215.1428571428573,42.430525848893424,3119.4666666666667,109.83218965794588
2015-10-18,3151.1,0,6,18,10,4,291,42,2015,-0.7818314824680299,0.6234898018587334,-0.957232443323312,0.28931997761869527,-0.8660254037844386,0.5000000000000001,3248.100000000001,3128.4000000000005,3130.999999999999,3004.7000000000003,3218.3857142857146,34.89424157711731,3120.1366666666668,109.96619694827088
2015-10-19,3260.9,0,0,19,10,4,292,43,2015,0.0,1.0,-0.9521140536681102,0.3057430764672831,-0.8660254037844386,0.5000000000000001,3151.1,3194.5000000000005,3076.0999999999995,3020.9999999999995,3227.871428571428,36.315135241704056,3126.296666666667,112.55972968663369
2015-10-20,3300.7,0,1,20,10,4,293,43,2015,0.7818314824680298,0.6234898018587336,-0.9467139181463862,0.3220757010206104,-0.8660254037844386,0.5000000000000001,3260.9,3242.1,2907.4,3086.100000000001,3236.2428571428572,45.68682731904749,3139.4066666666668,109.03427152880822
2015-10-21,3227.9999999999995,0,2,21,10,4,294,43,2015,0.9749279121818236,-0.22252093395631434,-0.9410336347451197,0.3383130181923076,-0.8660254037844386,0.5000000000000001,3300.7,3228.5,2937.4,3103.5,3236.171428571429,45.701338940523996,3149.0933333333332,103.22269843046291
2015-10-22,3066.2,0,3,22,10,4,295,43,2015,0.43388373911755823,-0.900968867902419,-0.9350748843515574,0.3544502230989869,-0.8660254037844386,0.5000000000000001,3227.9999999999995,3220.4,2965.4,3086.1,3214.1428571428573,79.34777579626056,3152.453333333333,98.57295821854997
2015-10-23,3130.7000000000007,0,4,23,10,4,296,43,2015,-0.433883739117558,-0.9009688679024191,-0.9288394302558068,0.3704825404820963,-0.8660254037844386,0.5000000000000001,3066.2,3244.0,2959.3,3068.7000000000003,3197.957142857143,83.67978364264661,3158.1666666666665,91.72070549278395
2015-10-24,3126.4,0,5,24,10,4,297,43,2015,-0.9749279121818236,-0.2225209339563146,-0.9223291176290545,0.3864052261209853,-0.8660254037844386,0.5000000000000001,3130.7000000000007,3248.100000000001,2984.6000000000004,3051.3,3180.5714285714284,84.16661480434414,3162.8933333333334,85.93932074770451
2015-10-25,3043.3,0,6,25,10,4,298,43,2015,-0.7818314824680299,0.6234898018587334,-0.9155458729775467,0.40221356823680365,-0.8660254037844386,0.5000000000000001,3126.4,3151.1,3009.9,3076.8000000000006,3165.1714285714284,99.01083634779258,3164.0066666666667,84.08531354538154
2015-10-26,3075.0000000000005,0,0,26,10,4,299,44,2015,0.0,1.0,-0.9084917035725082,0.41790288888678667,-0.8660254037844386,0.5000000000000001,3043.3,3260.9,3020.2,3019.9,3138.6142857142863,93.85168136608682,3165.8333333333335,81.40608861977078
2015-10-27,3126.7,0,1,27,10,4,300,44,2015,0.7818314824680298,0.6234898018587336,-0.9011686968561569,0.4334685453485363,-0.8660254037844386,0.5000000000000001,3075.0000000000005,3300.7,2961.7,2964.4,3113.7571428571428,61.0926306833541,3171.3333333333335,72.19109856932438
2015-10-28,3012.6,0,2,28,10,4,301,44,2015,0.9749279121818236,-0.22252093395631434,-0.8935790198239952,0.4489059314938798,-0.8660254037844386,0.5000000000000001,3126.7,3227.9999999999995,3094.4,2913.3,3082.9857142857145,46.45253593982772,3168.606666666667,76.60682842228711
2015-10-29,2897.7,0,3,29,10,4,302,44,2015,0.43388373911755823,-0.900968867902419,-0.8857249183835637,0.4642104791518923,-0.8660254037844386,0.5000000000000001,3012.6,3066.2,3140.899999999999,2935.999999999999,3058.914285714286,84.5971124127419,3160.5,91.13097811620308
2015-10-30,2965.6,0,4,30,10,4,303,44,2015,-0.433883739117558,-0.9009688679024191,-0.8776087166898392,0.4793776594606945,-0.8660254037844386,0.5000000000000001,2897.7,3130.7000000000007,3154.0,2796.6000000000004,3035.328571428571,84.2618876734204,3154.22,97.83896128245432
2015-10-31,2947.8,0,5,31,10,4,304,44,2015,-0.9749279121818236,-0.2225209339563146,-0.8692328164574792,0.49440298420761813,-0.8660254037844386,0.5000000000000001,2965.6,3126.4,3172.3,2784.2000000000003,3009.8142857142857,78.96284840716915,3146.7366666666667,104.74990406821748
2015-11-01,2874.4,0,6,1,11,4,305,44,2015,-0.7818314824680299,0.6234898018587334,-0.8605996962501181,0.5092820071573356,-0.5000000000000004,0.8660254037844384,2947.8,3043.3,3085.3,2777.4,2985.6857142857148,91.78889599822703,3139.706666666667,115.53681286256167
2015-11-02,2935.0000000000005,1,0,2,11,4,306,45,2015,0.0,1.0,-0.8517119107469189,0.5240103253675756,-0.5000000000000004,0.8660254037844384,2874.4,3075.0000000000005,3128.1,2795.4,2965.6857142857143,84.00715105616383,3133.27,121.43411481696992
2015-11-03,2995.600000000001,0,1,3,11,4,307,45,2015,0.7818314824680298,0.6234898018587336,-0.8425720899866032,0.5385835804920232,-0.5000000000000004,0.8660254037844384,2935.0000000000005,3126.7,3047.6,2798.588888888889,2946.9571428571435,49.76135907654054,3131.536666666667,123.05936745953932
2015-11-04,3003.7,0,2,4,11,4,308,45,2015,0.9749279121818236,-0.22252093395631434,-0.8331829385891785,0.5529974600700271,-0.5000000000000004,0.8660254037844384,2995.600000000001,3012.6,3140.9,2801.777777777778,2945.6857142857143,47.88285805212164,3126.9633333333336,125.22967997694505
2015-11-05,2965.2000000000003,0,3,5,11,4,309,45,2015,0.43388373911755823,-0.900968867902419,-0.8235472349556007,0.5672476988027229,-0.5000000000000004,0.8660254037844384,3003.7,2897.7,3176.4,2804.9666666666667,2955.328571428571,43.173862242727395,3119.9233333333336,128.25463003899048
2015-11-06,2997.5000000000005,0,4,6,11,4,310,45,2015,-0.433883739117558,-0.9009688679024191,-0.8136678304455991,0.5813300798152042,-0.5000000000000004,0.8660254037844384,2965.2000000000003,2965.6,3226.5000000000005,2814.5333333333333,2959.8857142857146,46.027978034087376,3112.2900000000004,128.50722601446373
2015-11-07,2972.2000000000007,0,5,7,11,4,311,45,2015,-0.9749279121818236,-0.2225209339563146,-0.8035476485339116,0.5952404359043674,-0.5000000000000004,0.8660254037844384,2997.5000000000005,2947.8,3248.3,2817.722222222222,2963.371428571429,45.883864785137156,3103.086666666667,128.31729996873247
2015-11-08,2880.0,0,6,8,11,4,312,45,2015,-0.7818314824680299,0.6234898018587334,-0.7931896839451843,0.6089746507720486,-0.5000000000000004,0.8660254037844384,2972.2000000000007,2874.4,3269.9,2820.911111111111,2964.171428571429,44.087742600645306,3090.0899999999997,130.56483750652234
2015-11-09,2816.825,1,0,9,11,4,313,46,2015,0.0,1.0,-0.7825970017677834,0.6225286602431057,-0.5000000000000004,0.8660254037844384,2880.0,2935.0000000000005,3240.4,2824.1,2947.289285714286,71.32942920169532,3075.9708333333333,136.5168001666126
2015-11-10,2753.65,1,1,10,11,4,314,46,2015,0.7818314824680298,0.6234898018587336,-0.7717727365467837,0.6358984534680745,-0.5000000000000004,0.8660254037844384,2816.825,2995.600000000001,3128.4000000000005,2747.3,2912.725000000001,97.7469042561856,3063.479166666667,148.19941308276321
2015-11-11,2690.4750000000004,1,2,11,11,4,315,46,2015,0.9749279121818236,-0.22252093395631434,-0.7607200913564104,0.6490800741100398,-0.5000000000000004,0.8660254037844384,2753.65,3003.7,3194.5000000000005,2828.6000000000004,2867.9785714285717,118.62381403391653,3046.6783333333337,160.86260197026596
2015-11-12,2627.3,0,3,12,11,4,316,46,2015,0.43388373911755823,-0.900968867902419,-0.7494423368521953,0.6620696215153815,-0.5000000000000004,0.8660254037844384,2690.4750000000004,2965.2000000000003,3242.1,2882.1000000000004,2819.707142857143,139.39925178712366,3026.185,173.75327156433798
2015-11-13,2699.8,0,4,13,11,4,317,46,2015,-0.433883739117558,-0.9009688679024191,-0.7379428103031386,0.6748632518680403,-0.5000000000000004,0.8660254037844384,2627.3,2997.5000000000005,3228.5,2909.9000000000005,2777.178571428572,120.2078585449068,3008.561666666667,179.25075238303754
2015-11-14,2757.3,0,5,14,11,4,318,46,2015,-0.9749279121818236,-0.2225209339563146,-0.7262249146041543,0.6874571793269664,-0.5000000000000004,0.8660254037844384,2699.8,2972.2000000000007,3220.4,2964.8,2746.4785714285717,84.12683433929976,2993.1250000000005,180.3160405586768
2015-11-15,2705.6,0,6,15,11,4,319,46,2015,-0.7818314824680299,0.6234898018587334,-0.7142921172691032,0.699847677146407,-0.5000000000000004,0.8660254037844384,2757.3,2880.0,3244.0,3038.399999999999,2721.5642857142857,60.50066090744339,2975.1783333333337,181.2763402659856
2015-11-16,2774.8,0,0,16,11,4,320,47,2015,0.0,1.0,-0.7021479494046978,0.7120310787787131,-0.5000000000000004,0.8660254037844384,2705.6,2816.825,3248.100000000001,3002.0,2715.5607142857148,50.77584288061985,2959.4016666666666,177.25593990014642
2015-11-17,2783.6,0,1,17,11,4,321,47,2015,0.7818314824680298,0.6234898018587336,-0.6897960046655887,0.7240037789593305,-0.5000000000000004,0.8660254037844384,2774.8,2753.65,3151.1,3005.75,2719.839285714286,55.557064989409184,2947.1516666666666,176.24693479033215
2015-11-18,2804.0,0,2,18,11,4,322,47,2015,0.9749279121818236,-0.22252093395631434,-0.6772399381909491,0.7357622347736527,-0.5000000000000004,0.8660254037844384,2783.6,2690.4750000000004,3260.9,3009.4999999999995,2736.057142857143,61.77803971052905,2931.921666666667,167.73565765982372
2015-11-19,2805.9,0,3,19,11,4,323,47,2015,0.43388373911755823,-0.900968867902419,-0.6644834655228552,0.7473029667054297,-0.5000000000000004,0.8660254037844384,2804.0,2627.3,3300.7,3032.8,2761.5714285714284,43.574102181825566,2915.4283333333337,153.9867184898198
2015-11-20,2820.6,0,4,20,11,4,324,47,2015,-0.433883739117558,-0.9009688679024191,-0.6515303615068021,0.75862255966641,-0.5000000000000004,0.8660254037844384,2805.9,2699.8,3227.9999999999995,3061.0,2778.828571428571,38.67862089430928,2901.848333333334,143.04620047824696
2015-11-21,2803.5,0,5,21,11,4,325,47,2015,-0.9749279121818236,-0.2225209339563146,-0.6383844591746642,0.769717664006921,-0.5000000000000004,0.8660254037844384,2820.6,2757.3,3066.2,3060.6200000000003,2785.4285714285716,38.33295859030156,2893.091666666667,140.65913759334686
2015-11-22,2720.7000000000003,0,6,22,11,4,326,47,2015,-0.7818314824680299,0.6234898018587334,-0.6250496486104377,0.7805849965070866,-0.5000000000000004,0.8660254037844384,2803.5,2705.6,3130.7000000000007,3060.2400000000002,2787.5857142857144,33.16903317711924,2879.425,136.63727844943008
2015-11-23,2786.3,0,0,23,11,4,327,48,2015,0.0,1.0,-0.6115298757991053,0.7912213413483807,-0.5000000000000004,0.8660254037844384,2720.7000000000003,2774.8,3126.4,3059.8600000000006,2789.2285714285717,32.711858924338266,2868.0883333333336,129.35418427133965
2015-11-24,2833.4,0,1,24,11,4,328,48,2015,0.7818314824680298,0.6234898018587336,-0.5978291414589552,0.801623551065242,-0.5000000000000004,0.8660254037844384,2786.3,2783.6,3043.3,3059.4800000000005,2796.342857142857,36.481815431020394,2861.0916666666667,125.15896053537955
2015-11-25,2845.2000000000007,0,2,25,11,4,329,48,2015,0.9749279121818236,-0.22252093395631434,-0.5839514998576998,0.8117885474764613,-0.5000000000000004,0.8660254037844384,2833.4,2804.0,3075.0000000000005,3059.100000000001,2802.2285714285717,40.970384193373675,2853.4316666666664,118.46921594420428
2015-11-26,2842.9,0,3,26,11,4,330,48,2015,0.43388373911755823,-0.900968867902419,-0.5699010576127624,0.821713322596059,-0.5000000000000004,0.8660254037844384,2845.2000000000007,2805.9,3126.7,3077.5,2807.514285714286,43.8112401320151,2843.971666666667,106.63574555411822
2015-11-27,2858.6000000000004,0,4,27,11,4,331,48,2015,-0.433883739117558,-0.9009688679024191,-0.5556819724760489,0.8313949395234058,-0.5000000000000004,0.8660254037844384,2842.9,2820.6,3012.6,3059.3,2812.9428571428575,47.86922661943952,2838.838333333333,101.8369597337509
2015-11-28,2840.9999999999995,0,5,28,11,4,332,48,2015,-0.9749279121818236,-0.2225209339563146,-0.5412984521036173,0.8408305333122887,-0.5000000000000004,0.8660254037844384,2858.6000000000004,2803.5,2897.7,3025.9500000000007,2818.3,48.72699457180237,2836.9483333333333,101.23122025353875
2015-11-29,2747.1,0,6,29,11,4,333,48,2015,-0.7818314824680299,0.6234898018587334,-0.5267547528105542,0.8500173118187018,-0.5000000000000004,0.8660254037844384,2840.9999999999995,2720.7000000000003,2965.6,2992.600000000001,2822.0714285714284,40.18713369084972,2829.6650000000004,99.50136058676819
2015-11-30,2823.3,0,0,30,11,4,334,49,2015,0.0,1.0,-0.5120551783114646,0.8589525565270845,-0.5000000000000004,0.8660254037844384,2747.1,2786.3,2947.8,3044.1000000000004,2827.3571428571427,37.005353538059396,2825.5150000000003,96.96836704252506
2015-12-01,2860.3,0,1,1,12,4,335,49,2015,0.7818314824680298,0.6234898018587336,-0.4972040784469378,0.8676336233547726,-2.4492935982947064e-16,1.0,2823.3,2833.4,2874.4,3059.7000000000003,2831.2000000000003,39.07625024658779,2825.045,96.75719486745155
2015-12-02,2795.2,0,2,2,12,4,336,49,2015,0.9749279121818236,-0.22252093395631434,-0.4822058478963526,0.8760579434344281,-2.4492935982947064e-16,1.0,2860.3,2845.2000000000007,2935.0000000000005,3096.2,2824.0571428571425,40.629581060397264,2820.385,94.62190495096236
2015-12-03,2800.7,0,3,3,12,4,337,49,2015,0.43388373911755823,-0.900968867902419,-0.46706492487743034,0.8842230238742036,-2.4492935982947064e-16,1.0,2795.2,2842.9,2995.600000000001,3062.499999999999,2818.0285714285715,40.49830096377931,2813.888333333334,88.68130554981762
2015-12-04,2827.3,0,4,4,12,4,338,49,2015,-0.433883739117558,-0.9009688679024191,-0.451785789832884,0.8921264484954345,-2.4492935982947064e-16,1.0,2800.7,2858.6000000000004,3003.7,2992.1,2813.5571428571425,36.83439774372955,2808.008333333333,81.19389663374803
2015-12-05,2831.4,0,5,5,12,4,339,49,2015,-0.9749279121818236,-0.2225209339563146,-0.4363729641045924,0.8997658785476209,-2.4492935982947064e-16,1.0,2827.3,2840.9999999999995,2965.2000000000003,3004.4,2812.1857142857143,35.806723231424414,2803.548333333333,75.75418929273337
2015-12-06,2732.5000000000005,0,6,6,12,4,340,49,2015,-0.7818314824680299,0.6234898018587334,-0.42083100859565564,0.9071390534005044,-2.4492935982947064e-16,1.0,2831.4,2747.1,2997.5000000000005,3013.7999999999997,2810.1,40.36487747205103,2794.7149999999997,67.34164106024227
2015-12-07,2796.4000000000005,1,0,7,12,4,341,50,2015,0.0,1.0,-0.4051645224207563,0.9142437912130223,-2.4492935982947064e-16,1.0,2732.5000000000005,2823.3,2972.2000000000007,2967.45,2806.257142857143,40.17880275066072,2788.8550000000005,58.422872233370754
2015-12-08,2860.3,0,1,8,12,4,342,50,2015,0.7818314824680298,0.6234898018587336,-0.3893781415452015,0.9210779895789526,-2.4492935982947064e-16,1.0,2796.4000000000005,2860.3,2880.0,2921.1,2806.2571428571428,40.17880275066072,2788.1983333333337,57.46596253932817
2015-12-09,2865.6499999999996,1,2,9,12,4,343,50,2015,0.9749279121818236,-0.22252093395631434,-0.37347653741307074,0.9276396261490467,-2.4492935982947064e-16,1.0,2860.3,2795.2,2816.825,2874.75,2816.3214285714284,45.428037021419634,2789.825833333334,58.97620227365621
2015-12-10,2870.999999999999,0,3,10,12,4,344,50,2015,0.43388373911755823,-0.900968867902419,-0.3574644155648614,0.9339267592294762,-2.4492935982947064e-16,1.0,2865.6499999999996,2800.7,2753.65,2828.4,2826.3642857142854,49.027107419317474,2793.7375,60.36929481501617
2015-12-11,2878.9000000000005,0,4,11,12,4,345,50,2015,-0.433883739117558,-0.9009688679024191,-0.34134651424503615,0.9399375283564133,-2.4492935982947064e-16,1.0,2870.999999999999,2827.3,2690.4750000000004,2831.1,2833.7357142857145,52.916134230548195,2800.0183333333334,59.04269128075946
2015-12-12,2831.4,0,5,12,12,4,346,50,2015,-0.9749279121818236,-0.2225209339563146,-0.3251276029999093,0.9456701548465688,-2.4492935982947064e-16,1.0,2878.9000000000005,2831.4,2627.3,2868.0,2833.7357142857145,52.916134230548195,2806.821666666667,49.43116719466458
2015-12-13,2808.500000000001,0,6,13,12,4,347,50,2015,-0.7818314824680299,0.6234898018587334,-0.30881248126625377,0.9511229423235357,-2.4492935982947064e-16,1.0,2831.4,2732.5000000000005,2699.8,2873.6,2844.592857142857,32.56719244593085,2810.445,45.111009341292196
2015-12-14,2880.2000000000003,0,0,14,12,4,348,51,2015,0.0,1.0,-0.29240597695107734,0.9562942772197719,-2.4492935982947064e-16,1.0,2808.500000000001,2796.4000000000005,2757.3,2824.0,2856.5642857142857,26.788814741212786,2814.5416666666665,45.69500856185904
2015-12-15,2901.95,1,1,15,12,4,349,51,2015,0.7818314824680298,0.6234898018587336,-0.27591294500296043,0.9611826292540837,-2.4492935982947064e-16,1.0,2880.2000000000003,2860.3,2705.6,2759.7000000000003,2862.5142857142855,31.895489679667172,2821.086666666667,43.565171024959525
2015-12-16,2923.7,0,2,16,12,4,350,51,2015,0.9749279121818236,-0.22252093395631434,-0.2593382659754056,0.9657865518844574,-2.4492935982947064e-16,1.0,2901.95,2865.6499999999996,2774.8,2838.499999999999,2870.8071428571425,39.48922245977103,2826.05,46.49352939774876
2015-12-17,2931.0,0,3,17,12,4,351,51,2015,0.43388373911755823,-0.900968867902419,-0.2426868445825954,0.9701046827361175,-2.4492935982947064e-16,1.0,2923.7,2870.999999999999,2783.6,2876.5999999999995,2879.378571428572,45.58005646793618,2830.963333333333,49.54137061382311
2015-12-18,2969.9999999999995,0,4,18,12,4,352,51,2015,-0.433883739117558,-0.9009688679024191,-0.22596360824801906,0.974135744004672,-2.4492935982947064e-16,1.0,2931.0,2878.9000000000005,2804.0,2812.5599999999995,2892.3928571428573,56.9965819777311,2836.4966666666664,55.355189977712676
2015-12-19,2951.4,0,5,19,12,4,353,51,2015,-0.9749279121818236,-0.2225209339563146,-0.20917350564635637,0.9778785428342386,-2.4492935982947064e-16,1.0,2969.9999999999995,2831.4,2805.9,2748.5199999999995,2909.535714285714,53.5353988364057,2841.346666666667,58.84598825179842
2015-12-20,2871.899999999999,0,6,20,12,4,354,51,2015,-0.7818314824680299,0.6234898018587334,-0.19232150523909483,0.9813319716704275,-2.4492935982947064e-16,1.0,2951.4,2808.500000000001,2820.6,2684.48,2918.5928571428567,36.12534231179864,2843.0566666666664,58.9675593650335
2015-12-21,2935.7000000000007,0,0,21,12,4,355,52,2015,0.0,1.0,-0.17541259380427843,0.9844950085880858,-2.4492935982947064e-16,1.0,2871.899999999999,2880.2000000000003,2803.5,2620.44,2926.5214285714283,32.16843506121508,2847.463333333333,60.82011766382263
2015-12-22,2960.7000000000003,0,1,22,12,4,356,52,2015,0.7818314824680298,0.6234898018587336,-0.15845177496083632,0.9873667175937016,-2.4492935982947064e-16,1.0,2935.7000000000007,2901.95,2720.7000000000003,2556.4,2934.9142857142856,32.35271387751132,2855.463333333333,59.33746698759066
2015-12-23,2965.5,0,2,23,12,4,357,52,2015,0.9749279121818236,-0.22252093395631434,-0.14144406768794202,0.9899462489023779,-2.4492935982947064e-16,1.0,2960.7000000000003,2923.7,2786.3,2659.8,2940.8857142857146,33.76464761512445,2861.436666666667,61.12767719730545
2015-12-24,2931.0,0,3,24,12,4,358,52,2015,0.43388373911755823,-0.900968867902419,-0.12439450483979998,0.9922328391893008,-2.4492935982947064e-16,1.0,2965.5,2931.0,2833.4,2708.5999999999995,2940.8857142857146,33.76464761512445,2864.6900000000005,62.17236108397696
2015-12-25,2914.9999999999995,0,4,25,12,4,359,52,2015,-0.433883739117558,-0.9009688679024191,-0.10730813165636247,0.9942258118156161,-2.4492935982947064e-16,1.0,2931.0,2969.9999999999995,2845.2000000000007,2728.7000000000007,2933.0285714285715,32.22471692589992,2867.016666666667,62.721471510987136
2015-12-26,2907.8,0,5,26,12,4,360,52,2015,-0.9749279121818236,-0.2225209339563146,-0.09019000427034513,0.9959245770286599,-2.4492935982947064e-16,1.0,2914.9999999999995,2951.4,2842.9,2758.5,2926.7999999999997,32.29551052393991,2869.18,62.97968282131719
2015-12-27,2815.4,0,6,27,12,4,361,52,2015,-0.7818314824680299,0.6234898018587334,-0.07304518821104743,0.9973286321364752,-2.4492935982947064e-16,1.0,2907.8,2871.899999999999,2858.6000000000004,2802.899999999999,2918.7285714285717,50.328776204945655,2867.7400000000002,63.719459756984534
2015-12-28,2892.0000000000005,0,0,28,12,4,362,53,2015,0.0,1.0,-0.05587875690537313,0.9984375616565666,-2.4492935982947064e-16,1.0,2815.4,2935.7000000000007,2840.9999999999995,2770.3,2912.4857142857145,50.582422130352036,2869.4400000000005,63.661750818205086
2015-12-29,2926.3,0,1,29,12,4,363,53,2015,0.7818314824680298,0.6234898018587336,-0.03869579017652689,0.9992510374388481,-2.4492935982947064e-16,1.0,2892.0000000000005,2960.7000000000003,2747.1,2702.2,2907.5714285714284,46.63449060821126,2875.4133333333334,60.0939780294185
2015-12-30,2935.6,0,2,30,12,4,364,53,2015,0.9749279121818236,-0.22252093395631434,-0.021501372740813793,0.999768818762748,-2.4492935982947064e-16,1.0,2926.3,2965.5,2823.3,2778.8,2903.2999999999997,41.53476455534858,2879.1566666666668,60.23332754484365
2015-12-31,2931.0,0,3,31,12,4,365,53,2015,0.43388373911755823,-0.900968867902419,-0.004300592702981974,0.9999907524084426,-2.4492935982947064e-16,1.0,2935.6,2931.0,2860.3,2802.2,2903.2999999999997,41.53476455534858,2881.5133333333333,60.85004169851207
2016-01-01,2912.8,0,4,1,1,1,1,53,2016,-0.433883739117558,-0.9009688679024191,0.017201575418260506,0.9998520419557735,0.49999999999999994,0.8660254037844387,2931.0,2914.9999999999995,2795.2,2822.5000000000005,2902.9857142857145,41.439692267675774,2885.4333333333334,58.853111032119486
2016-01-02,2928.2,0,5,2,1,1,2,53,2016,-0.9749279121818236,-0.2225209339563146,0.03439806061360801,0.9994082116062598,0.49999999999999994,0.8660254037844387,2912.8,2907.8,2800.7,2844.4000000000005,2905.9000000000005,42.537473675199344,2889.6833333333334,57.10074178714141
2016-01-03,2881.3,0,6,3,1,1,3,53,2016,-0.7818314824680299,0.6234898018587334,0.051584366869408364,0.9986686402879997,0.49999999999999994,0.8660254037844387,2928.2,2815.4,2827.3,2850.8000000000006,2915.3142857142857,21.020341622021803,2891.483333333333,55.90501386021461
2016-01-04,2971.7,0,0,4,1,1,4,1,2016,0.0,1.0,0.06875540848113941,0.9976335468520451,0.49999999999999994,0.8660254037844387,2881.3,2892.0000000000005,2831.4,2851.8,2926.7000000000003,27.016908286020342,2896.1600000000003,56.56985824683643
2016-01-05,2996.1,0,1,5,1,1,5,1,2016,0.7818314824680298,0.6234898018587336,0.08590610426133272,0.9963032375991965,0.49999999999999994,0.8660254037844387,2971.7,2926.3,2732.5000000000005,2788.7,2936.671428571429,37.63791148502294,2904.946666666667,50.40920813071888
2016-01-06,3012.8,0,2,6,1,1,6,1,2016,0.9749279121818236,-0.22252093395631434,0.10303137904317879,0.9946781061893646,0.49999999999999994,0.8660254037844387,2996.1,2935.6,2796.4000000000005,2835.3,2947.7,47.33335680752915,2912.1600000000003,49.820559736038824
2016-01-07,3004.8,0,3,7,1,1,7,1,2016,0.43388373911755823,-0.900968867902419,0.1201261651823505,0.9927586335250793,0.49999999999999994,0.8660254037844387,3012.8,2931.0,2860.3,2870.6,2958.2428571428572,51.06554145225401,2916.9766666666665,51.58764175272681
2016-01-08,2990.1,0,4,8,1,1,8,1,2016,-0.433883739117558,-0.9009688679024191,0.13718540405660057,0.9905453876091833,0.49999999999999994,0.8660254037844387,3004.8,2912.8,2865.6499999999996,2840.4,2969.285714285714,47.858034106865816,2921.125,52.3165411140346
2016-01-09,2955.3,0,5,9,1,1,9,1,2016,-0.9749279121818236,-0.2225209339563146,0.1542040475626894,0.988039023376751,0.49999999999999994,0.8660254037844387,2990.1,2928.2,2870.999999999999,2820.9000000000005,2973.1571428571433,44.99073449587974,2923.935,51.792732065668844
2016-01-10,2892.8,0,6,10,1,1,10,1,2016,-0.7818314824680299,0.6234898018587334,0.17117705961019986,0.985240282501282,0.49999999999999994,0.8660254037844387,2955.3,2881.3,2878.9000000000005,2773.1,2974.7999999999997,41.121040842889414,2924.3983333333335,51.43691228486486
2016-01-11,2960.5,0,0,11,1,1,11,2,2016,0.0,1.0,0.18809941761179758,0.9821499931752291,0.49999999999999994,0.8660254037844387,2892.8,2971.7,2831.4,2743.7000000000003,2973.2000000000003,41.47810667491817,2928.701666666667,48.71663399866169
2016-01-12,3014.7000000000003,0,1,12,1,1,12,2,2016,0.7818314824680298,0.6234898018587336,0.20496611396949532,0.9787690698649216,0.49999999999999994,0.8660254037844387,2960.5,2996.1,2808.500000000001,2662.2000000000003,2975.8571428571427,43.72454905975347,2935.575,45.62062213288899
2016-01-13,2960.75,1,2,13,1,1,13,2,2016,0.9749279121818236,-0.22252093395631434,0.22177215755648186,0.975098513039961,0.49999999999999994,0.8660254037844387,3014.7000000000003,3012.8,2880.2000000000003,2739.8,2968.421428571429,40.717398586127096,2938.26,44.60829789823955
2016-01-14,2906.7999999999997,0,3,14,1,1,14,2,2016,0.43388373911755823,-0.900968867902419,0.23851257519407648,0.9711394088771653,0.49999999999999994,0.8660254037844387,2960.75,3004.8,2901.95,2767.5000000000005,2954.421428571429,42.91316675514283,2938.421666666667,44.4807740012008
2016-01-15,2846.9999999999995,0,4,15,1,1,15,2,2016,-0.433883739117558,-0.9009688679024191,0.2551824131233728,0.9668929289391521,0.49999999999999994,0.8660254037844387,2906.7999999999997,2990.1,2923.7,2765.3,2933.9785714285713,55.36284747874196,2935.8650000000002,47.46059554313546
2016-01-16,2836.8,0,5,16,1,1,16,2,2016,-0.9749279121818236,-0.2225209339563146,0.2717767384711357,0.9623603298276545,0.49999999999999994,0.8660254037844387,2846.9999999999995,2955.3,2931.0,2800.2000000000003,2917.0499999999997,65.02987134131898,2932.725,50.79273425842498
2016-01-17,2812.1,0,6,17,1,1,17,2,2016,-0.7818314824680299,0.6234898018587334,0.2882906407095177,0.9575429528116719,0.49999999999999994,0.8660254037844387,2836.8,2892.8,2969.9999999999995,2797.6,2905.5214285714287,76.23362041090573,2927.461666666667,54.818521415927655
2016-01-18,2905.3,0,0,18,1,1,18,3,2016,0.0,1.0,0.3047192331091634,0.9524422234305676,0.49999999999999994,0.8660254037844387,2812.1,2960.5,2951.4,2797.1000000000004,2897.6357142857146,72.35503158205151,2925.925,54.770459490105004
2016-01-19,2881.3000000000006,0,1,19,1,1,19,3,2016,0.7818314824680298,0.6234898018587336,0.321057654185271,0.9470596510722283,0.49999999999999994,0.8660254037844387,2905.3,3014.7000000000003,2871.899999999999,2695.3,2878.578571428571,50.71503604409347,2926.2383333333337,54.47683418336908
2016-01-20,2879.9,0,2,20,1,1,20,3,2016,0.9749279121818236,-0.22252093395631434,0.3373010691361842,0.9413968285264122,0.49999999999999994,0.8660254037844387,2881.3000000000006,2960.75,2935.7000000000007,2788.399999999999,2867.0285714285715,35.934835201424804,2924.3783333333336,55.09176307937502
2016-01-21,2893.0999999999995,0,3,21,1,1,21,3,2016,0.43388373911755823,-0.900968867902419,0.3534446712740877,0.9354554315134164,0.49999999999999994,0.8660254037844387,2879.9,2906.7999999999997,2960.7000000000003,2816.3,2865.0714285714284,33.71205097518595,2922.125,54.93717846399433
2016-01-22,2917.5999999999995,0,4,22,1,1,22,3,2016,-0.433883739117558,-0.9009688679024191,0.3694836834473831,0.9292372181882051,0.49999999999999994,0.8660254037844387,2893.0999999999995,2846.9999999999995,2965.5,2833.3,2875.157142857143,37.72628867439943,2920.528333333333,54.3257475047749
2016-01-23,2932.0999999999995,0,5,23,1,1,23,3,2016,-0.9749279121818236,-0.2225209339563146,0.38541335945432564,0.9227440286201427,0.49999999999999994,0.8660254037844387,2917.5999999999995,2836.8,2931.0,2831.9,2888.7714285714287,38.7586856625341,2920.5650000000005,54.333429650489954
2016-01-24,2940.1499999999996,1,6,24,1,1,24,3,2016,-0.7818314824680299,0.6234898018587334,0.4012289854475009,0.9159777842484877,0.49999999999999994,0.8660254037844387,2932.0999999999995,2812.1,2914.9999999999995,2813.9,2907.0642857142852,23.917439841526583,2921.4033333333336,54.43852738976654
2016-01-25,2948.2,0,0,25,1,1,25,4,2016,0.0,1.0,0.4169258813287287,0.908940487313808,0.49999999999999994,0.8660254037844387,2940.1499999999996,2905.3,2907.8,2813.4999999999995,2913.192857142857,28.45576140510992,2922.75,54.58989738541638
2016-01-26,2823.3,0,1,26,1,1,26,4,2016,0.7818314824680298,0.6234898018587336,0.4324994021339788,0.901634220265486,0.49999999999999994,0.8660254037844387,2948.2,2881.3000000000006,2815.4,2741.7000000000003,2904.907142857143,43.66803205791525,2923.0133333333333,54.07078683082313
2016-01-27,2970.8,0,2,27,1,1,27,4,2016,0.9749279121818236,-0.22252093395631434,0.44794493940789115,0.8940611451454876,0.49999999999999994,0.8660254037844387,2823.3,2879.9,2892.0000000000005,2780.6,2917.8928571428573,48.265743792168635,2925.64,54.42508517724465
2016-01-28,3029.399999999999,0,3,28,1,1,28,4,2016,0.43388373911755823,-0.900968867902419,0.4632579225674917,0.88622350294858,0.49999999999999994,0.8660254037844387,2970.8,2893.0999999999995,2926.3,2809.2,2937.3642857142854,62.105680861254704,2929.0766666666664,57.629012289557075
2016-01-29,3022.3,0,4,29,1,1,29,4,2016,-0.433883739117558,-0.9009688679024191,0.4784338202547012,0.8781236129591848,0.49999999999999994,0.8660254037844387,3029.399999999999,2917.5999999999995,2935.6,2822.2000000000003,2952.321428571428,68.79938139950438,2931.9666666666667,60.0888599654938
2016-01-30,3007.2000000000007,0,5,30,1,1,30,4,2016,-0.9749279121818236,-0.2225209339563146,0.49346814167723735,0.8697638720650646,0.49999999999999994,0.8660254037844387,3022.3,2932.0999999999995,2931.0,2854.300000000001,2963.0499999999997,70.94265876985122,2934.5066666666667,61.63715674779916
2016-01-31,2915.5,0,6,31,1,1,31,4,2016,-0.7818314824680299,0.6234898018587334,0.5083564379375122,0.8611467540480452,0.49999999999999994,0.8660254037844387,3007.2000000000007,2940.1499999999996,2912.8,2816.1,2959.5285714285715,72.85482629371846,2934.5966666666664,61.60633214953056
2016-02-01,2982.1000000000004,0,0,1,2,1,32,5,2016,0.0,1.0,0.5230943033491326,0.8522748088519838,0.8660254037844386,0.5000000000000001,2915.5,2948.2,2928.2,2830.1000000000004,2964.371428571429,73.10256981999977,2936.3933333333334,62.19648334294032
2016-02-02,3014.2,0,1,2,2,1,33,5,2016,0.7818314824680298,0.6234898018587336,0.5376773767406141,0.8431506618282,0.8660254037844386,0.5000000000000001,2982.1000000000004,2823.3,2881.3,2766.4,2991.6428571428573,39.66429364653691,2940.8233333333333,62.86645085955616
2016-02-03,3039.4999999999995,0,2,3,2,1,34,5,2016,0.9749279121818236,-0.22252093395631434,0.5521013427459208,0.8337770129585915,0.8660254037844386,0.5000000000000001,3014.2,2970.8,2971.7,2840.9,3001.4571428571426,42.07369951024998,2943.0833333333335,65.19044161654205
2016-02-04,3023.7000000000007,0,3,4,2,1,35,5,2016,0.43388373911755823,-0.900968867902419,0.5663619330814524,0.8241566360566663,0.8660254037844386,0.5000000000000001,3039.4999999999995,3029.399999999999,2996.1,2898.2,3000.6428571428573,41.49392956179027,2944.003333333333,66.15209868869177
2016-02-05,3022.9,0,4,5,2,1,36,5,2016,-0.433883739117558,-0.9009688679024191,0.580454927809098,0.8142923779467267,0.8660254037844386,0.5000000000000001,3023.7000000000007,3022.3,3012.8,2867.8,3000.7285714285717,41.54670922734638,2944.3399999999997,66.5388678219983
2016-02-06,3009.4,0,5,6,2,1,37,5,2016,-0.9749279121818236,-0.2225209339563146,0.5943761565849831,0.804187157621448,0.8660254037844386,0.5000000000000001,3022.9,3007.2000000000007,3004.8,2864.5,3001.0428571428574,41.61209187818865,2944.4933333333333,66.68812996448318
2016-02-07,2910.7,0,6,7,2,1,38,5,2016,-0.7818314824680299,0.6234898018587334,0.6081214998935418,0.7938439653781019,0.8660254037844386,0.5000000000000001,3009.4,2915.5,2990.1,2821.6000000000004,3000.3571428571427,43.263450977456856,2941.8466666666664,66.39063334086475
2016-02-08,2992.8,0,0,8,2,1,39,6,2016,0.0,1.0,0.6216868902665479,0.7832658619336791,0.8660254037844386,0.5000000000000001,2910.7,2982.1000000000004,2955.3,2705.4,3001.8857142857137,42.696191421570624,2943.0966666666664,67.00286784048454
2016-02-09,3048.4,0,1,9,2,1,40,6,2016,0.7818314824680298,0.6234898018587336,0.6350683134867438,0.7724559775191742,0.8660254037844386,0.5000000000000001,2992.8,3014.2,2892.8,2529.9999999999995,3006.7714285714287,46.156679339200025,2948.2833333333333,68.96879270956558
2016-02-10,3057.3,0,2,10,2,1,41,6,2016,0.9749279121818236,-0.22252093395631434,0.6482618097757122,0.7614175109532997,0.8660254037844386,0.5000000000000001,3048.4,3039.4999999999995,2960.5,2638.8,3009.3142857142857,48.68153067205415,2951.5099999999998,71.76762837629231
2016-02-11,3037.2,0,3,11,2,1,42,6,2016,0.43388373911755823,-0.900968867902419,0.6612634749656386,0.7501537286959042,0.8660254037844386,0.5000000000000001,3057.3,3023.7000000000007,3014.7000000000003,2695.4,3011.2428571428572,49.605068865445524,2952.26,72.56390928714816
2016-02-12,3051.1000000000004,0,4,12,2,1,43,6,2016,-0.433883739117558,-0.9009688679024191,0.6740694616546161,0.7386679638813748,0.8660254037844386,0.5000000000000001,3037.2,3022.9,2960.75,2700.8,3015.2714285714287,51.80584633309735,2955.2716666666665,74.76982343917538
2016-02-13,3020.5000000000005,0,5,13,2,1,44,6,2016,-0.9749279121818236,-0.2225209339563146,0.6866759803451553,0.726963615332308,0.8660254037844386,0.5000000000000001,3051.1000000000004,3009.4,2906.7999999999997,2725.0,3016.8571428571427,51.76603961233326,2959.0616666666665,75.10901925193524
2016-02-14,2927.7,0,6,14,2,1,45,6,2016,-0.7818314824680299,0.6234898018587334,0.6990793005655562,0.7150441465537444,0.8660254037844386,0.5000000000000001,3020.5000000000005,2910.7,2846.9999999999995,2747.4,3019.285714285714,46.03750024245726,2961.751666666666,72.35168716109234
2016-02-15,3017.8,0,0,15,2,1,46,7,2016,0.0,1.0,0.7112757519738152,0.7029130847082615,0.8660254037844386,0.5000000000000001,2927.7,2992.8,2836.8,2759.5000000000005,3022.8571428571427,44.58724993925637,2967.7850000000003,69.04388802882634
2016-02-16,3059.3,0,1,16,2,1,47,7,2016,0.7818314824680298,0.6234898018587336,0.7232617254437388,0.6905740195722294,0.8660254037844386,0.5000000000000001,3017.8,3048.4,2812.1,2699.4000000000005,3024.414285714286,45.80176228677564,2976.025,64.41914037420096
2016-02-17,3074.2,0,2,17,2,1,48,7,2016,0.9749279121818236,-0.22252093395631434,0.7350336741329412,0.6780306024735382,0.8660254037844386,0.5000000000000001,3059.3,3057.3,2905.3,2751.8500000000004,3026.8285714285716,48.20642122810964,2981.6549999999997,65.39807593657672
2016-02-18,3059.999999999999,0,3,18,2,1,49,7,2016,0.43388373911755823,-0.900968867902419,0.746588114532413,0.6652865452111116,0.8660254037844386,0.5000000000000001,3074.2,3037.2,2881.3000000000006,2804.3,3030.085714285714,49.76891360987977,2987.611666666666,64.06696346379076
2016-02-19,3088.3000000000006,0,4,19,2,1,50,7,2016,-0.433883739117558,-0.9009688679024191,0.7579216274973472,0.6523456189565257,0.8660254037844386,0.5000000000000001,3059.999999999999,3051.1000000000004,2879.9,2810.4,3035.4,54.17760915116416,2994.5583333333334,63.27862591053923
2016-02-20,3047.200000000001,0,5,20,2,1,51,7,2016,-0.9749279121818236,-0.2225209339563146,0.7690308592589181,0.6392116531380588,0.8660254037844386,0.5000000000000001,3088.3000000000006,3020.5000000000005,2893.0999999999995,2824.4999999999995,3039.214285714286,53.89290084888525,2999.6949999999997,60.971203420560116
2016-02-21,2971.9,0,6,21,2,1,52,7,2016,-0.7818314824680299,0.6234898018587334,0.7799125224167177,0.6258885343075018,0.8660254037844386,0.5000000000000001,3047.200000000001,2927.7,2917.5999999999995,2829.3,3045.528571428572,39.24995602063921,3001.505,59.23123353317644
2016-02-22,3056.4,0,0,22,2,1,53,8,2016,0.0,1.0,0.7905633969115482,0.612380204990065,0.8660254037844386,0.5000000000000001,2971.9,3017.8,2932.0999999999995,2835.6000000000004,3051.042857142857,37.371596038693745,3005.648333333333,58.55242932521866
2016-02-23,3099.7000000000007,0,1,23,2,1,54,8,2016,0.7818314824680298,0.6234898018587336,0.8009803309782905,0.5986906625177214,0.8660254037844386,0.5000000000000001,3056.4,3059.3,2940.1499999999996,2746.7000000000003,3056.8142857142857,41.72526926505427,3010.9666666666667,59.63404682083575
2016-02-24,3119.5,0,2,24,2,1,55,8,2016,0.9749279121818236,-0.22252093395631434,0.8111602420785621,0.5848239578463322,0.8660254037844386,0.5000000000000001,3099.7000000000007,3074.2,2948.2,2742.7578125000005,3063.285714285714,47.92366946761638,3016.6766666666667,61.58595721783178
2016-02-25,3114.8000000000006,0,3,25,2,1,56,8,2016,0.43388373911755823,-0.900968867902419,0.8211001178128892,0.5707841943569036,0.8660254037844386,0.5000000000000001,3119.5,3059.999999999999,2823.3,2738.815625,3071.1142857142863,51.63007613695815,3026.3933333333334,52.3230412311644
2016-02-26,3122.9,0,4,26,2,1,57,8,2016,-0.433883739117558,-0.9009688679024191,0.8307970168121247,0.5565755266413303,0.8660254037844386,0.5000000000000001,3114.8000000000006,3088.3000000000006,2970.8,2734.8734375000004,3076.057142857143,55.089891908403374,3031.4633333333336,54.08967320225255
2016-02-27,3098.3,0,5,27,2,1,58,8,2016,-0.9749279121818236,-0.2225209339563146,0.8402480696078469,0.5422021592729844,0.8660254037844386,0.5000000000000001,3122.9,3047.200000000001,3029.399999999999,2506.2265625000005,3083.3571428571427,54.00363744366039,3033.76,55.44482563463649
2016-02-28,3006.2000000000003,0,6,28,2,1,59,8,2016,-0.7818314824680299,0.6234898018587334,0.8494504794814806,0.527668345562516,0.8660254037844386,0.5000000000000001,3098.3,2971.9,3022.3,2502.2843750000006,3088.2571428571428,42.54569532255522,3033.223333333334,55.63716001659958
2016-02-29,3093.6,0,0,29,2,1,60,9,2016,0.0,1.0,0.8584015232918917,0.512978386299228,0.8660254037844386,0.5000000000000001,3006.2000000000003,3056.4,3007.2000000000007,2498.3421875000004,3093.571428571429,40.15966941625153,3036.1033333333335,56.47355489340965
2016-03-01,3123.8,0,1,1,3,1,61,9,2016,0.7818314824680298,0.6234898018587336,0.8670985522812081,0.4981366284784055,1.0,6.123233995736766e-17,3093.6,3099.7000000000007,2915.5,2494.4000000000005,3097.014285714286,41.773254145545785,3043.046666666667,53.87976866379958
2016-03-02,3138.3,0,2,2,3,1,62,9,2016,0.9749279121818236,-0.22252093395631434,0.8755389928586302,0.4831474640149687,1.0,6.123233995736766e-17,3123.8,3119.5,2982.1000000000004,2657.9000000000005,3099.7000000000003,44.0046209695106,3048.2533333333336,55.31517054076831
2016-03-03,3146.3,0,3,3,3,1,63,9,2016,0.43388373911755823,-0.900968867902419,0.8837203473619977,0.4680153284438345,1.0,6.123233995736766e-17,3138.3,3114.8000000000006,3014.2,2682.5999999999995,3104.2000000000003,47.2938332837415,3052.656666666667,57.716642453388346
2016-03-04,3128.6,0,4,4,3,1,64,9,2016,-0.433883739117558,-0.9009688679024191,0.8916401947968874,0.45274469960737107,1.0,6.123233995736766e-17,3146.3,3122.9,3039.4999999999995,2720.7000000000003,3105.014285714286,47.716643796916095,3055.6266666666666,59.28737106514712
2016-03-05,3040.0,0,5,5,3,1,65,9,2016,-0.9749279121818236,-0.2225209339563146,0.8992961915530253,0.4373400963303323,1.0,6.123233995736766e-17,3128.6,3098.3,3023.7000000000007,2653.9000000000005,3096.6857142857148,53.78582305690182,3056.17,59.05894279563673
2016-03-06,2895.4,0,6,6,3,1,66,9,2016,-0.7818314824680299,0.6234898018587334,0.9066860720977985,0.4218060770826634,1.0,6.123233995736766e-17,3040.0,3006.2000000000003,3022.9,2587.100000000001,3080.8571428571427,89.37930142831145,3051.92,65.74481177904747
2016-03-07,3004.2,0,0,7,3,1,67,10,2016,0.0,1.0,0.9138076496466615,0.40614723863057883,1.0,6.123233995736766e-17,2895.4,3093.6,3009.4,2596.9999999999995,3068.085714285714,93.54511262081735,3051.746666666667,65.86751977203824
2016-03-08,3060.0999999999995,0,1,8,3,1,68,10,2016,0.7818314824680298,0.6234898018587336,0.9206588168102428,0.3903682146763026,1.0,6.123233995736766e-17,3004.2,3123.8,2910.7,2770.6,3058.9857142857145,90.26271708319722,3056.726666666667,60.243465425199
2016-03-09,3142.399999999999,0,2,9,3,1,69,10,2016,0.9749279121818236,-0.22252093395631434,0.9272375462179537,0.374473674486883,1.0,6.123233995736766e-17,3060.0999999999995,3138.3,2992.8,2794.4,3059.5714285714284,90.87439526230095,3061.7133333333336,60.956817577657574
2016-03-10,3158.7999999999997,0,3,10,3,1,70,10,2016,0.43388373911755823,-0.900968867902419,0.9335418911179212,0.35846832151248087,1.0,6.123233995736766e-17,3142.399999999999,3146.3,3048.4,2827.4,3061.357142857142,92.96153070211025,3065.393333333333,63.40852185375891
2016-03-11,3148.899999999999,0,4,11,3,1,71,10,2016,-0.433883739117558,-0.9009688679024191,0.9395699859530622,0.342356891994542,1.0,6.123233995736766e-17,3158.7999999999997,3128.6,3057.3,2841.5000000000005,3064.2571428571423,95.6855589442806,3068.446666666667,65.1858760528851
2016-03-12,3011.3,0,5,12,3,1,72,10,2016,-0.9749279121818236,-0.2225209339563146,0.945320046913132,0.3261441535642696,1.0,6.123233995736766e-17,3148.899999999999,3040.0,3037.2,2826.1,3060.157142857143,97.49592909695943,3067.5833333333335,65.78276203998792
2016-03-13,2996.4,0,6,13,3,1,73,10,2016,-0.7818314824680299,0.6234898018587334,0.9507903724625832,0.3098349038318025,1.0,6.123233995736766e-17,3011.3,2895.4,3051.1000000000004,2746.5,3074.5857142857135,73.59292150228467,3065.76,67.00216465880767
2016-03-14,2996.4,0,0,14,3,1,74,11,2016,0.0,1.0,0.9559793438440766,0.2934339689665273,1.0,6.123233995736766e-17,2996.4,3004.2,3020.5000000000005,2726.0,3073.4714285714285,74.88399282193555,3064.9566666666665,67.70432514750155
2016-03-15,3058.2,0,1,15,3,1,75,11,2016,0.7818314824680298,0.6234898018587336,0.9608854255574977,0.27694620226893646,1.0,6.123233995736766e-17,2996.4,3060.0999999999995,2927.7,2705.5,3073.2,74.94395683889378,3069.306666666667,62.579874110441125
2016-03-16,3071.9999999999995,0,2,16,3,1,76,11,2016,0.9749279121818236,-0.22252093395631434,0.9655071658143364,0.2603764827344581,1.0,6.123233995736766e-17,3058.2,3142.399999999999,3017.8,2767.4,3063.1428571428573,68.56184208785078,3071.1133333333337,61.819362736895975
2016-03-17,3111.4,0,3,17,3,1,77,11,2016,0.43388373911755823,-0.900968867902419,0.969843196967294,0.24372971360968387,1.0,6.123233995736766e-17,3071.9999999999995,3158.7999999999997,3059.3,2825.3,3056.371428571428,59.247861122762586,3072.85,62.20665088070282
2016-03-18,3125.8000000000006,0,4,18,3,1,78,11,2016,-0.433883739117558,-0.9009688679024191,0.9738922359149924,0.22701082094141847,1.0,6.123233995736766e-17,3111.4,3148.899999999999,3074.2,2900.1,3053.0714285714284,53.61034459525663,3074.57,62.954138479727455
2016-03-19,3124.9,0,5,19,3,1,79,11,2016,-0.9749279121818236,-0.2225209339563146,0.9776530844816641,0.2102247521189836,1.0,6.123233995736766e-17,3125.8000000000006,3011.3,3059.999999999999,2888.8,3069.2999999999997,55.99901784855975,3076.733333333333,63.548489948331834
2016-03-20,3043.7,0,6,20,3,1,80,11,2016,-0.7818314824680299,0.6234898018587334,0.981124629771712,0.19337647441020586,1.0,6.123233995736766e-17,3124.9,2996.4,3088.3000000000006,2901.6000000000004,3076.057142857143,48.02200388515932,3075.2466666666664,63.7897988457573
2016-03-21,3128.4,0,0,21,3,1,81,12,2016,0.0,1.0,0.984305844499033,0.17647097349152166,1.0,6.123233995736766e-17,3043.7,2996.4,3047.200000000001,2847.9,3094.914285714286,35.921322756478034,3077.9533333333334,64.27953357626528
2016-03-22,3146.4,0,1,22,3,1,82,12,2016,0.7818314824680298,0.6234898018587336,0.9871957872910085,0.15951325197263655,1.0,6.123233995736766e-17,3128.4,3058.2,2971.9,2972.6,3107.5142857142855,36.36291281752902,3083.7699999999995,62.2139032582056
2016-03-23,3137.2,0,2,23,3,1,83,12,2016,0.9749279121818236,-0.22252093395631434,0.9897936029670716,0.14250832791617088,1.0,6.123233995736766e-17,3146.4,3071.9999999999995,3056.4,3037.3,3116.828571428571,34.025123770868774,3086.463333333333,62.734951394238664
2016-03-24,2937.7,0,3,24,3,1,84,12,2016,0.43388373911755823,-0.900968867902419,0.992098522791769,0.12546123335273648,1.0,6.123233995736766e-17,3137.2,3111.4,3099.7000000000007,3075.8,3092.014285714286,76.04120436913372,3081.0633333333335,68.28315025828883
2016-03-25,3041.7,0,4,25,3,1,85,12,2016,-0.433883739117558,-0.9009688679024191,0.9941098647022418,0.10837701279187609,1.0,6.123233995736766e-17,2937.7,3125.8000000000006,3119.5,3129.9999999999995,3080.0,76.45613121263364,3078.4700000000003,68.25040179243054
2016-03-26,3123.9,0,5,26,3,1,86,12,2016,-0.9749279121818236,-0.2225209339563146,0.9958270335100595,0.09126072172931188,1.0,6.123233995736766e-17,3041.7,3124.9,3114.8000000000006,3059.1,3079.8571428571427,76.35912643868863,3078.773333333333,68.43740121496499
2016-03-27,3039.3000000000006,0,6,27,3,1,87,12,2016,-0.7818314824680299,0.6234898018587334,0.9972495210773451,0.07411742515094437,1.0,6.123233995736766e-17,3123.9,3043.7,3122.9,3040.0,3079.2285714285713,76.72361032274101,3075.986666666666,68.28052548801985
2016-03-28,3093.3,0,0,28,3,1,88,13,2016,0.0,1.0,0.998376906467142,0.056952196034039754,1.0,6.123233995736766e-17,3039.3000000000006,3128.4,3098.3,2899.5,3074.214285714286,74.07569166225495,3075.82,68.23026631473672
2016-03-29,3169.7,0,1,29,3,1,89,13,2016,0.7818314824680298,0.6234898018587336,0.9992088560679753,0.03977011384605572,1.0,6.123233995736766e-17,3093.3,3146.4,3006.2000000000003,2849.5999999999995,3077.542857142857,78.2649742252535,3081.2699999999995,69.00303416617693
2016-03-30,3168.0,0,2,30,3,1,90,13,2016,0.9749279121818236,-0.22252093395631434,0.9997451236925734,0.022576263041545485,1.0,6.123233995736766e-17,3169.7,3137.2,3093.6,2903.5999999999995,3081.942857142857,82.9060081687669,3083.75,70.7756764666437
2016-03-31,3196.6000000000004,0,3,31,3,1,91,13,2016,0.43388373911755823,-0.900968867902419,0.9999855506507186,0.005375731557583884,1.0,6.123233995736766e-17,3168.0,2937.7,3123.8,2909.8000000000006,3118.9285714285716,63.25226515803914,3086.1766666666667,73.3957514665123
2016-04-01,3187.0,0,4,1,4,2,92,13,2016,-0.433883739117558,-0.9009688679024191,0.9999300657962057,-0.011826390691832589,0.8660254037844387,-0.4999999999999998,3196.6000000000004,3041.7,3138.3,2920.9,3139.6857142857148,57.24006256031538,3087.8,75.10695821569742
2016-04-02,3208.7000000000003,0,5,2,4,2,93,13,2016,-0.9749279121818236,-0.2225209339563146,0.9995786855478958,-0.029025013321975237,0.8660254037844387,-0.4999999999999998,3187.0,3123.9,3146.3,2858.1000000000004,3151.8,62.10882921671333,3089.8799999999997,77.60540507305193
2016-04-03,3147.9,0,6,3,4,2,94,13,2016,-0.7818314824680299,0.6234898018587334,0.9989315138848577,-0.046215046983708354,0.8660254037844387,-0.4999999999999998,3208.7000000000003,3039.3000000000006,3128.6,2817.7,3167.3142857142857,38.33872839887224,3090.523333333333,78.01636293149167
2016-04-04,3236.9,0,0,4,4,2,95,14,2016,0.0,1.0,0.9979887423155984,-0.06339140486951038,0.8660254037844387,-0.4999999999999998,3147.9,3093.3,3040.0,2844.333333333333,3187.828571428571,29.544752172882113,3097.086666666667,81.80954220262531
2016-04-05,3245.5,0,1,5,4,2,96,14,2016,0.7818314824680298,0.6234898018587336,0.9967506498213929,-0.08054900421874167,0.8660254037844387,-0.4999999999999998,3236.9,3169.7,2895.4,2870.9666666666667,3198.6571428571433,35.15180683569882,3108.7566666666667,76.86857877117166
2016-04-06,3240.5,0,2,6,4,2,97,14,2016,0.9749279121818236,-0.22252093395631434,0.9952176027737294,-0.09768276782171598,0.8660254037844387,-0.4999999999999998,3245.5,3168.0,3004.2,2897.6,3209.014285714286,35.29392906118976,3116.633333333333,77.88531061244132
2016-04-07,3246.0999999999995,0,3,7,4,2,98,14,2016,0.43388373911755823,-0.900968867902419,0.9933900548258936,-0.11478762552212701,0.8660254037844387,-0.4999999999999998,3240.5,3196.6000000000004,3060.0999999999995,2915.0999999999995,3216.085714285714,37.2942546322669,3122.8333333333335,80.58619858449696
2016-04-08,3217.6,0,4,8,4,2,99,14,2016,-0.433883739117558,-0.9009688679024191,0.9912685467787256,-0.13185851571739118,0.8660254037844387,-0.4999999999999998,3246.0999999999995,3187.0,3142.399999999999,2934.3,3220.457142857143,35.04215828324271,3125.3399999999997,82.36573023559336
2016-04-09,3208.3,0,5,9,4,2,100,14,2016,-0.9749279121818236,-0.2225209339563146,0.9888537064205885,-0.1488903868564548,0.8660254037844387,-0.4999999999999998,3217.6,3208.7000000000003,3158.7999999999997,2967.8,3220.4,35.06484469291589,3126.99,83.5464782889377
2016-04-10,3139.1,0,6,10,4,2,101,14,2016,-0.7818314824680299,0.6234898018587334,0.986146248341595,-0.16587819893463143,0.8660254037844387,-0.4999999999999998,3208.3,3147.9,3148.899999999999,2872.9,3219.1428571428573,38.12181602636249,3126.663333333333,83.47698622905737
2016-04-11,3235.2,0,0,11,4,2,102,15,2016,0.0,1.0,0.9831469737221499,-0.1828169249850199,0.8660254037844387,-0.4999999999999998,3139.1,3236.9,3011.3,2643.0000000000005,3218.9,37.99504353647063,3134.126666666666,82.81351685995416
2016-04-12,3267.8,0,1,12,4,2,103,15,2016,0.7818314824680298,0.6234898018587336,0.9798567700958665,-0.1997015525660636,0.8660254037844387,-0.4999999999999998,3235.2,3245.5,2996.4,2684.5,3222.085714285714,41.381051564410846,3143.173333333333,82.06997406895864
2016-04-13,3295.0999999999995,0,2,13,4,2,104,15,2016,0.9749279121818236,-0.22252093395631434,0.9762766110869321,-0.21652708524481437,0.8660254037844387,-0.4999999999999998,3267.8,3240.5,2996.4,2689.6,3229.8857142857137,49.73340354908863,3153.13,81.76800297394044
2016-04-14,3300.7,0,3,14,4,2,105,15,2016,0.43388373911755823,-0.900968867902419,0.9724075561219968,-0.23328854407545518,0.8660254037844387,-0.4999999999999998,3295.0999999999995,3246.0999999999995,3058.2,2759.8,3237.6857142857143,56.51894751830206,3161.213333333333,84.01542852290086
2016-04-15,3312.8,0,4,15,4,2,106,15,2016,-0.433883739117558,-0.9009688679024191,0.9682507501166718,-0.2499809690726521,0.8660254037844387,-0.4999999999999998,3300.7,3217.6,3071.9999999999995,2796.3,3251.285714285714,62.06226520124814,3169.24,86.65943090927234
2016-04-16,3278.75,1,5,16,4,2,107,15,2016,-0.9749279121818236,-0.2225209339563146,0.9638074231367307,-0.26659942067929354,0.8660254037844387,-0.4999999999999998,3312.8,3208.3,3111.4,2854.2000000000003,3261.3499999999995,59.59283374147203,3174.8183333333336,88.18071030300226
2016-04-17,3244.7000000000003,0,6,17,4,2,108,15,2016,-0.7818314824680299,0.6234898018587334,0.9590788900341131,-0.28313898122818354,0.8660254037844387,-0.4999999999999998,3278.75,3139.1,3125.8000000000006,2839.9,3276.4357142857143,29.002711285503924,3178.7816666666668,88.57272531395914
2016-04-18,3368.3,0,0,18,4,2,109,16,2016,0.0,1.0,0.9540665500578387,-0.2995947563972602,0.8660254037844387,-0.4999999999999998,3244.7000000000003,3235.2,3124.9,2912.7,3295.4500000000003,39.27426001856359,3186.895,94.42162992809324
2016-04-19,3400.499999999999,0,1,19,4,2,110,16,2016,0.7818314824680298,0.6234898018587336,0.9487718864399473,-0.31596187665790293,0.8660254037844387,-0.4999999999999998,3368.3,3267.8,3043.7,2985.5,3314.407142857143,53.244987468137424,3198.7883333333334,98.16007834087708
2016-04-20,3400.5,0,2,20,4,2,111,16,2016,0.9749279121818236,-0.22252093395631434,0.9431964659565866,-0.33223549871590435,0.8660254037844387,-0.4999999999999998,3400.499999999999,3295.0999999999995,3128.4,3006.15,3329.464285714286,61.18600544169262,3207.858333333333,103.83869460431707
2016-04-21,3356.0,0,3,21,4,2,112,16,2016,0.43388373911755823,-0.900968867902419,0.9373419384643772,-0.3484108069446808,0.8660254037844387,-0.4999999999999998,3400.5,3300.7,3146.4,3026.8,3337.3642857142854,60.4183382363687,3214.8450000000003,106.57621228897355
2016-04-22,3320.2000000000003,0,4,22,4,2,113,16,2016,-0.433883739117558,-0.9009688679024191,0.9312100364121947,-0.3644830148102912,0.8660254037844387,-0.4999999999999998,3356.0,3312.8,3137.2,2967.9666666666667,3338.421428571429,59.980051247270666,3220.945,107.21406427138454
2016-04-23,3328.7000000000007,0,5,23,4,2,114,16,2016,-0.9749279121818236,-0.2225209339563146,0.9248025743285089,-0.38044736628785164,0.8660254037844387,-0.4999999999999998,3320.2000000000003,3278.75,2937.7,2909.1333333333337,3345.5571428571425,54.41053381912757,3233.978333333333,94.620510355248
2016-04-24,3325.1500000000005,1,6,24,4,2,115,16,2016,-0.7818314824680299,0.6234898018587334,0.9181214482844365,-0.39629913726891813,0.8660254037844387,-0.4999999999999998,3328.7000000000007,3244.7000000000003,3041.7,2850.3,3357.05,34.35773809017434,3243.4266666666667,88.72689085571633
2016-04-25,3321.6000000000004,0,0,25,4,2,116,17,2016,0.0,1.0,0.9111686353326631,-0.41203363695942635,0.8660254037844387,-0.4999999999999998,3325.1500000000005,3368.3,3123.9,2793.3,3350.378571428572,36.28890851153652,3250.016666666667,86.86552759904363
2016-04-26,3358.499999999998,0,1,26,4,2,117,17,2016,0.7818314824680298,0.6234898018587336,0.9039461929224011,-0.42764620926777464,0.8660254037844387,-0.4999999999999998,3321.6000000000004,3400.499999999999,3039.3000000000006,2900.6,3344.378571428572,29.448003004594813,3260.6566666666668,79.39291392569025
2016-04-27,3366.0000000000005,0,2,27,4,2,118,17,2016,0.9749279121818236,-0.22252093395631434,0.8964562582905575,-0.44313223418263453,0.8660254037844387,-0.4999999999999998,3358.499999999998,3400.5,3093.3,2934.2,3339.4500000000003,19.794548913094047,3269.7466666666664,75.06409437521239
2016-04-28,3394.9,0,3,28,4,2,119,17,2016,0.43388373911755823,-0.900968867902419,0.8887010478292915,-0.45848712914008766,0.8660254037844387,-0.4999999999999998,3366.0000000000005,3356.0,3169.7,2987.1,3345.007142857143,28.68092322693108,3277.2533333333336,75.96901584079629
2016-04-29,3395.6,0,4,29,4,2,120,17,2016,-0.433883739117558,-0.9009688679024191,0.8806828564301475,-0.47370635037968,0.8660254037844387,-0.4999999999999998,3394.9,3320.2000000000003,3168.0,2992.5999999999995,3355.7785714285715,31.800548438018048,3284.8399999999997,76.04680205933334
2016-04-30,3376.1,0,5,30,4,2,121,17,2016,-0.9749279121818236,-0.2225209339563146,0.8724040568049612,-0.48878539428899265,0.8660254037844387,-0.4999999999999998,3395.6,3328.7000000000007,3196.6000000000004,2982.0999999999995,3362.5499999999997,30.073230067172386,3290.8233333333333,75.92610942197184
2016-05-01,3202.100000000001,0,6,1,5,2,122,17,2016,-0.7818314824680299,0.6234898018587334,0.8638670987837349,-0.503719798736334,0.49999999999999994,-0.8660254037844387,3376.1,3325.1500000000005,3187.0,2971.5999999999995,3344.9714285714285,67.83410435976846,3291.326666666667,75.26124470154748
2016-05-02,3373.2,0,0,2,5,2,123,18,2016,0.0,1.0,0.8550745085896932,-0.518505144391157,0.49999999999999994,-0.8660254037844387,3202.100000000001,3321.6000000000004,3208.7000000000003,2910.8,3352.3428571428567,67.674536253669,3296.81,75.02584887892495
2016-05-03,3327.0,1,1,3,5,2,124,18,2016,0.7818314824680298,0.6234898018587336,0.8460288880917339,-0.533137056031809,0.49999999999999994,-0.8660254037844387,3373.2,3358.499999999998,3147.9,3006.4999999999995,3347.842857142857,68.24179699531022,3302.78,69.70516307006278
2016-05-04,3280.8000000000006,0,2,4,5,2,125,18,2016,0.9749279121818236,-0.22252093395631434,0.8367329140344921,-0.5476112038402312,0.49999999999999994,-0.8660254037844387,3327.0,3366.0000000000005,3236.9,3031.3,3335.671428571429,71.960306518885,3304.2433333333333,68.72839815277997
2016-05-05,3221.0000000000005,0,3,5,5,2,126,18,2016,0.43388373911755823,-0.900968867902419,0.8271893372462497,-0.5619233046832195,0.49999999999999994,-0.8660254037844387,3280.8000000000006,3394.9,3245.5,3079.8,3310.828571428571,77.87923801817591,3303.4266666666667,69.59063890346074
2016-05-06,3190.3,0,4,6,5,2,127,18,2016,-0.433883739117558,-0.9009688679024191,0.8174009818249189,-0.5760691233798758,0.49999999999999994,-0.8660254037844387,3221.0000000000005,3395.6,3240.5,3113.2,3281.5000000000005,79.27887486591736,3301.753333333333,71.72666739850176
2016-05-07,3242.2999999999997,0,5,7,5,2,128,18,2016,-0.9749279121818236,-0.2225209339563146,0.8073707443023492,-0.5900444739548627,0.49999999999999994,-0.8660254037844387,3190.3,3376.1,3246.0999999999995,3157.1,3262.3857142857146,67.99611333434501,3301.6266666666666,71.83161672218493
2016-05-08,3158.5000000000005,0,6,8,5,2,129,18,2016,-0.7818314824680299,0.6234898018587334,0.7971015927871943,-0.6038452208771035,0.49999999999999994,-0.8660254037844387,3242.2999999999997,3202.100000000001,3217.6,3168.8,3256.1571428571433,75.96834553822492,3299.6566666666668,74.95791662240305
2016-05-09,3296.1,0,0,9,5,2,130,19,2016,0.0,1.0,0.7865965660866021,-0.6174672802835514,0.49999999999999994,-0.8660254037844387,3158.5000000000005,3373.2,3208.3,3062.0,3245.1428571428573,60.10315735312965,3302.5833333333335,72.95526183825537
2016-05-10,3274.9,0,1,10,5,2,131,19,2016,0.7818314824680298,0.6234898018587336,0.7758587728069828,-0.6309066211876704,0.49999999999999994,-0.8660254037844387,3296.1,3327.0,3139.1,3102.7000000000007,3237.7000000000003,50.77968754011936,3307.11,66.3783517888949
2016-05-11,3238.5000000000005,0,2,11,5,2,132,19,2016,0.9749279121818236,-0.22252093395631434,0.7648913904341226,-0.6441592666722685,0.49999999999999994,-0.8660254037844387,3274.9,3280.8000000000006,3235.2,3067.100000000001,3231.6571428571433,47.185585975114904,3307.2200000000003,66.25770039831109
2016-05-12,3331.7,0,3,12,5,2,133,19,2016,0.43388373911755823,-0.900968867902419,0.753697664392914,-0.6572212950663319,0.49999999999999994,-0.8660254037844387,3238.5000000000005,3221.0000000000005,3267.8,2991.7000000000003,3247.471428571429,59.86545231565459,3309.35,65.97325215572909
2016-05-13,3347.0,0,4,13,5,2,134,19,2016,-0.433883739117558,-0.9009688679024191,0.742280907086982,-0.6700888411055113,0.49999999999999994,-0.8660254037844387,3331.7,3190.3,3295.0999999999995,2978.399999999999,3269.8571428571427,64.0738599103816,3311.08,66.26652116709944
2016-05-14,3326.0000000000005,0,5,14,5,2,135,19,2016,-0.9749279121818236,-0.2225209339563146,0.7306444969184916,-0.6827580970759147,0.49999999999999994,-0.8660254037844387,3347.0,3242.2999999999997,3300.7,3005.4,3281.8142857142857,65.8591534658916,3311.923333333333,66.29085042883486
2016-05-15,3236.7000000000003,0,6,15,5,2,136,19,2016,-0.7818314824680299,0.6234898018587334,0.7187918772884232,-0.6952253139408722,0.49999999999999994,-0.8660254037844387,3326.0000000000005,3158.5000000000005,3312.8,2954.0,3292.9857142857145,44.68379380242105,3309.3866666666668,67.69723920076586
2016-05-16,3278.3,0,0,16,5,2,137,20,2016,0.0,1.0,0.7067265555776158,-0.7074868024503348,0.49999999999999994,-0.8660254037844387,3236.7000000000003,3296.1,3278.75,2890.3,3290.4428571428575,44.98250982862144,3309.3716666666664,67.70431107772353
2016-05-17,3307.2,0,1,17,5,2,138,20,2016,0.7818314824680298,0.6234898018587336,0.6944521021088763,-0.719538934232584,0.49999999999999994,-0.8660254037844387,3278.3,3274.9,3244.7000000000003,3009.3,3295.057142857143,44.77859820437354,3311.4550000000004,66.59823487101193
2016-05-18,3281.7,0,2,18,5,2,139,20,2016,0.9749279121818236,-0.22252093395631434,0.6819721490904629,-0.7313781428679254,0.49999999999999994,-0.8660254037844387,3307.2,3238.5000000000005,3368.3,3049.5,3301.2285714285713,38.174673728686116,3308.5683333333336,65.92274538578323
2016-05-19,3286.9000000000005,0,3,19,5,2,140,20,2016,0.43388373911755823,-0.900968867902419,0.6692903895412567,-0.7430009249440493,0.49999999999999994,-0.8660254037844387,3281.7,3331.7,3400.499999999999,3044.3,3294.828571428571,35.90244719084742,3304.7816666666668,63.68466561944747
2016-05-20,3235.4,0,4,20,5,2,141,20,2016,-0.433883739117558,-0.9009688679024191,0.6564105761979381,-0.7544038410927472,0.49999999999999994,-0.8660254037844387,3286.9000000000005,3347.0,3400.5,3162.8,3278.8857142857146,33.57724569670922,3299.2783333333336,62.245226493825754
2016-05-21,3233.7999999999997,0,5,21,5,2,142,20,2016,-0.9749279121818236,-0.2225209339563146,0.6433365204044917,-0.765583517007675,0.49999999999999994,-0.8660254037844387,3235.4,3326.0000000000005,3356.0,3201.2000000000003,3265.714285714286,29.897459678770915,3295.205,62.40354812804132
2016-05-22,3199.2999999999997,0,6,22,5,2,143,20,2016,-0.7818314824680299,0.6234898018587334,0.6300720909843687,-0.7765366444428655,0.49999999999999994,-0.8660254037844387,3233.7999999999997,3236.7000000000003,3320.2000000000003,3181.4,3260.371428571428,38.149605252977146,3291.175,64.59894142137179
2016-05-23,3156.5000000000005,0,0,23,5,2,144,21,2016,0.0,1.0,0.6166212130956382,-0.7872599821916922,0.49999999999999994,-0.8660254037844387,3199.2999999999997,3278.3,3328.7000000000007,3087.600000000001,3242.9714285714285,53.355528119941035,3285.435,68.67175189715063
2016-05-24,3126.4,0,1,24,5,2,145,21,2016,0.7818314824680298,0.6234898018587336,0.6029878670694714,-0.7977503570459932,0.49999999999999994,-0.8660254037844387,3156.5000000000005,3307.2,3325.1500000000005,3176.2000000000007,3217.1428571428573,60.3802632528329,3278.81,74.08210892025143
2016-05-25,3163.0,0,2,25,5,2,146,21,2016,0.9749279121818236,-0.22252093395631434,0.5891760872322963,-0.8080046647350754,0.49999999999999994,-0.8660254037844387,3126.4,3281.7,3321.6000000000004,3213.3500000000004,3200.1857142857148,55.71604881219732,3273.5233333333335,76.54142751765046
2016-05-26,3231.9,0,3,26,5,2,147,21,2016,0.43388373911755823,-0.900968867902419,0.5751899607119775,-0.8180198708443175,0.49999999999999994,-0.8660254037844387,3163.0,3286.9000000000005,3358.499999999998,3250.5000000000005,3192.3285714285716,44.120959278148234,3269.3033333333337,75.17252104022548
2016-05-27,3274.4000000000005,0,4,27,5,2,148,21,2016,-0.433883739117558,-0.9009688679024191,0.5610336262283677,-0.8277930117131022,0.49999999999999994,-0.8660254037844387,3231.9,3235.4,3366.0000000000005,3185.5,3197.9,52.190739919437426,3266.2500000000005,72.93652767282238
2016-05-28,3222.000000000001,0,5,28,5,2,149,21,2016,-0.9749279121818236,-0.2225209339563146,0.5467112728685939,-0.8373211953118121,0.49999999999999994,-0.8660254037844387,3274.4000000000005,3233.7999999999997,3394.9,3231.999999999998,3196.214285714286,51.01527315660594,3260.4866666666667,69.15328667152453
2016-05-29,2969.4000000000005,0,6,29,5,2,150,21,2016,-0.7818314824680299,0.6234898018587334,0.5322271388474397,-0.8466016020976267,0.49999999999999994,-0.8660254037844387,3222.000000000001,3199.2999999999997,3395.6,3185.3,3163.371428571429,99.58244012353327,3246.28,82.85926747744719
2016-05-30,3092.4000000000005,0,0,30,5,2,151,22,2016,0.0,1.0,0.5175855102531889,-0.8556314858488706,0.49999999999999994,-0.8660254037844387,2969.4000000000005,3156.5000000000005,3376.1,3051.7999999999997,3154.2142857142862,103.20104050788142,3236.8233333333337,83.71689848505184
2016-05-31,3209.0000000000005,0,1,31,5,2,152,22,2016,0.7818314824680298,0.6234898018587336,0.5027907197793043,-0.8644081744776648,0.49999999999999994,-0.8660254037844387,3092.4000000000005,3126.4,3202.100000000001,2989.2000000000003,3166.014285714286,104.20803597568417,3237.0533333333337,83.6276424079688
2016-06-01,3248.0000000000005,0,2,1,6,2,153,22,2016,0.9749279121818236,-0.22252093395631434,0.4878471454423119,-0.8729290708206411,1.2246467991473532e-16,-1.0,3209.0000000000005,3163.0,3373.2,2988.4,3178.1571428571433,108.65566187340485,3232.88,79.62743159283345
2016-06-02,3268.5999999999995,0,3,2,6,2,154,22,2016,0.43388373911755823,-0.900968867902419,0.47275920928627757,-0.881191653407483,1.2246467991473532e-16,-1.0,3248.0000000000005,3231.9,3327.0,3009.0,3183.4000000000005,112.49853332379429,3230.9333333333334,77.9431637901078
2016-06-03,3331.7,0,4,3,6,2,155,22,2016,-0.433883739117558,-0.9009688679024191,0.4575313760742512,-0.8891934772070711,1.2246467991473532e-16,-1.0,3268.5999999999995,3274.4000000000005,3280.8000000000006,3048.8000000000006,3191.5857142857144,121.9141559810686,3232.6299999999997,79.60242653554742
2016-06-04,3294.2999999999997,0,5,4,6,2,156,22,2016,-0.9749279121818236,-0.2225209339563146,0.44216815196707204,-0.8969321743510065,1.2246467991473532e-16,-1.0,3331.7,3222.000000000001,3221.0000000000005,3061.4999999999995,3201.9142857142856,127.83896678468736,3235.0733333333333,80.35453309246577
2016-06-05,3175.5,0,6,5,6,2,157,22,2016,-0.7818314824680299,0.6234898018587334,0.42667408318992467,-0.9044054548343001,1.2246467991473532e-16,-1.0,3294.2999999999997,2969.4000000000005,3190.3,3073.7000000000003,3231.3571428571427,80.23243020841463,3234.5800000000004,80.6836538587738
2016-06-06,3265.5,0,0,6,6,2,158,23,2016,0.0,1.0,0.4110537546870351,-0.9116111071930239,1.2246467991473532e-16,-1.0,3175.5,3092.4000000000005,3242.2999999999997,3010.7,3256.085714285714,51.960864394050965,3235.3533333333335,80.87116503016243
2016-06-07,3276.5,0,1,7,6,2,159,23,2016,0.7818314824680298,0.6234898018587336,0.3953117887649151,-0.9185469991587165,1.2246467991473532e-16,-1.0,3265.5,3209.0000000000005,3158.5000000000005,3106.7,3265.7285714285713,47.86852529889901,3239.286666666667,79.86771275197742
2016-06-08,3272.2000000000003,0,2,8,6,2,160,23,2016,0.9749279121818236,-0.22252093395631434,0.37945284372454435,-0.925211078289358,1.2246467991473532e-16,-1.0,3276.5,3248.0000000000005,3296.1,3135.3,3269.1857142857143,47.24455624983422,3238.49,79.39929362147177
2016-06-09,3274.2000000000003,0,3,9,6,2,161,23,2016,0.43388373911755823,-0.900968867902419,0.36348161248290634,-0.9316013725767187,1.2246467991473532e-16,-1.0,3272.2000000000003,3268.5999999999995,3274.9,3164.2,3269.985714285714,47.28038453640603,3238.466666666667,79.38832682947846
2016-06-10,3265.9,0,4,10,6,2,162,23,2016,-0.433883739117558,-0.9009688679024191,0.3474028211842774,-0.9377159910299093,1.2246467991473532e-16,-1.0,3274.2000000000003,3331.7,3238.5000000000005,3143.0999999999995,3260.5857142857144,38.73441314787605,3239.38,79.54618003790743
2016-06-11,3199.9000000000005,0,5,11,6,2,163,23,2016,-0.9749279121818236,-0.2225209339563146,0.3312212278016865,-0.9435531242349544,1.2246467991473532e-16,-1.0,3265.9,3294.2999999999997,3331.7,3098.9999999999995,3247.100000000001,41.382725864852,3234.9866666666667,77.89402497264612
2016-06-12,3149.9,0,6,12,6,2,164,23,2016,-0.7818314824680299,0.6234898018587334,0.31494162072895193,-0.9491110448902284,1.2246467991473532e-16,-1.0,3199.9000000000005,3175.5,3347.0,2952.4000000000005,3243.4428571428575,49.16441318489409,3228.416666666667,76.41869731193356
2016-06-13,3254.4999999999995,0,0,13,6,2,165,24,2016,0.0,1.0,0.2985688173637202,-0.9543881083175908,1.2246467991473532e-16,-1.0,3149.9,3265.5,3326.0000000000005,2775.2000000000007,3241.871428571429,48.51339039507031,3226.0333333333338,74.35750702233786
2016-06-14,3298.2,0,1,14,6,2,166,24,2016,0.7818314824680298,0.6234898018587336,0.2821076626819194,-0.9593827529490743,1.2246467991473532e-16,-1.0,3254.4999999999995,3276.5,3236.7000000000003,2895.75,3244.971428571429,51.68461132314453,3228.0833333333335,75.50069688345529
2016-06-15,3333.2000000000007,0,2,15,6,2,167,24,2016,0.9749279121818236,-0.22252093395631434,0.26556302780405594,-0.9640935007889755,1.2246467991473532e-16,-1.0,3298.2,3272.2000000000003,3278.3,3016.2999999999997,3253.6857142857148,61.29044048824946,3229.9133333333334,77.40124624024213
2016-06-16,3367.5999999999995,0,3,16,6,2,168,24,2016,0.43388373911755823,-0.900968867902419,0.24893980855376657,-0.9685189578512204,1.2246467991473532e-16,-1.0,3333.2000000000007,3274.2000000000003,3307.2,3047.2000000000003,3267.0285714285715,75.1093805567899,3231.9266666666667,80.21531771055133
2016-06-17,3392.5,0,4,17,6,2,169,24,2016,-0.433883739117558,-0.9009688679024191,0.23224292400907015,-0.9726578145718654,1.2246467991473532e-16,-1.0,3367.5999999999995,3265.9,3281.7,3064.5999999999995,3285.1142857142854,88.78876484055034,3235.6200000000003,84.99444363179457
2016-06-18,3348.5000000000005,0,5,18,6,2,170,24,2016,-0.9749279121818236,-0.2225209339563146,0.21547731504673012,-0.976508846196619,1.2246467991473532e-16,-1.0,3392.5,3199.9000000000005,3286.9000000000005,3037.5999999999995,3306.342857142857,82.56550646092377,3237.6733333333336,86.99650779093699
2016-06-19,3237.4,0,6,19,6,2,171,24,2016,-0.7818314824680299,0.6234898018587334,0.19864794288017112,-0.9800709131432666,1.2246467991473532e-16,-1.0,3348.5000000000005,3149.9,3235.4,2999.3,3318.842857142857,57.86100751354305,3237.74,86.99547193925385
2016-06-20,3307.9999999999995,0,0,20,6,2,172,25,2016,0.0,1.0,0.18175978759137534,-0.9833429613388902,1.2246467991473532e-16,-1.0,3237.4,3254.4999999999995,3233.7999999999997,2848.699999999999,3326.4857142857145,51.08171325021881,3240.213333333333,87.92935539529664
2016-06-21,3291.1,0,1,21,6,2,173,25,2016,0.7818314824680298,0.6234898018587336,0.16481784665719793,-0.9863240225317866,1.2246467991473532e-16,-1.0,3307.9999999999995,3298.2,3199.2999999999997,2918.200000000001,3325.4714285714285,51.802371705278695,3243.2733333333335,88.05370983720385
2016-06-22,3207.7000000000003,0,2,22,6,2,174,25,2016,0.9749279121818236,-0.22252093395631434,0.14782713347053048,-0.9890132145779883,1.2246467991473532e-16,-1.0,3291.1,3333.2000000000007,3156.5000000000005,2949.7,3307.542857142857,67.89852372338822,3244.9800000000005,86.80113776468566
2016-06-23,3226.5999999999995,0,3,23,6,2,175,25,2016,0.43388373911755823,-0.900968867902419,0.13079267585675922,-0.9914097417023038,1.2246467991473532e-16,-1.0,3207.7000000000003,3367.5999999999995,3126.4,2860.9,3287.4,68.02695544174037,3248.32,83.96235363297536
2016-06-24,3266.1,0,4,24,6,2,176,25,2016,-0.433883739117558,-0.9009688679024191,0.11371951458594969,-0.9935128947338007,1.2246467991473532e-16,-1.0,3226.5999999999995,3392.5,3163.0,2802.6,3269.342857142857,49.81843223629103,3251.7566666666667,82.44599772112976
2016-06-25,3228.8,0,5,25,6,2,177,25,2016,-0.9749279121818236,-0.2225209339563146,0.0966127018812031,-0.9953220513156602,1.2246467991473532e-16,-1.0,3266.1,3348.5000000000005,3231.9,2941.3,3252.2428571428572,37.01859249730835,3251.6533333333336,82.4736812077445
2016-06-26,3158.999999999999,0,6,26,6,2,178,25,2016,-0.7818314824680299,0.6234898018587334,0.07947729992362097,-0.9968366760893436,1.2246467991473532e-16,-1.0,3228.8,3237.4,3274.4000000000005,3005.7000000000003,3241.0428571428565,51.34539437783138,3247.8066666666664,84.05225358868098
2016-06-27,3243.9999999999995,0,0,27,6,2,179,26,2016,0.0,1.0,0.062318379354325076,-0.998056320853012,1.2246467991473532e-16,-1.0,3158.999999999999,3307.9999999999995,3222.000000000001,2977.2000000000003,3231.899999999999,42.344696637699236,3248.54,83.9151936429902
2016-06-28,3177.7000000000003,0,1,28,6,2,180,26,2016,0.7818314824680298,0.6234898018587336,0.04514101777397193,-0.9989806246941579,1.2246467991473532e-16,-1.0,3243.9999999999995,3291.1,2969.4000000000005,3040.0000000000005,3215.7,37.31478706007369,3255.483333333333,66.91835005972098
2016-06-29,3205.5000000000005,0,2,29,6,2,181,26,2016,0.9749279121818236,-0.22252093395631434,0.02795029824021032,-0.999609314096404,1.2246467991473532e-16,-1.0,3177.7000000000003,3207.7000000000003,3092.4000000000005,3044.099999999999,3215.3857142857137,37.40255911801671,3259.2533333333336,60.269416578521934
2016-06-30,3260.5,0,3,30,6,2,182,26,2016,0.43388373911755823,-0.900968867902419,0.01075130776352193,-0.9999422030204416,1.2246467991473532e-16,-1.0,3205.5000000000005,3226.5999999999995,3209.0000000000005,3097.4999999999995,3220.2285714285713,41.10773302300993,3260.97,59.51743384116353
2016-07-01,3206.7,0,4,1,7,3,183,26,2016,-0.433883739117558,-0.9009688679024191,-0.00645086419810515,-0.9999791929590823,-0.4999999999999997,-0.8660254037844388,3260.5,3266.1,3248.0000000000005,3161.0,3211.7428571428572,35.8558622424303,3259.593333333333,60.30027696703912
2016-07-02,2979.7000000000003,0,5,2,7,3,184,26,2016,-0.9749279121818236,-0.2225209339563146,-0.023651127245231586,-0.9997202729664083,-0.4999999999999997,-0.8660254037844388,3206.7,3228.8,3268.5999999999995,3229.8,3176.157142857143,93.45444268277375,3249.963333333333,78.98595022746757
2016-07-03,2838.2,0,6,3,7,3,185,26,2016,-0.7818314824680299,0.6234898018587334,-0.04084439154329611,-0.9991655196610109,-0.4999999999999997,-0.8660254037844388,2979.7000000000003,3158.999999999999,3331.7,3247.8,3130.328571428571,158.9660625656424,3233.513333333334,107.58712823066705
2016-07-04,2986.4,0,0,4,7,3,186,27,2016,0.0,1.0,-0.05802556932878035,-0.9983150972033183,-0.4999999999999997,-0.8660254037844388,2838.2,3243.9999999999995,3294.2999999999997,3179.5999999999995,3093.5285714285715,158.08005054704668,3223.25,115.94954535903902
2016-07-05,3089.9,0,1,5,7,3,187,27,2016,0.7818314824680298,0.6234898018587336,-0.07518957641475855,-0.9971692572470178,-0.4999999999999997,-0.8660254037844388,2986.4,3177.7000000000003,3175.5,3175.9,3080.9857142857145,153.71124908490745,3220.3966666666665,118.1965822580059
2016-07-06,3065.3,0,2,6,7,3,188,27,2016,0.9749279121818236,-0.22252093395631434,-0.09233133369539122,-0.9957283388645872,-0.4999999999999997,-0.8660254037844388,3089.9,3205.5000000000005,3265.5,3207.9,3060.957142857143,143.58337713844324,3213.7233333333334,121.17630268883245
2016-07-07,3189.3,0,3,7,7,3,189,27,2016,0.43388373911755823,-0.900968867902419,-0.10944576864891556,-0.993992768446958,-0.4999999999999997,-0.8660254037844388,3065.3,3260.5,3276.5,3212.8000000000006,3050.785714285714,128.85873956355826,3210.8166666666666,120.66329923224946
2016-07-08,3189.2000000000003,0,4,8,7,3,190,27,2016,-0.433883739117558,-0.9009688679024191,-0.12652781683868314,-0.9919630595773397,-0.4999999999999997,-0.8660254037844388,3189.3,3206.7,3272.2000000000003,3184.800000000001,3048.285714285714,125.45447286529463,3208.05,120.15780643919064
2016-07-09,3095.9,0,5,9,7,3,191,27,2016,-0.9749279121818236,-0.2225209339563146,-0.1435724234118113,-0.9896398128792412,-0.4999999999999997,-0.8660254037844388,3189.2000000000003,2979.7000000000003,3274.2000000000003,3072.7000000000007,3064.8857142857146,122.5201674361234,3202.1066666666666,121.17828966056395
2016-07-10,2996.6000000000004,0,6,10,7,3,192,27,2016,-0.7818314824680299,0.6234898018587334,-0.16057454459499376,-0.9870237158387383,-0.4999999999999997,-0.8660254037844388,3095.9,2838.2,3265.9,3009.9,3087.5142857142855,81.40363277259692,3193.1299999999997,126.16179308524713
2016-07-11,3167.7,0,0,11,7,3,193,28,2016,0.0,1.0,-0.17752914918703497,-0.984115542601034,-0.4999999999999997,-0.8660254037844388,2996.6000000000004,2986.4,3199.9000000000005,2878.4,3113.414285714286,72.19105273676676,3192.056666666667,126.23915913397282
2016-07-12,3130.8,0,1,12,7,3,194,28,2016,0.7818314824680298,0.6234898018587336,-0.19443122004766195,-0.9809161537413774,-0.4999999999999997,-0.8660254037844388,3167.7,3089.9,3149.9,3072.8000000000006,3119.257142857143,71.623619408317,3191.4199999999996,126.50698058974045
2016-07-13,3195.3,0,2,13,7,3,195,28,2016,0.9749279121818236,-0.22252093395631434,-0.2112757555821793,-0.9774264960104055,-0.4999999999999997,-0.8660254037844388,3130.8,3065.3,3254.4999999999995,3217.2000000000007,3137.8285714285716,72.15321000683494,3189.4466666666663,125.94958141047225
2016-07-14,3246.100000000001,0,3,14,7,3,196,28,2016,0.43388373911755823,-0.900968867902419,-0.2280577712215198,-0.9736476020539838,-0.4999999999999997,-0.8660254037844388,3195.3,3189.3,3298.2,3363.5000000000005,3145.942857142857,81.4954161726145,3187.71,124.75181527254423
2016-07-15,3207.1,0,4,15,7,3,197,28,2016,-0.433883739117558,-0.9009688679024191,-0.24477230089725957,-0.9695805901076308,-0.4999999999999997,-0.8660254037844388,3246.100000000001,3189.2000000000003,3333.2000000000007,3276.100000000001,3148.5000000000005,83.33892647899575,3183.5066666666667,121.76943145462843
2016-07-16,3049.6,0,5,16,7,3,198,28,2016,-0.9749279121818236,-0.2225209339563146,-0.2614143985111562,-0.965226663665613,-0.4999999999999997,-0.8660254037844388,3207.1,3095.9,3367.5999999999995,3233.6000000000004,3141.8857142857146,89.7965000909066,3172.9066666666668,119.00099661517143
2016-07-17,2871.0000000000005,0,6,17,7,3,199,28,2016,-0.7818314824680299,0.6234898018587334,-0.2779791393987801,-0.9605871111248129,-0.4999999999999997,-0.8660254037844388,3049.6,2996.6000000000004,3392.5,3154.1,3123.942857142857,128.06116842020262,3155.523333333333,123.80976420559583
2016-07-18,3046.8000000000006,0,0,18,7,3,200,29,2016,0.0,1.0,-0.2944616217868012,-0.9556633054034704,-0.4999999999999997,-0.8660254037844388,2871.0000000000005,3167.7,3348.5000000000005,2975.6000000000004,3106.6714285714293,129.3227192502936,3145.4666666666667,119.78192061303984
2016-07-19,3102.399999999999,0,1,19,7,3,201,29,2016,0.7818314824680298,0.6234898018587336,-0.3108569682435036,-0.9504567035349151,-0.4999999999999997,-0.8660254037844388,3046.8000000000006,3130.8,3237.4,3047.7,3102.6142857142854,128.88433352652274,3140.9666666666667,118.74037843659494
2016-07-20,3207.0999999999995,0,2,20,7,3,202,29,2016,0.9749279121818236,-0.22252093395631434,-0.3271603271220951,-0.9449688462364056,-0.4999999999999997,-0.8660254037844388,3102.399999999999,3195.3,3307.9999999999995,3079.0000000000005,3104.2999999999997,130.36727605757196,3137.6033333333335,115.22289787799853
2016-07-21,3256.5,0,3,21,7,3,203,29,2016,0.43388373911755823,-0.900968867902419,-0.34336687399638804,-0.939201357453208,-0.4999999999999997,-0.8660254037844388,3207.0999999999995,3246.100000000001,3291.1,3060.8,3105.785714285714,132.2975866317141,3136.45,113.79783268647654
2016-07-22,3267.4000000000005,0,4,22,7,3,204,29,2016,-0.433883739117558,-0.9009688679024191,-0.3594718130884232,-0.9331559438780432,-0.4999999999999997,-0.8660254037844388,3256.5,3207.1,3207.7000000000003,3082.0,3114.4,141.62806925184194,3138.44,115.59456376670657
2016-07-23,3203.8,0,5,23,7,3,205,29,2016,-0.9749279121818236,-0.2225209339563146,-0.3754703786876202,-0.9268343944460494,-0.4999999999999997,-0.8660254037844388,3267.4000000000005,3049.6,3226.5999999999995,3069.8,3136.4285714285716,141.8611846640593,3137.68,115.0687063124253
2016-07-24,3112.899999999999,0,6,24,7,3,206,29,2016,-0.7818314824680299,0.6234898018587334,-0.3913578365610259,-0.9202385798054075,-0.4999999999999997,-0.8660254037844388,3203.8,2871.0000000000005,3266.1,3027.7,3170.9857142857145,84.15211283885219,3132.5733333333333,112.54476789975865
2016-07-25,3238.5000000000005,0,0,25,7,3,207,30,2016,0.0,1.0,-0.4071294853542516,-0.9133704517637858,-0.4999999999999997,-0.8660254037844388,3112.899999999999,3046.8000000000006,3228.8,2878.1000000000004,3198.371428571428,66.30197871072423,3132.8966666666665,112.84428845441387
2016-07-26,3225.500000000001,0,1,26,7,3,208,30,2016,0.7818314824680298,0.6234898018587336,-0.4227806579826773,-0.9062320427107697,-0.4999999999999997,-0.8660254037844388,3238.5000000000005,3102.399999999999,3158.999999999999,2944.6,3215.957142857143,51.21255891362158,3135.1133333333332,114.02173940732816
2016-07-27,3109.400000000001,0,2,27,7,3,209,30,2016,0.9749279121818236,-0.22252093395631434,-0.4383067230125192,-0.898825465016444,-0.4999999999999997,-0.8660254037844388,3225.500000000001,3207.0999999999995,3243.9999999999995,3019.6000000000004,3202.0000000000005,65.38185273202023,3130.6266666666666,112.22340997816713
2016-07-28,3141.0999999999995,0,3,28,7,3,210,30,2016,0.43388373911755823,-0.900968867902419,-0.45370308603134424,-0.8911529104063088,-0.4999999999999997,-0.8660254037844388,3109.400000000001,3256.5,3177.7000000000003,3054.7000000000003,3185.514285714286,63.88117689828254,3129.406666666667,111.8924758905659
2016-07-29,3085.3,0,4,29,7,3,211,30,2016,-0.433883739117558,-0.9009688679024191,-0.46896519100763184,-0.8832166493127127,-0.4999999999999997,-0.8660254037844388,3141.0999999999995,3267.4000000000005,3205.5000000000005,3051.2,3159.5,62.02856868684122,3125.4,111.22382838223692
2016-07-30,3040.8,0,5,30,7,3,212,30,2016,-0.9749279121818236,-0.2225209339563146,-0.48408852163897587,-0.8750190302029955,-0.4999999999999997,-0.8660254037844388,3085.3,3203.8,3260.5,3055.3,3136.2142857142862,72.36123337286958,3118.076666666667,109.23679967071568
2016-07-31,2948.9,0,6,31,7,3,213,30,2016,-0.7818314824680299,0.6234898018587334,-0.4990686026885319,-0.8665624788845385,-0.4999999999999997,-0.8660254037844388,3040.8,3112.899999999999,3206.7,2976.6000000000004,3112.785714285714,101.74943781290798,3109.483333333334,112.12661587913412
2016-08-01,3010.0999999999995,0,0,1,8,3,214,31,2016,0.0,1.0,-0.5139010013093103,-0.8578494977869301,-0.8660254037844384,-0.5000000000000004,2948.9,3238.5000000000005,2979.7000000000003,2890.2999999999997,3080.157142857143,90.74285751771785,3110.496666666667,111.04542246565534
2016-08-02,2996.1,0,1,2,8,3,215,31,2016,0.7818314824680298,0.6234898018587336,-0.5285813283559292,-0.8488826652214553,-0.8660254037844384,-0.5000000000000004,3010.0999999999995,3225.500000000001,2838.2,3003.0000000000005,3047.3857142857146,68.1039506581125,3115.76,100.97994543131595
2016-08-03,3056.0999999999995,0,2,3,8,3,216,31,2016,0.9749279121818236,-0.22252093395631434,-0.5431052396834317,-0.8396646346181327,-0.8660254037844384,-0.5000000000000004,2996.1,3109.400000000001,2986.4,3027.2,3039.7714285714283,62.786960278045484,3118.0833333333335,98.67657054597038
2016-08-04,3149.7,0,3,4,8,3,217,31,2016,0.43388373911755823,-0.900968867902419,-0.5574684374327892,-0.8301981337405212,-0.8660254037844384,-0.5000000000000004,3056.0999999999995,3141.0999999999995,3089.9,3020.3,3041.0,65.14018217151249,3120.076666666667,98.69161541906298
2016-08-05,3175.3,0,4,5,8,3,218,31,2016,-0.433883739117558,-0.9009688679024191,-0.5716666713027052,-0.8204859638785327,-0.8660254037844384,-0.5000000000000004,3149.7,3085.3,3065.3,3083.2,3053.8571428571427,82.03283605045455,3123.7433333333333,98.62971743303747
2016-08-06,3096.4999999999995,0,5,6,8,3,219,31,2016,-0.9749279121818236,-0.2225209339563146,-0.5856957398073508,-0.8105309990194823,-0.8660254037844384,-0.5000000000000004,3175.3,3040.8,3189.3,3120.9,3061.8142857142852,83.24765118954423,3120.65,97.95570339488893
2016-08-07,2974.0000000000005,0,6,7,8,3,220,31,2016,-0.7818314824680299,0.6234898018587334,-0.5995514915196489,-0.8003361849976323,-0.8660254037844384,-0.5000000000000004,3096.4999999999995,2948.9,3189.2000000000003,3127.2,3065.4,77.94521580360959,3113.476666666667,100.60638453496166
2016-08-08,3096.5000000000005,0,0,8,8,3,221,32,2016,0.0,1.0,-0.6132298262997502,-0.7899045386224707,-0.8660254037844384,-0.5000000000000004,2974.0000000000005,3010.0999999999995,3095.9,3025.100000000001,3077.742857142857,74.49321797193461,3113.4966666666664,100.60282947736482
2016-08-09,3161.5000000000005,0,1,9,8,3,222,32,2016,0.7818314824680298,0.6234898018587336,-0.6267266965083301,-0.7792391467859886,-0.8660254037844384,-0.5000000000000004,3096.5000000000005,2996.1,2996.6000000000004,3135.9,3101.371428571428,70.40001691020463,3118.9933333333333,98.47808064649372
2016-08-10,3160.2000000000003,0,2,10,8,3,223,32,2016,0.9749279121818236,-0.22252093395631434,-0.6400381082043503,-0.7683431655492202,-0.8660254037844384,-0.5000000000000004,3161.5000000000005,3056.0999999999995,3167.7,3136.9,3116.2428571428572,70.2378781272205,3118.7433333333333,98.3596170405774
2016-08-11,3136.5,0,3,11,8,3,224,32,2016,0.43388373911755823,-0.900968867902419,-0.65316012232693,-0.7572198192083127,-0.8660254037844384,-0.5000000000000004,3160.2000000000003,3149.7,3130.8,3105.0999999999995,3114.3571428571427,69.36165744713917,3118.933333333334,98.38921069716143
2016-08-12,3125.2000000000003,0,4,12,8,3,225,32,2016,-0.433883739117558,-0.9009688679024191,-0.666088855860977,-0.7458723993404063,-0.8660254037844384,-0.5000000000000004,3136.5,3175.3,3195.3,3125.3,3107.2000000000003,64.43498014798638,3116.596666666667,97.33983656042577
2016-08-13,3159.7999999999997,0,5,13,8,3,226,32,2016,-0.9749279121818236,-0.2225209339563146,-0.6788204829862355,-0.734304263829602,-0.8660254037844384,-0.5000000000000004,3125.2000000000003,3096.4999999999995,3246.100000000001,3132.6000000000004,3116.2428571428572,67.0709290513727,3113.7200000000003,94.617820731621
2016-08-14,3069.100000000001,0,6,14,8,3,227,32,2016,-0.7818314824680299,0.6234898018587334,-0.6913512362094071,-0.722518835873311,-0.8660254037844384,-0.5000000000000004,3159.7999999999997,2974.0000000000005,3207.1,2957.5999999999995,3129.8285714285716,35.79682082192721,3109.1200000000003,93.26634977311546
2016-08-15,2994.4000000000005,0,0,15,8,3,228,33,2016,0.0,1.0,-0.7036774074790128,-0.7105196029692745,-0.8660254037844384,-0.5000000000000004,3069.100000000001,3096.5000000000005,3049.6,2866.6000000000004,3115.2428571428577,62.48916858529103,3107.28,95.00929682278316
2016-08-16,3188.5999999999995,0,1,16,8,3,229,33,2016,0.7818314824680298,0.6234898018587336,-0.7157953492826642,-0.6983101158835584,-0.8660254037844384,-0.5000000000000004,2994.4000000000005,3161.5000000000005,2871.0000000000005,3017.9999999999995,3119.1142857142863,66.54072508804524,3117.866666666667,84.93376865224143
2016-08-17,3219.9,0,2,17,8,3,230,33,2016,0.9749279121818236,-0.22252093395631434,-0.7277014757264236,-0.6858939875998223,-0.8660254037844384,-0.5000000000000004,3188.5999999999995,3160.2000000000003,3046.8000000000006,3078.2000000000003,3127.6428571428573,75.85795623277934,3123.6366666666668,85.81458554322388
2016-08-18,3152.8,0,3,18,8,3,231,33,2016,0.43388373911755823,-0.900968867902419,-0.7393922635959241,-0.673274892250183,-0.8660254037844384,-0.5000000000000004,3219.9,3136.5,3102.399999999999,3090.0,3129.971428571429,76.42322322189636,3125.3166666666666,85.87781650587871
2016-08-19,3241.3,0,4,19,8,3,232,33,2016,-0.433883739117558,-0.9009688679024191,-0.7508642533989489,-0.6604565640279754,-0.8660254037844384,-0.5000000000000004,3152.8,3125.2000000000003,3207.0999999999995,3111.8500000000004,3146.557142857143,87.07155787328604,3126.4566666666665,87.21744796705735
2016-08-20,3272.4000000000005,0,5,20,8,3,233,33,2016,-0.9749279121818236,-0.2225209339563146,-0.7621140503891487,-0.6474427960827475,-0.8660254037844384,-0.5000000000000004,3241.3,3159.7999999999997,3256.5,3133.7000000000007,3162.642857142858,99.44725330787708,3126.9866666666667,88.07899563043212
2016-08-21,3226.0999999999995,0,6,21,8,3,234,33,2016,-0.7818314824680299,0.6234898018587334,-0.7731383255706026,-0.6342374393978054,-0.8660254037844384,-0.5000000000000004,3272.4000000000005,3069.100000000001,3267.4000000000005,3097.8000000000006,3185.0714285714284,92.2801841185709,3125.61,86.10940655092806
2016-08-22,3277.2000000000003,0,0,22,8,3,235,34,2016,0.0,1.0,-0.7839338166829201,-0.620844401650647,-0.8660254037844384,-0.5000000000000004,3226.0999999999995,2994.4000000000005,3203.8,3028.0999999999995,3225.4714285714285,44.34853301922777,3128.0566666666664,89.38802158175426
2016-08-23,3336.2000000000003,0,1,23,8,3,236,34,2016,0.7818314824680298,0.6234898018587336,-0.7944973291665992,-0.6072676460566135,-0.8660254037844384,-0.5000000000000004,3277.2000000000003,3188.5999999999995,3112.899999999999,3157.899999999999,3246.557142857143,57.13991182890248,3135.5000000000005,97.05102817058103
2016-08-24,3280.5,0,2,24,8,3,237,34,2016,0.9749279121818236,-0.22252093395631434,-0.8048257371083452,-0.593511190196115,-0.8660254037844384,-0.5000000000000004,3336.2000000000003,3219.9,3238.5000000000005,3248.899999999999,3255.214285714286,57.01857675567978,3136.9000000000005,98.87389390811475
2016-08-25,3219.7000000000003,0,3,25,8,3,238,34,2016,0.43388373911755823,-0.900968867902419,-0.8149159841660791,-0.5795791048257612,-0.8660254037844384,-0.5000000000000004,3280.5,3152.8,3225.500000000001,3289.2000000000003,3264.7714285714287,40.083068507259554,3136.7066666666665,98.70019366691464
2016-08-26,3222.899999999999,0,4,26,8,3,239,34,2016,-0.433883739117558,-0.9009688679024191,-0.8247650844733614,-0.5654755126737576,-0.8660254037844384,-0.5000000000000004,3219.7000000000003,3241.3,3109.400000000001,3289.7000000000007,3262.1428571428573,42.41433944412525,3140.49,99.7867289566278
2016-08-27,3202.9999999999995,0,5,27,8,3,240,34,2016,-0.9749279121818236,-0.2225209339563146,-0.8343701235229537,-0.5512045872199277,-0.8660254037844384,-0.5000000000000004,3222.899999999999,3272.4000000000005,3141.0999999999995,3319.3,3252.2285714285713,47.43148442006621,3142.553333333333,100.43762083085387
2016-08-28,3115.1,0,6,28,8,3,241,34,2016,-0.7818314824680299,0.6234898018587334,-0.8437282590292712,-0.5367705514607103,-0.8660254037844384,-0.5000000000000004,3202.9999999999995,3226.0999999999995,3085.3,3227.6,3236.371428571428,70.54534509300346,3143.546666666667,99.99825768597844
2016-08-29,3191.3,0,0,29,8,3,242,35,2016,0.0,1.0,-0.8528367217694595,-0.522177676659508,-0.8660254037844384,-0.5000000000000004,3115.1,3277.2000000000003,3040.8,3185.100000000001,3224.0999999999995,69.72591579419044,3148.5633333333335,98.42875765412691
2016-08-30,3188.4,0,1,30,8,3,243,35,2016,0.7818314824680298,0.6234898018587336,-0.8616928164028521,-0.5074302810827518,-0.8660254037844384,-0.5000000000000004,3191.3,3336.2000000000003,2948.9,3304.5000000000005,3202.985714285714,49.5943689200354,3156.5466666666666,91.11718386453724
2016-08-31,3090.1,0,2,31,8,3,244,35,2016,0.9749279121818236,-0.22252093395631434,-0.8702939222685674,-0.49253272872205434,-0.8660254037844384,-0.5000000000000004,3188.4,3280.5,3010.0999999999995,3328.1,3175.785714285714,52.14315003184205,3159.2133333333336,87.79346740812689
2016-09-01,3076.4000000000005,0,3,1,9,3,245,35,2016,0.43388373911755823,-0.900968867902419,-0.8786374941610001,-0.4774894280028391,-1.0,-1.8369701987210297e-16,3090.1,3219.7000000000003,2996.1,3309.6,3155.3142857142852,59.62235119407642,3161.89,83.78137538898841
2016-09-02,3122.3500000000004,1,4,2,9,3,246,35,2016,-0.433883739117558,-0.9009688679024191,-0.886721063082993,-0.46230483047981086,-1.0,-1.8369701987210297e-16,3076.4000000000005,3222.899999999999,3056.0999999999995,3321.8,3140.9500000000003,52.286765374598865,3164.098333333334,81.74515327121833
2016-09-03,3168.3,0,5,3,9,3,247,35,2016,-0.9749279121818236,-0.2225209339563146,-0.8945422369764496,-0.4469834295196741,-1.0,-1.8369701987210297e-16,3122.3500000000004,3202.9999999999995,3149.7,3319.4,3135.9928571428572,46.77827512654292,3164.7183333333337,81.70270801587965
2016-09-04,3127.199999999999,0,6,4,9,3,248,35,2016,-0.7818314824680299,0.6234898018587334,-0.9020987014301837,-0.43152975897147144,-1.0,-1.8369701987210297e-16,3168.3,3115.1,3175.3,3309.4999999999995,3137.721428571429,46.09614822257285,3163.1150000000002,81.95944660582252
2016-09-05,3180.8,0,0,5,9,3,249,36,2016,0.0,1.0,-0.9093882203647925,-0.4159483918249421,-1.0,-1.8369701987210297e-16,3127.199999999999,3191.3,3096.4999999999995,3207.8,3136.2214285714285,44.193663357515454,3165.925,81.03670810408383
2016-09-06,3330.0999999999995,0,1,6,9,3,250,36,2016,0.7818314824680298,0.6234898018587336,-0.9164086366943458,-0.4002439388573056,-1.0,-1.8369701987210297e-16,3180.8,3188.4,2974.0000000000005,3269.0999999999995,3156.464285714286,85.35842427811737,3177.795,77.97718759024664
2016-09-07,3425.2,0,2,7,9,3,251,36,2016,0.9749279121818236,-0.22252093395631434,-0.9231578729647039,-0.38442104726885545,-1.0,-1.8369701987210297e-16,3330.0999999999995,3090.1,3096.5000000000005,3279.7,3204.3357142857144,126.15421354533949,3188.7516666666666,88.53826611185585
2016-09-08,3508.4,0,3,8,9,3,252,36,2016,0.43388373911755823,-0.900968867902419,-0.9296339319682695,-0.3684843993077793,-1.0,-1.8369701987210297e-16,3425.2,3076.4000000000005,3161.5000000000005,3301.7999999999997,3266.0499999999997,155.4114351219748,3200.3150000000005,105.822361848729
2016-09-09,3535.0000000000005,0,4,9,9,3,253,36,2016,-0.433883739117558,-0.9009688679024191,-0.9358348973349941,-0.35243871088460327,-1.0,-1.8369701987210297e-16,3508.4,3122.3500000000004,3160.2000000000003,3316.7,3325.0,169.44762219244,3212.8083333333334,121.83583222668895
2016-09-10,3535.7000000000003,0,5,10,9,3,254,36,2016,-0.9749279121818236,-0.2225209339563146,-0.9417589340994617,-0.33628873017668287,-1.0,-1.8369701987210297e-16,3535.0000000000005,3168.3,3136.5,3341.7999999999997,3377.485714285714,169.72101056904165,3226.115,134.36943101532256
2016-09-11,3390.9000000000005,0,6,11,9,3,255,36,2016,-0.7818314824680299,0.6234898018587334,-0.9474042892438845,-0.32003923622313857,-1.0,-1.8369701987210297e-16,3535.7000000000003,3127.199999999999,3125.2000000000003,3308.9999999999995,3415.157142857143,129.379530286472,3234.9716666666664,136.23208119016832
2016-09-12,3485.4,0,0,12,9,3,256,37,2016,0.0,1.0,-0.9527692922168511,-0.30369503751065885,-1.0,-1.8369701987210297e-16,3390.9000000000005,3180.8,3159.7999999999997,3172.100000000001,3458.671428571429,78.73025073602717,3245.825,142.8461849091738
2016-09-13,3463.9000000000005,0,1,13,9,3,257,37,2016,0.7818314824680298,0.6234898018587336,-0.9578523554276669,-0.28726097055059635,-1.0,-1.8369701987210297e-16,3485.4,3330.0999999999995,3069.100000000001,3271.7,3477.785714285714,54.96961065209941,3258.985,144.18323540097242
2016-09-14,3390.100000000001,0,2,14,9,3,258,37,2016,0.9749279121818236,-0.22252093395631434,-0.9626519747161487,-0.2707418984477642,-1.0,-1.8369701987210297e-16,3463.9000000000005,3425.2,2994.4000000000005,3298.4000000000005,3472.7714285714287,61.74878444923157,3272.175,137.06806687518164
2016-09-15,3323.3,0,3,15,9,3,259,37,2016,0.43388373911755823,-0.900968867902419,-0.9671667297977312,-0.2541427094613622,-1.0,-1.8369701987210297e-16,3390.100000000001,3508.4,3188.5999999999995,3287.899999999999,3446.3285714285716,80.67962804176568,3276.6650000000004,136.44073814614472
2016-09-16,3319.0999999999995,0,4,16,9,3,260,37,2016,-0.433883739117558,-0.9009688679024191,-0.97139528468375,-0.23746831555846842,-1.0,-1.8369701987210297e-16,3323.3,3535.0000000000005,3219.9,3130.7,3415.485714285715,82.38196462359583,3279.9716666666664,136.2194753427221
2016-09-17,3241.5000000000005,0,5,17,9,3,261,37,2016,-0.9749279121818236,-0.2225209339563146,-0.9753363880767837,-0.2207236509605022,-1.0,-1.8369701987210297e-16,3319.0999999999995,3535.7000000000003,3152.8,3130.999999999999,3373.4571428571435,85.80547490582879,3282.9283333333337,134.313297980396
2016-09-18,3185.4999999999995,0,6,18,9,3,262,37,2016,-0.7818314824680299,0.6234898018587334,-0.9789888737409319,-0.20391367068311472,-1.0,-1.8369701987210297e-16,3241.5000000000005,3390.9000000000005,3241.3,3076.0999999999995,3344.1142857142863,110.43254998071636,3281.0683333333336,135.2924511002571
2016-09-19,3303.3000000000006,0,0,19,9,3,263,38,2016,0.0,1.0,-0.9823516608469237,-0.18704334906991657,-1.0,-1.8369701987210297e-16,3185.4999999999995,3485.4,3272.4000000000005,2907.4,3318.1,91.41393037536449,3282.0983333333334,135.3417962326276
2016-09-20,3364.699999999999,0,1,20,9,3,264,38,2016,0.7818314824680298,0.6234898018587336,-0.9854237542919524,-0.17011767832049052,-1.0,-1.8369701987210297e-16,3303.3000000000006,3463.9000000000005,3226.0999999999995,2937.4,3303.9285714285716,70.29361550637186,3286.7183333333332,135.72938878477248
2016-09-21,3295.1000000000004,0,2,21,9,3,265,38,2016,0.9749279121818236,-0.22252093395631434,-0.9882042449941422,-0.15314166701312007,-1.0,-1.8369701987210297e-16,3364.699999999999,3390.100000000001,3277.2000000000003,2965.4,3290.3571428571427,59.17530051027553,3287.3150000000005,135.72544748436255
2016-09-22,3246.200000000001,0,3,22,9,3,266,38,2016,0.43388373911755823,-0.900968867902419,-0.9906923101615609,-0.13612033862266704,-1.0,-1.8369701987210297e-16,3295.1000000000004,3323.3,3336.2000000000003,2959.3,3279.342857142857,59.19701166850734,3284.315,135.60226014672244
2016-09-23,3249.2000000000003,0,4,23,9,3,267,38,2016,-0.433883739117558,-0.9009688679024191,-0.9928872135356962,-0.11905873003404988,-1.0,-1.8369701987210297e-16,3246.200000000001,3319.0999999999995,3280.5,2984.6000000000004,3269.3571428571427,57.23588201889966,3283.2716666666665,135.752953662761
2016-09-24,3200.2000000000003,0,5,24,9,3,268,38,2016,-0.9749279121818236,-0.2225209339563146,-0.994788305609327,-0.10196189005174576,-1.0,-1.8369701987210297e-16,3249.2000000000003,3241.5000000000005,3219.7000000000003,3009.9,3263.457142857143,62.47492449360304,3282.6216666666664,136.11404174146844
2016-09-25,3075.399999999999,0,6,25,9,3,269,38,2016,-0.7818314824680299,0.6234898018587334,-0.9963950238187231,-0.08483487790576538,-1.0,-1.8369701987210297e-16,3200.2000000000003,3185.4999999999995,3222.899999999999,3020.2,3247.7285714285713,92.17298436973986,3277.7050000000004,140.92464013890057
2016-09-26,3206.0,0,0,26,9,3,270,39,2016,0.0,1.0,-0.9977068927101168,-0.06768276175455162,-1.0,-1.8369701987210297e-16,3075.399999999999,3303.3000000000006,3202.9999999999995,2961.7,3233.828571428571,89.6992886312798,3277.8050000000003,140.87085572034437
2016-09-27,3231.6000000000004,0,1,27,9,3,271,39,2016,0.7818314824680298,0.6234898018587336,-0.9987235240803972,-0.050510617185222886,-1.0,-1.8369701987210297e-16,3206.0,3364.699999999999,3115.1,3094.4,3214.8142857142857,69.06833400271135,3281.688333333333,137.8033229188399
2016-09-28,3230.7,0,2,28,9,3,272,39,2016,0.9749279121818236,-0.22252093395631434,-0.9994446170919858,-0.033323525711631344,-1.0,-1.8369701987210297e-16,3231.6000000000004,3295.1000000000004,3191.3,3140.899999999999,3205.6142857142863,60.327838476473055,3283.0016666666666,137.0981189559769
2016-09-29,3237.4,0,3,29,9,3,273,39,2016,0.43388373911755823,-0.900968867902419,-0.9998699583618592,-0.016126573270657762,-1.0,-1.8369701987210297e-16,3230.7,3246.200000000001,3188.4,3154.0,3204.3571428571427,59.426084540501556,3284.635,136.22128748399035
2016-09-30,3243.7000000000003,0,4,30,9,3,274,39,2016,-0.433883739117558,-0.9009688679024191,-0.9999994220246925,0.001075151282798226,-1.0,-1.8369701987210297e-16,3237.4,3249.2000000000003,3090.1,3172.3,3203.5714285714284,58.76707451987347,3289.7549999999997,131.46079942129384
2016-10-01,3235.7,0,5,1,10,4,275,39,2016,-0.9749279121818236,-0.2225209339563146,-0.999832969770105,0.018276557681691223,-0.8660254037844386,0.5000000000000001,3243.7000000000003,3200.2000000000003,3076.4000000000005,3085.3,3208.6428571428573,59.947556445737085,3295.065,125.63384341837165
2016-10-02,3095.0,0,6,2,10,4,276,39,2016,-0.7818314824680299,0.6234898018587334,-0.9993706508539969,0.03547255575312556,-0.8660254037844386,0.5000000000000001,3235.7,3075.399999999999,3122.3500000000004,3128.1,3211.4428571428575,52.707395342729626,3294.153333333333,127.02193873320931
2016-10-03,3230.9000000000005,0,0,3,10,4,277,40,2016,0.0,1.0,-0.9986126020839734,0.052658056924614005,-0.8660254037844386,0.5000000000000001,3095.0,3206.0,3168.3,3047.6,3215.0,53.1174798599476,3296.24,125.38683756473696
2016-10-04,3265.3,0,1,4,10,4,278,40,2016,0.7818314824680298,0.6234898018587336,-0.9975590477788613,0.06982797572987089,-0.8660254037844386,0.5000000000000001,3230.9000000000005,3231.6000000000004,3127.199999999999,3140.9,3219.8142857142857,56.30436420542104,3300.8433333333332,121.43977557603208
2016-10-05,3184.8,0,2,5,10,4,279,40,2016,0.9749279121818236,-0.22252093395631434,-0.9962102997023297,0.0869772313136861,-0.8660254037844386,0.5000000000000001,3265.3,3230.7,3180.8,3176.4,3213.2571428571428,57.485675234341045,3300.9766666666674,121.3055523172436
2016-10-06,3169.5999999999995,0,3,6,10,4,280,40,2016,0.43388373911755823,-0.900968867902419,-0.9945667569706337,0.1041007489354256,-0.8660254037844386,0.5000000000000001,3184.8,3237.4,3330.0999999999995,3226.5000000000005,3203.5714285714284,58.44369695947546,3295.6266666666666,123.49634347047557
2016-10-07,3216.899999999999,0,4,7,10,4,281,40,2016,-0.433883739117558,-0.9009688679024191,-0.9926289059345095,0.121193461470736,-0.8660254037844386,0.5000000000000001,3169.5999999999995,3243.7000000000003,3425.2,3248.3,3199.7428571428572,56.21200515739324,3288.6833333333334,121.80416753907866
2016-10-08,3159.3,0,5,8,10,4,282,40,2016,-0.9749279121818236,-0.2225209339563146,-0.9903973200352558,0.1382503109109819,-0.8660254037844386,0.5000000000000001,3216.899999999999,3235.7,3508.4,3269.9,3188.828571428571,55.47911662019921,3277.0466666666666,116.6565360462139
2016-10-09,3024.0,0,6,9,10,4,283,40,2016,-0.7818314824680299,0.6234898018587334,-0.9878726596350429,0.15526624985999563,-0.8660254037844386,0.5000000000000001,3159.3,3095.0,3535.0000000000005,3240.4,3178.6857142857143,77.58018279116169,3260.0133333333333,114.98760572890852
2016-10-10,3041.1,0,0,10,10,4,284,41,2016,0.0,1.0,-0.9850556718215013,0.172236243027682,-0.8660254037844386,0.5000000000000001,3024.0,3230.9000000000005,3535.7000000000003,3128.4000000000005,3151.5714285714284,88.66539562285668,3243.5266666666666,109.41977673269236
2016-10-11,2919.7000000000003,0,1,11,10,4,285,41,2016,0.7818314824680298,0.6234898018587336,-0.981947190186646,0.18915526872004093,-0.8660254037844386,0.5000000000000001,3041.1,3265.3,3390.9000000000005,3194.5000000000005,3102.2,108.73263846091466,3227.82,120.76648427498462
2016-10-12,3013.6,0,2,12,10,4,286,41,2016,0.9749279121818236,-0.22252093395631434,-0.9785481345802031,0.20601832032517084,-0.8660254037844386,0.5000000000000001,2919.7000000000003,3184.8,3485.4,3242.1,3077.742857142857,106.28331410502861,3212.0933333333332,116.71874220368892
2016-10-13,3068.7,0,3,13,10,4,287,41,2016,0.43388373911755823,-0.900968867902419,-0.9748595108374125,0.22282040779479959,-0.8660254037844386,0.5000000000000001,3013.6,3169.5999999999995,3463.9000000000005,3228.5,3063.328571428571,98.29080516995327,3198.92,109.39073086876164
2016-10-14,3097.4,0,4,14,10,4,288,41,2016,-0.433883739117558,-0.9009688679024191,-0.9708824104813836,0.23955655912092708,-0.8660254037844386,0.5000000000000001,3068.7,3216.899999999999,3390.100000000001,3220.4,3046.2571428571428,74.72520451950318,3189.163333333333,104.70391252886539
2016-10-15,3127.4,0,5,15,10,4,289,41,2016,-0.9749279121818236,-0.2225209339563146,-0.9666180104000972,0.2562218218071163,-0.8660254037844386,0.5000000000000001,3097.4,3159.3,3323.3,3244.0,3041.7000000000003,67.28452026039908,3182.633333333333,102.12689987541266
2016-10-16,3052.5999999999995,0,6,16,10,4,290,41,2016,-0.7818314824680299,0.6234898018587334,-0.9620675724981452,0.27281126433401914,-0.8660254037844386,0.5000000000000001,3127.4,3024.0,3319.0999999999995,3248.100000000001,3045.785714285714,66.89781831452711,3173.75,101.4354415039684
2016-10-17,3179.4000000000005,0,0,17,10,4,291,42,2016,0.0,1.0,-0.957232443323312,0.28931997761869527,-0.8660254037844386,0.5000000000000001,3052.5999999999995,3041.1,3241.5000000000005,3151.1,3065.5428571428574,83.61650270021411,3171.6800000000003,100.63567407511735
2016-10-18,3229.7000000000003,0,1,18,10,4,292,42,2016,0.7818314824680298,0.6234898018587336,-0.9521140536681102,0.3057430764672831,-0.8660254037844386,0.5000000000000001,3179.4000000000005,2919.7000000000003,3185.4999999999995,3260.9,3109.828571428571,75.16556645803827,3173.1533333333336,101.16712609489504
2016-10-19,3249.5,0,2,19,10,4,293,42,2016,0.9749279121818236,-0.22252093395631434,-0.9467139181463862,0.3220757010206104,-0.8660254037844386,0.5000000000000001,3229.7000000000003,3013.6,3303.3000000000006,3300.7,3143.528571428571,77.67186780053909,3171.36,99.23900303882262
2016-10-20,3210.6000000000004,0,3,20,10,4,294,42,2016,0.43388373911755823,-0.900968867902419,-0.9410336347451197,0.3383130181923076,-0.8660254037844386,0.5000000000000001,3249.5,3068.7,3364.699999999999,3227.9999999999995,3163.8,73.28057951011787,3166.2233333333334,92.65636805007713
2016-10-21,3233.2,0,4,21,10,4,295,42,2016,-0.433883739117558,-0.9009688679024191,-0.9350748843515574,0.3544502230989869,-0.8660254037844386,0.5000000000000001,3210.6000000000004,3097.4,3295.1000000000004,3066.2,3183.2000000000003,70.70259306893935,3164.1600000000003,90.34795419702456
2016-10-22,3209.7000000000003,0,5,22,10,4,296,42,2016,-0.9749279121818236,-0.2225209339563146,-0.9288394302558068,0.3704825404820963,-0.8660254037844386,0.5000000000000001,3233.2,3127.4,3246.200000000001,3130.7000000000007,3194.9571428571426,66.6009723939139,3162.9433333333336,89.44633406776569
2016-10-23,3128.2000000000003,0,6,23,10,4,297,42,2016,-0.7818314824680299,0.6234898018587334,-0.9223291176290545,0.3864052261209853,-0.8660254037844386,0.5000000000000001,3209.7000000000003,3052.5999999999995,3249.2000000000003,3126.4,3205.7571428571428,40.80158727077699,3158.9100000000003,88.14126729291664
2016-10-24,3223.2000000000003,0,0,24,10,4,298,43,2016,0.0,1.0,-0.9155458729775467,0.40221356823680365,-0.8660254037844386,0.5000000000000001,3128.2000000000003,3179.4000000000005,3200.2000000000003,3043.3,3212.014285714286,39.421036202050765,3159.6766666666667,88.61157269845367
2016-10-25,3231.4000000000005,0,1,25,10,4,299,43,2016,0.7818314824680298,0.6234898018587336,-0.9084917035725082,0.41790288888678667,-0.8660254037844386,0.5000000000000001,3223.2000000000003,3229.7000000000003,3075.399999999999,3075.0000000000005,3212.257142857143,39.55316494476972,3164.8766666666666,88.07105158017714
2016-10-26,3238.9,0,2,26,10,4,300,43,2016,0.9749279121818236,-0.22252093395631434,-0.9011686968561569,0.4334685453485363,-0.8660254037844386,0.5000000000000001,3231.4000000000005,3249.5,3206.0,3126.7,3210.7428571428577,38.06458796766574,3165.9733333333334,88.80257814421226
2016-10-27,3220.7000000000007,0,3,27,10,4,301,43,2016,0.43388373911755823,-0.900968867902419,-0.8935790198239952,0.4489059314938798,-0.8660254037844386,0.5000000000000001,3238.9,3210.6000000000004,3231.6000000000004,3012.6,3212.1857142857148,38.24924524627992,3165.61,88.54673945982972
2016-10-28,3211.7000000000003,0,4,28,10,4,302,43,2016,-0.433883739117558,-0.9009688679024191,-0.8857249183835637,0.4642104791518923,-0.8660254037844386,0.5000000000000001,3220.7000000000007,3233.2,3230.7,2897.7,3209.1142857142863,37.1273227588983,3164.976666666667,88.13210571337046
2016-10-29,3122.8,0,5,29,10,4,303,43,2016,-0.9749279121818236,-0.2225209339563146,-0.8776087166898392,0.4793776594606945,-0.8660254037844386,0.5000000000000001,3211.7000000000003,3209.7000000000003,3237.4,2965.6,3196.7000000000007,49.399122799283305,3161.1566666666668,87.36501581586963
2016-10-30,2904.2000000000003,0,6,30,10,4,304,43,2016,-0.7818314824680299,0.6234898018587334,-0.8692328164574792,0.49440298420761813,-0.8660254037844386,0.5000000000000001,3122.8,3128.2000000000003,3243.7000000000003,2947.8,3164.7000000000007,121.33812261612346,3149.8400000000006,97.68317047017223
2016-10-31,2850.7,0,0,31,10,4,305,44,2016,0.0,1.0,-0.8605996962501181,0.5092820071573356,-0.8660254037844386,0.5000000000000001,2904.2000000000003,3223.2000000000003,3235.7,2874.4,3111.4857142857145,165.17115798037193,3137.006666666667,110.46766084223553
2016-11-01,2898.9,0,1,1,11,4,306,44,2016,0.7818314824680298,0.6234898018587336,-0.8517119107469189,0.5240103253675756,-0.5000000000000004,0.8660254037844384,2850.7,3231.4000000000005,3095.0,2935.0000000000005,3063.9857142857145,172.5826220352938,3130.4700000000003,118.54555402591625
2016-11-02,2990.9,0,2,2,11,4,307,44,2016,0.9749279121818236,-0.22252093395631434,-0.8425720899866032,0.5385835804920232,-0.5000000000000004,0.8660254037844384,2898.9,3238.9,3230.9000000000005,2995.600000000001,3028.557142857143,155.27867268392635,3122.4700000000003,119.62758345857749
2016-11-03,3038.2,0,3,3,11,4,308,44,2016,0.43388373911755823,-0.900968867902419,-0.8331829385891785,0.5529974600700271,-0.5000000000000004,0.8660254037844384,2990.9,3220.7000000000007,3265.3,3003.7,3002.485714285714,131.07559432852938,3114.9,117.44314545257213
2016-11-04,3085.0,0,4,4,11,4,309,44,2016,-0.433883739117558,-0.9009688679024191,-0.8235472349556007,0.5672476988027229,-0.5000000000000004,0.8660254037844384,3038.2,3211.7000000000003,3184.8,2965.2000000000003,2984.3857142857137,103.14196411699054,3111.5733333333337,116.80663046052267
2016-11-05,3093.0000000000005,0,5,5,11,4,310,44,2016,-0.9749279121818236,-0.2225209339563146,-0.8136678304455991,0.5813300798152042,-0.5000000000000004,0.8660254037844384,3085.0,3122.8,3169.5999999999995,2997.5000000000005,2980.128571428572,96.90310821102797,3109.02,116.3307069492453
2016-11-06,3010.0,0,6,6,11,4,311,44,2016,-0.7818314824680299,0.6234898018587334,-0.8035476485339116,0.5952404359043674,-0.5000000000000004,0.8660254037844384,3093.0000000000005,2904.2000000000003,3216.899999999999,2972.2000000000007,2995.242857142857,91.1677365655306,3102.123333333334,115.8465265454448
2016-11-07,3043.2000000000007,0,0,7,11,4,312,45,2016,0.0,1.0,-0.7931896839451843,0.6089746507720486,-0.5000000000000004,0.8660254037844384,3010.0,2850.7,3159.3,2880.0,3022.7428571428577,65.80632839741642,3098.2533333333336,115.80983143702433
2016-11-08,3100.5,0,1,8,11,4,313,45,2016,0.7818314824680298,0.6234898018587336,-0.7825970017677834,0.6225286602431057,-0.5000000000000004,0.8660254037844384,3043.2000000000007,2898.9,3024.0,2816.825,3051.5428571428574,42.59475152115077,3100.8033333333337,114.95756483435281
2016-11-09,3090.1,0,2,9,11,4,314,45,2016,0.9749279121818236,-0.22252093395631434,-0.7717727365467837,0.6358984534680745,-0.5000000000000004,0.8660254037844384,3100.5,2990.9,3041.1,2753.65,3065.714285714286,34.85486233765844,3102.436666666667,114.4269153391096
2016-11-10,3086.4,0,3,10,11,4,315,45,2016,0.43388373911755823,-0.900968867902419,-0.7607200913564104,0.6490800741100398,-0.5000000000000004,0.8660254037844384,3090.1,3038.2,2919.7000000000003,2690.4750000000004,3072.600000000001,33.23687710970566,3107.9933333333333,109.17405253597241
2016-11-11,3100.7,0,4,11,11,4,316,45,2016,-0.433883739117558,-0.9009688679024191,-0.7494423368521953,0.6620696215153815,-0.5000000000000004,0.8660254037844384,3086.4,3085.0,3013.6,2627.3,3074.842857142857,34.71017416380765,3110.8966666666665,107.72577728638063
2016-11-12,3053.9,0,5,12,11,4,317,45,2016,-0.9749279121818236,-0.2225209339563146,-0.7379428103031386,0.6748632518680403,-0.5000000000000004,0.8660254037844384,3100.7,3093.0000000000005,3068.7,2699.8,3069.257142857143,34.446328161579146,3110.4033333333336,107.95931699690227
2016-11-13,2946.3000000000006,0,6,13,11,4,318,45,2016,-0.7818314824680299,0.6234898018587334,-0.7262249146041543,0.6874571793269664,-0.5000000000000004,0.8660254037844384,3053.9,3010.0,3097.4,2757.3,3060.1571428571433,54.99496513756381,3105.3666666666672,112.0346292934481
2016-11-14,3011.2,0,0,14,11,4,319,46,2016,0.0,1.0,-0.7142921172691032,0.699847677146407,-0.5000000000000004,0.8660254037844384,2946.3000000000006,3043.2000000000007,3127.4,2705.6,3055.5857142857144,57.89307467429746,3101.4933333333333,113.24870383161564
2016-11-15,3040.4,0,1,15,11,4,320,46,2016,0.7818314824680298,0.6234898018587336,-0.7021479494046978,0.7120310787787131,-0.5000000000000004,0.8660254037844384,3011.2,3100.5,3052.5999999999995,2774.8,3047.0,54.477763047617636,3101.086666666667,113.45205195127492
2016-11-16,3012.7,0,2,16,11,4,321,46,2016,0.9749279121818236,-0.22252093395631434,-0.6897960046655887,0.7240037789593305,-0.5000000000000004,0.8660254037844384,3040.4,3090.1,3179.4000000000005,2783.6,3035.942857142857,52.073693203144856,3095.5299999999997,113.56641729812449
2016-11-17,3010.0000000000005,0,3,17,11,4,322,46,2016,0.43388373911755823,-0.900968867902419,-0.6772399381909491,0.7357622347736527,-0.5000000000000004,0.8660254037844384,3012.7,3086.4,3229.7000000000003,2804.0,3025.028571428571,47.54519654277876,3088.2066666666665,111.68420051054137
2016-11-18,3004.1,0,4,18,11,4,323,46,2016,-0.433883739117558,-0.9009688679024191,-0.6644834655228552,0.7473029667054297,-0.5000000000000004,0.8660254037844384,3010.0000000000005,3100.7,3249.5,2805.9,3011.2285714285717,34.01478670066151,3080.0266666666666,108.4019465830254
2016-11-19,2980.9,0,5,19,11,4,324,46,2016,-0.9749279121818236,-0.2225209339563146,-0.6515303615068021,0.75862255966641,-0.5000000000000004,0.8660254037844384,3004.1,3053.9,3210.6000000000004,2820.6,3000.7999999999997,29.66400737154618,3072.3700000000003,106.96381002550787
2016-11-20,2870.2,0,6,20,11,4,325,46,2016,-0.7818314824680299,0.6234898018587334,-0.6383844591746642,0.769717664006921,-0.5000000000000004,0.8660254037844384,2980.9,2946.3000000000006,3233.2,2803.5,2989.9285714285716,55.5855411141984,3060.27,108.66122028168046
2016-11-21,2968.4,0,0,21,11,4,326,47,2016,0.0,1.0,-0.6250496486104377,0.7805849965070866,-0.5000000000000004,0.8660254037844384,2870.2,3011.2,3209.7000000000003,2720.7000000000003,2983.8142857142857,55.20843620840299,3052.226666666667,106.11972397293692
2016-11-22,3020.6000000000004,0,1,22,11,4,327,47,2016,0.7818314824680298,0.6234898018587336,-0.6115298757991053,0.7912213413483807,-0.5000000000000004,0.8660254037844384,2968.4,3040.4,3128.2000000000003,2786.3,2980.985714285714,52.25429579065546,3048.6400000000003,105.27842428859769
2016-11-23,3027.5,0,2,23,11,4,328,47,2016,0.9749279121818236,-0.22252093395631434,-0.5978291414589552,0.801623551065242,-0.5000000000000004,0.8660254037844384,3020.6000000000004,3012.7,3223.2000000000003,2833.4,2983.1,54.020921872973275,3042.1166666666672,100.02102221562104
2016-11-24,3030.0,0,3,24,11,4,329,47,2016,0.43388373911755823,-0.900968867902419,-0.5839514998576998,0.8117885474764613,-0.5000000000000004,0.8660254037844384,3027.5,3010.0000000000005,3231.4000000000005,2845.2000000000007,2985.9571428571426,56.167038291884865,3035.4033333333336,93.41943046554057
2016-11-25,3022.8,0,4,25,11,4,330,47,2016,-0.433883739117558,-0.9009688679024191,-0.5699010576127624,0.821713322596059,-0.5000000000000004,0.8660254037844384,3030.0,3004.1,3238.9,2842.9,2988.628571428572,57.600194278823786,3028.2,85.15296985931981
2016-11-26,3001.3,0,5,26,11,4,331,47,2016,-0.9749279121818236,-0.2225209339563146,-0.5556819724760489,0.8313949395234058,-0.5000000000000004,0.8660254037844384,3022.8,2980.9,3220.7000000000007,2858.6000000000004,2991.542857142857,57.66003402544416,3020.8866666666668,77.08987917531361
2016-11-27,2933.2,0,6,27,11,4,332,47,2016,-0.7818314824680299,0.6234898018587334,-0.5412984521036173,0.8408305333122887,-0.5000000000000004,0.8660254037844384,3001.3,2870.2,3211.7000000000003,2840.9999999999995,3000.5428571428574,36.65350629633322,3011.603333333333,69.73754978901049
2016-11-28,3021.7000000000007,0,0,28,11,4,333,48,2016,0.0,1.0,-0.5267547528105542,0.8500173118187018,-0.5000000000000004,0.8660254037844384,2933.2,2968.4,3122.8,2747.1,3008.1571428571433,34.32563945238769,3008.233333333334,66.54865647149381
2016-11-29,3047.1000000000004,0,1,29,11,4,334,48,2016,0.7818314824680298,0.6234898018587336,-0.5120551783114646,0.8589525565270845,-0.5000000000000004,0.8660254037844384,3021.7000000000007,3020.6000000000004,2904.2000000000003,2823.3,3011.9428571428575,37.262351739371404,3012.9966666666664,63.9072576059454
2016-11-30,2970.7000000000003,0,2,30,11,4,335,48,2016,0.9749279121818236,-0.22252093395631434,-0.4972040784469378,0.8676336233547726,-0.5000000000000004,0.8660254037844384,3047.1000000000004,3027.5,2850.7,2860.3,3003.8285714285716,39.43127837506065,3016.9966666666664,56.753790596985596
2016-12-01,2952.6,0,3,1,12,4,336,48,2016,0.43388373911755823,-0.900968867902419,-0.4822058478963526,0.8760579434344281,-2.4492935982947064e-16,1.0,2970.7000000000003,3030.0,2898.9,2795.2,2992.7714285714287,41.6584410929115,3018.786666666667,53.66331009707456
2016-12-02,2942.0000000000005,0,4,2,12,4,337,48,2016,-0.433883739117558,-0.9009688679024191,-0.46706492487743034,0.8842230238742036,-2.4492935982947064e-16,1.0,2952.6,3022.8,2990.9,2800.7,2981.2285714285713,43.11982198044142,3017.1566666666668,55.25851273681832
2016-12-03,2935.4999999999995,0,5,3,12,4,338,48,2016,-0.9749279121818236,-0.2225209339563146,-0.451785789832884,0.8921264484954345,-2.4492935982947064e-16,1.0,2942.0000000000005,3001.3,3038.2,2827.3,2971.828571428571,45.139846192601034,3013.733333333333,57.061674639320785
2016-12-04,2843.3000000000006,0,6,4,12,4,339,48,2016,-0.7818314824680299,0.6234898018587334,-0.4363729641045924,0.8997658785476209,-2.4492935982947064e-16,1.0,2935.4999999999995,2933.2,3085.0,2831.4,2958.9857142857145,65.95262007869052,3005.6766666666667,63.367100586830986
2016-12-05,2958.0000000000005,0,0,5,12,4,340,49,2016,0.0,1.0,-0.42083100859565564,0.9071390534005044,-2.4492935982947064e-16,1.0,2843.3000000000006,3021.7000000000007,3093.0000000000005,2732.5000000000005,2949.8857142857146,59.981536841854805,3001.1766666666667,61.72421803436576
2016-12-06,2963.7000000000003,0,1,6,12,4,341,49,2016,0.7818314824680298,0.6234898018587336,-0.4051645224207563,0.9142437912130223,-2.4492935982947064e-16,1.0,2958.0000000000005,3047.1000000000004,3010.0,2796.4000000000005,2937.971428571429,43.461236149298806,2999.633333333333,62.073839974624484
2016-12-07,2988.8000000000006,0,2,7,12,4,342,49,2016,0.9749279121818236,-0.22252093395631434,-0.3893781415452015,0.9210779895789526,-2.4492935982947064e-16,1.0,2963.7000000000003,2970.7000000000003,3043.2000000000007,2860.3,2940.557142857143,46.185959523960534,2997.82,61.54962898008464
2016-12-08,3005.0,0,3,8,12,4,343,49,2016,0.43388373911755823,-0.900968867902419,-0.37347653741307074,0.9276396261490467,-2.4492935982947064e-16,1.0,2988.8000000000006,2952.6,3100.5,2865.6499999999996,2948.0428571428574,52.3043292390685,2994.6366666666668,58.44735611455365
2016-12-09,3047.0,0,4,9,12,4,344,49,2016,-0.433883739117558,-0.9009688679024191,-0.3574644155648614,0.9339267592294762,-2.4492935982947064e-16,1.0,3005.0,2942.0000000000005,3090.1,2870.999999999999,2963.0428571428574,64.02532980898097,2993.2,56.51776040661149
2016-12-10,3003.1,0,5,10,12,4,345,49,2016,-0.9749279121818236,-0.2225209339563146,-0.34134651424503615,0.9399375283564133,-2.4492935982947064e-16,1.0,3047.0,2935.4999999999995,3086.4,2878.9000000000005,2972.7000000000003,64.27622681317877,2990.4233333333336,53.75998180503755
2016-12-11,2915.1,0,6,11,12,4,346,49,2016,-0.7818314824680299,0.6234898018587334,-0.3251276029999093,0.9456701548465688,-2.4492935982947064e-16,1.0,3003.1,2843.3000000000006,3100.7,2831.4,2982.957142857143,42.08233426449507,2984.2366666666667,51.252703769439535
2016-12-12,2903.3,0,0,12,12,4,347,50,2016,0.0,1.0,-0.30881248126625377,0.9511229423235357,-2.4492935982947064e-16,1.0,2915.1,2958.0000000000005,3053.9,2808.500000000001,2975.1428571428573,51.511320993370695,2979.2166666666667,51.5685354705215
2016-12-13,2868.5,0,1,13,12,4,348,50,2016,0.7818314824680298,0.6234898018587336,-0.29240597695107734,0.9562942772197719,-2.4492935982947064e-16,1.0,2903.3,2963.7000000000003,2946.3000000000006,2880.2000000000003,2961.542857142857,65.66015679605216,2976.6233333333334,55.115244047690524
2016-12-14,2912.9,0,2,14,12,4,349,50,2016,0.9749279121818236,-0.22252093395631434,-0.27591294500296043,0.9611826292540837,-2.4492935982947064e-16,1.0,2868.5,2988.8000000000006,3011.2,2901.95,2950.7000000000003,66.66800831987823,2973.3466666666664,55.905102680764365
2016-12-15,2965.1,0,3,15,12,4,350,50,2016,0.43388373911755823,-0.900968867902419,-0.2593382659754056,0.9657865518844574,-2.4492935982947064e-16,1.0,2912.9,3005.0,3040.4,2923.7,2945.0,62.847938178904364,2970.836666666667,54.46254317597613
2016-12-16,2994.0999999999995,0,4,16,12,4,351,50,2016,-0.433883739117558,-0.9009688679024191,-0.2426868445825954,0.9701046827361175,-2.4492935982947064e-16,1.0,2965.1,3047.0,3012.7,2931.0,2937.442857142857,50.507783464355995,2970.216666666667,54.0740238697928
2016-12-17,2990.2000000000003,0,5,17,12,4,352,50,2016,-0.9749279121818236,-0.2225209339563146,-0.22596360824801906,0.974135744004672,-2.4492935982947064e-16,1.0,2994.0999999999995,3003.1,3010.0000000000005,2969.9999999999995,2935.6,47.87988443322971,2969.556666666667,53.69118391211642
2016-12-18,2903.5000000000005,0,6,18,12,4,353,50,2016,-0.7818314824680299,0.6234898018587334,-0.20917350564635637,0.9778785428342386,-2.4492935982947064e-16,1.0,2990.2000000000003,2915.1,3004.1,2951.4,2933.942857142857,48.89757516635114,2966.2033333333334,54.59330818745282
2016-12-19,2987.199999999999,0,0,19,12,4,354,51,2016,0.0,1.0,-0.19232150523909483,0.9813319716704275,-2.4492935982947064e-16,1.0,2903.5000000000005,2903.3,2980.9,2871.899999999999,2945.9285714285716,50.39440161656594,2966.4133333333334,54.663861436291384
2016-12-20,3029.0,0,1,20,12,4,355,51,2016,0.7818314824680298,0.6234898018587336,-0.17541259380427843,0.9844950085880858,-2.4492935982947064e-16,1.0,2987.199999999999,2868.5,2870.2,2935.7000000000007,2968.8571428571427,45.57634098025836,2971.7066666666665,52.67843197554344
2016-12-21,3073.6000000000004,0,2,21,12,4,356,51,2016,0.9749279121818236,-0.22252093395631434,-0.15845177496083632,0.9873667175937016,-2.4492935982947064e-16,1.0,3029.0,2912.9,2968.4,2960.7000000000003,2991.8142857142852,52.62108033140251,2975.2133333333336,55.856316491098
2016-12-22,3071.0000000000005,0,3,22,12,4,357,51,2016,0.43388373911755823,-0.900968867902419,-0.14144406768794202,0.9899462489023779,-2.4492935982947064e-16,1.0,3073.6000000000004,2965.1,3020.6000000000004,2965.5,3006.942857142857,58.54980378972485,2976.8933333333334,57.98584210871794
2016-12-23,3083.9,0,4,23,12,4,358,51,2016,-0.433883739117558,-0.9009688679024191,-0.12439450483979998,0.9922328391893008,-2.4492935982947064e-16,1.0,3071.0000000000005,2994.0999999999995,3027.5,2931.0,3019.7714285714287,64.77388142061125,2978.773333333333,60.54116259055321
2016-12-24,3056.600000000001,0,5,24,12,4,359,51,2016,-0.9749279121818236,-0.2225209339563146,-0.10730813165636247,0.9942258118156161,-2.4492935982947064e-16,1.0,3083.9,2990.2000000000003,3030.0,2914.9999999999995,3029.257142857143,64.58322427030507,2979.6600000000003,61.504407467520174
2016-12-25,2970.7000000000003,0,6,25,12,4,360,51,2016,-0.7818314824680299,0.6234898018587334,-0.09019000427034513,0.9959245770286599,-2.4492935982947064e-16,1.0,3056.600000000001,2903.5000000000005,3022.8,2907.8,3038.8571428571436,44.71188720182248,2977.9233333333336,60.97758595176963
2016-12-26,3031.699999999999,0,0,26,12,4,361,52,2016,0.0,1.0,-0.07304518821104743,0.9973286321364752,-2.4492935982947064e-16,1.0,2970.7000000000003,2987.199999999999,3001.3,2815.4,3045.214285714286,38.933251793854744,2978.936666666667,61.62857870049727
2016-12-27,3050.4999999999995,0,1,27,12,4,362,52,2016,0.7818314824680298,0.6234898018587336,-0.05587875690537313,0.9984375616565666,-2.4492935982947064e-16,1.0,3031.699999999999,3029.0,2933.2,2892.0000000000005,3048.285714285714,38.283566037883844,2982.846666666667,62.343651245130346
2016-12-28,3073.7000000000003,0,2,28,12,4,363,52,2016,0.9749279121818236,-0.22252093395631434,-0.03869579017652689,0.9992510374388481,-2.4492935982947064e-16,1.0,3050.4999999999995,3073.6000000000004,3021.7000000000007,2926.3,3048.3,38.294603623386045,2984.58,64.15762055953921
2016-12-29,3056.1000000000004,0,3,29,12,4,364,52,2016,0.43388373911755823,-0.900968867902419,-0.021501372740813793,0.999768818762748,-2.4492935982947064e-16,1.0,3073.7000000000003,3071.0000000000005,3047.1000000000004,2935.6,3046.1714285714284,37.22162070120856,2984.88,64.48027444965778
2016-12-30,3048.6000000000004,0,4,30,12,4,365,52,2016,-0.433883739117558,-0.9009688679024191,-0.004300592702981974,0.9999907524084426,-2.4492935982947064e-16,1.0,3056.1000000000004,3083.9,2970.7000000000003,2931.0,3041.128571428572,33.45926450115108,2987.476666666667,65.45078531882054
2016-12-31,3037.1000000000004,0,5,31,12,4,366,52,2016,-0.9749279121818236,-0.2225209339563146,0.012901459949419653,0.9999167727021953,-2.4492935982947064e-16,1.0,3048.6000000000004,3056.600000000001,2952.6,2912.8,3038.3428571428567,32.76094509954094,2990.2933333333335,65.71580365919974
2017-01-01,2939.4,0,6,1,1,1,1,52,2017,-0.7818314824680299,0.6234898018587334,0.017201575418260506,0.9998520419557735,0.49999999999999994,0.8660254037844387,3037.1000000000004,2970.7000000000003,2942.0000000000005,2928.2,3033.871428571428,43.80611503307893,2990.206666666667,65.78336931292512
2017-01-02,3029.2000000000003,0,0,2,1,1,2,1,2017,0.0,1.0,0.03439806061360801,0.9994082116062598,0.49999999999999994,0.8660254037844387,2939.4,3031.699999999999,2935.4999999999995,2881.3,3033.514285714286,43.83694897279833,2993.3300000000004,65.3191377669706
2017-01-03,3073.7,0,1,3,1,1,3,1,2017,0.7818314824680298,0.6234898018587336,0.051584366869408364,0.9986686402879997,0.49999999999999994,0.8660254037844387,3029.2000000000003,3050.4999999999995,2843.3000000000006,2971.7,3036.8285714285716,46.151118234462444,3001.01,60.43291150609321
2017-01-04,3088.4,0,2,4,1,1,4,1,2017,0.9749279121818236,-0.22252093395631434,0.06875540848113941,0.9976335468520451,0.49999999999999994,0.8660254037844387,3073.7,3073.7000000000003,2958.0000000000005,2996.1,3038.9285714285716,48.388694075076295,3005.3566666666666,61.90435160088756
2017-01-05,3125.5,0,3,5,1,1,5,1,2017,0.43388373911755823,-0.900968867902419,0.08590610426133272,0.9963032375991965,0.49999999999999994,0.8660254037844387,3088.4,3056.1000000000004,2963.7000000000003,3012.8,3048.842857142857,58.5384448359802,3010.75,65.11496861652425
2017-01-06,3109.3,0,4,6,1,1,6,1,2017,-0.433883739117558,-0.9009688679024191,0.10303137904317879,0.9946781061893646,0.49999999999999994,0.8660254037844387,3125.5,3048.6000000000004,2988.8000000000006,3004.8,3057.5142857142855,62.83463558084008,3014.766666666667,67.39106322279521
2017-01-07,3015.0,0,5,7,1,1,7,1,2017,-0.9749279121818236,-0.2225209339563146,0.1201261651823505,0.9927586335250793,0.49999999999999994,0.8660254037844387,3109.3,3037.1000000000004,3005.0,2990.1,3054.3571428571427,64.56275647627727,3015.1,67.36581554058563
2017-01-08,2978.6,0,6,8,1,1,8,1,2017,-0.7818314824680299,0.6234898018587334,0.13718540405660057,0.9905453876091833,0.49999999999999994,0.8660254037844387,3015.0,2939.4,3047.0,2955.3,3059.957142857143,53.71929687876043,3012.82,67.40641737585669
2017-01-09,3052.8,0,0,9,1,1,9,2,2017,0.0,1.0,0.1542040475626894,0.988039023376751,0.49999999999999994,0.8660254037844387,2978.6,3029.2000000000003,3003.1,2892.8,3063.328571428571,52.1859404529411,3014.476666666667,67.76905856547296
2017-01-10,3074.2,0,1,10,1,1,10,2,2017,0.7818314824680298,0.6234898018587336,0.17117705961019986,0.985240282501282,0.49999999999999994,0.8660254037844387,3052.8,3073.7,2915.1,2960.5,3063.4,52.20284155744972,3019.78,65.92422714099796
2017-01-11,3099.1,0,2,11,1,1,11,2,2017,0.9749279121818236,-0.22252093395631434,0.18809941761179758,0.9821499931752291,0.49999999999999994,0.8660254037844387,3074.2,3088.4,2903.3,3014.7000000000003,3064.9285714285716,53.20393827175367,3026.3066666666664,63.64780752153881
2017-01-12,3121.2000000000003,0,3,12,1,1,12,2,2017,0.43388373911755823,-0.900968867902419,0.20496611396949532,0.9787690698649216,0.49999999999999994,0.8660254037844387,3099.1,3125.5,2868.5,2960.75,3064.3142857142857,52.406883408355476,3034.7300000000005,58.561339194693275
2017-01-13,3122.4,0,4,13,1,1,13,2,2017,-0.433883739117558,-0.9009688679024191,0.22177215755648186,0.975098513039961,0.49999999999999994,0.8660254037844387,3121.2000000000003,3109.3,2912.9,2906.7999999999997,3066.1857142857148,54.4741660047246,3041.7133333333336,55.96610879213808
2017-01-14,2969.4,0,5,14,1,1,14,2,2017,-0.9749279121818236,-0.2225209339563146,0.23851257519407648,0.9711394088771653,0.49999999999999994,0.8660254037844387,3122.4,3015.0,2965.1,2846.9999999999995,3059.671428571429,63.58072858677057,3041.8566666666666,55.76828714040638
2017-01-15,2876.8000000000006,0,6,15,1,1,15,2,2017,-0.7818314824680299,0.6234898018587334,0.2551824131233728,0.9668929289391521,0.49999999999999994,0.8660254037844387,2969.4,2978.6,2994.0999999999995,2836.8,3045.128571428572,90.96150677232232,3037.9466666666663,62.88942531214628
2017-01-16,3025.7,0,0,16,1,1,16,3,2017,0.0,1.0,0.2717767384711357,0.9623603298276545,0.49999999999999994,0.8660254037844387,2876.8000000000006,3052.8,2990.2000000000003,2812.1,3041.257142857143,91.15707793226147,3039.1299999999997,62.291180257971625
2017-01-17,3090.5,0,1,17,1,1,17,3,2017,0.7818314824680298,0.6234898018587336,0.2882906407095177,0.9575429528116719,0.49999999999999994,0.8660254037844387,3025.7,3074.2,2903.5000000000005,2905.3,3043.585714285714,92.33936373640239,3045.3633333333332,57.416593080046624
2017-01-18,3104.2,0,2,18,1,1,18,3,2017,0.9749279121818236,-0.22252093395631434,0.3047192331091634,0.9524422234305676,0.49999999999999994,0.8660254037844387,3090.5,3099.1,2987.199999999999,2881.3000000000006,3044.3142857142857,92.86898349418725,3049.263333333334,57.303117104440254
2017-01-19,3104.6,0,3,19,1,1,19,3,2017,0.43388373911755823,-0.900968867902419,0.321057654185271,0.9470596510722283,0.49999999999999994,0.8660254037844387,3104.2,3121.2000000000003,3029.0,2879.9,3041.9428571428575,90.76662119862702,3051.7833333333333,58.03886975380379
2017-01-20,3129.8,0,4,20,1,1,20,3,2017,-0.433883739117558,-0.9009688679024191,0.3373010691361842,0.9413968285264122,0.49999999999999994,0.8660254037844387,3104.6,3122.4,3073.6000000000004,2893.0999999999995,3043.0,91.89593752358618,3053.6566666666668,59.65190798655934
2017-01-21,3124.2,0,5,21,1,1,21,3,2017,-0.9749279121818236,-0.2225209339563146,0.3534446712740877,0.9354554315134164,0.49999999999999994,0.8660254037844387,3129.8,2969.4,3071.0000000000005,2917.5999999999995,3065.1142857142863,89.83537589340979,3055.43,60.961656405681
2017-01-22,3025.1000000000004,0,6,22,1,1,22,3,2017,-0.7818314824680299,0.6234898018587334,0.3694836834473831,0.9292372181882051,0.49999999999999994,0.8660254037844387,3124.2,2876.8000000000006,3083.9,2932.0999999999995,3086.2999999999997,43.626062546816996,3053.4700000000003,60.95999338175493
2017-01-23,3122.8,0,0,23,1,1,23,4,2017,0.0,1.0,0.38541335945432564,0.9227440286201427,0.49999999999999994,0.8660254037844387,3025.1000000000004,3025.7,3056.600000000001,2940.1499999999996,3100.171428571429,35.89887251188374,3055.6766666666667,62.26148243820147
2017-01-24,3165.8,0,1,24,1,1,24,4,2017,0.7818314824680298,0.6234898018587336,0.4012289854475009,0.9159777842484877,0.49999999999999994,0.8660254037844387,3122.8,3090.5,2970.7000000000003,2948.2,3110.9285714285716,43.08119134407112,3062.18,63.26070524098211
2017-01-25,3166.8000000000006,0,2,25,1,1,25,4,2017,0.9749279121818236,-0.22252093395631434,0.4169258813287287,0.908940487313808,0.49999999999999994,0.8660254037844387,3165.8,3104.2,3031.699999999999,2823.3,3119.871428571429,47.70124786234075,3066.6833333333334,65.77482530329064
2017-01-26,2838.3,0,3,26,1,1,26,4,2017,0.43388373911755823,-0.900968867902419,0.4324994021339788,0.901634220265486,0.49999999999999994,0.8660254037844387,3166.8000000000006,3104.6,3050.4999999999995,2970.8,3081.828571428571,117.3107655515519,3059.61,77.87248352053099
2017-01-27,2856.100000000001,0,4,27,1,1,27,4,2017,-0.433883739117558,-0.9009688679024191,0.44794493940789115,0.8940611451454876,0.49999999999999994,0.8660254037844387,2838.3,3129.8,3073.7000000000003,3029.399999999999,3042.7285714285717,141.72823424059808,3052.356666666667,86.20325893244909
2017-01-28,2978.1,0,5,28,1,1,28,4,2017,-0.9749279121818236,-0.2225209339563146,0.4632579225674917,0.88622350294858,0.49999999999999994,0.8660254037844387,2856.100000000001,3124.2,3056.1000000000004,3022.3,3021.8571428571427,138.4505309625609,3049.7566666666667,87.25631953532485
2017-01-29,2942.8,0,6,29,1,1,29,4,2017,-0.7818314824680299,0.6234898018587334,0.4784338202547012,0.8781236129591848,0.49999999999999994,0.8660254037844387,2978.1,3025.1000000000004,3048.6000000000004,3007.2000000000007,3010.100000000001,141.58813509614964,3046.2300000000005,89.41602938145346
2017-01-30,3045.1,0,0,30,1,1,30,5,2017,0.0,1.0,0.49346814167723735,0.8697638720650646,0.49999999999999994,0.8660254037844387,2942.8,3122.8,3037.1000000000004,2915.5,2999.0000000000005,134.12956422804606,3046.496666666667,89.39978972178275
2017-01-31,3095.9,0,1,31,1,1,31,5,2017,0.7818314824680298,0.6234898018587336,0.5083564379375122,0.8611467540480452,0.49999999999999994,0.8660254037844387,3045.1,3165.8,2939.4,2982.1000000000004,2989.0142857142855,121.66470905146228,3051.713333333333,87.48042828732312
2017-02-01,3103.2,0,2,1,2,1,32,5,2017,0.9749279121818236,-0.22252093395631434,0.5230943033491326,0.8522748088519838,0.8660254037844386,0.5000000000000001,3095.9,3166.8000000000006,3029.2000000000003,3014.2,2979.9285714285716,107.7547943912067,3054.18,87.86616547046377
2017-02-02,3111.0000000000005,0,3,2,2,1,33,5,2017,0.43388373911755823,-0.900968867902419,0.5376773767406141,0.8431506618282,0.8660254037844386,0.5000000000000001,3103.2,2838.3,3073.7,3039.4999999999995,3018.8857142857146,96.75056293674403,3055.423333333333,88.41409890429037
2017-02-03,3127.0999999999995,0,4,3,2,1,34,5,2017,-0.433883739117558,-0.9009688679024191,0.5521013427459208,0.8337770129585915,0.8660254037844386,0.5000000000000001,3111.0000000000005,2856.100000000001,3088.4,3023.7000000000007,3057.6,71.74445390880082,3056.7133333333336,89.19074767746115
2017-02-04,3091.500000000001,0,5,4,2,1,35,5,2017,-0.9749279121818236,-0.2225209339563146,0.5663619330814524,0.8241566360566663,0.8660254037844386,0.5000000000000001,3127.0999999999995,2978.1,3125.5,3022.9,3073.8,63.08127033178724,3055.5800000000004,88.49988661594234
2017-02-05,2989.0,0,6,5,2,1,36,5,2017,-0.7818314824680299,0.6234898018587334,0.580454927809098,0.8142923779467267,0.8660254037844386,0.5000000000000001,3091.500000000001,2942.8,3109.3,3009.4,3080.4000000000005,47.6105730554886,3051.57,88.70705818825208
2017-02-06,3078.6,0,0,6,2,1,37,6,2017,0.0,1.0,0.5943761565849831,0.804187157621448,0.8660254037844386,0.5000000000000001,2989.0,3045.1,3015.0,2910.7,3085.1857142857143,45.08774514111464,3053.6900000000005,88.56280588490326
2017-02-07,3137.1000000000004,0,1,7,2,1,38,6,2017,0.7818314824680298,0.6234898018587336,0.6081214998935418,0.7938439653781019,0.8660254037844386,0.5000000000000001,3078.6,3095.9,2978.6,2992.8,3091.071428571429,49.21929548078063,3058.9733333333334,88.65645797250234
2017-02-08,3179.200000000001,0,2,8,2,1,39,6,2017,0.9749279121818236,-0.22252093395631434,0.6216868902665479,0.7832658619336791,0.8660254037844386,0.5000000000000001,3137.1000000000004,3103.2,3052.8,3048.4,3101.928571428572,59.62330959972302,3063.1866666666665,91.31658358032145
2017-02-09,3183.4,0,3,9,2,1,40,6,2017,0.43388373911755823,-0.900968867902419,0.6350683134867438,0.7724559775191742,0.8660254037844386,0.5000000000000001,3179.200000000001,3111.0000000000005,3074.2,3057.3,3112.2714285714287,67.25091608514404,3066.826666666667,93.91032014579282
2017-02-10,3195.5,0,4,10,2,1,41,6,2017,-0.433883739117558,-0.9009688679024191,0.6482618097757122,0.7614175109532997,0.8660254037844386,0.5000000000000001,3183.4,3127.0999999999995,3099.1,3037.2,3122.0428571428574,74.35820638738018,3070.0400000000004,96.66165520105248
2017-02-11,3148.4,0,5,11,2,1,42,6,2017,-0.9749279121818236,-0.2225209339563146,0.6612634749656386,0.7501537286959042,0.8660254037844386,0.5000000000000001,3195.5,3091.500000000001,3121.2000000000003,3051.1000000000004,3130.171428571429,73.56875954478066,3070.9466666666663,97.28363697451267
2017-02-12,3034.8,0,6,12,2,1,43,6,2017,-0.7818314824680299,0.6234898018587334,0.6740694616546161,0.7386679638813748,0.8660254037844386,0.5000000000000001,3148.4,2989.0,3122.4,3020.5000000000005,3136.714285714286,59.638981339753414,3068.0266666666666,97.00025216225202
2017-02-13,3133.4,0,0,13,2,1,44,7,2017,0.0,1.0,0.6866759803451553,0.726963615332308,0.8660254037844386,0.5000000000000001,3034.8,3078.6,2969.4,2927.7,3144.5428571428574,54.07642299389709,3073.493333333334,95.86490830162222
2017-02-14,3187.9,0,1,14,2,1,45,7,2017,0.7818314824680298,0.6234898018587336,0.6990793005655562,0.7150441465537444,0.8660254037844386,0.5000000000000001,3133.4,3137.1000000000004,2876.8000000000006,3017.8,3151.8,56.275127720915535,3083.8633333333337,90.53230508701381
2017-02-15,3200.500000000001,0,2,15,2,1,46,7,2017,0.9749279121818236,-0.22252093395631434,0.7112757519738152,0.7029130847082615,0.8660254037844386,0.5000000000000001,3187.9,3179.200000000001,3025.7,3059.3,3154.842857142857,58.53411703569306,3089.6900000000005,92.26825340390516
2017-02-16,3213.2999999999997,0,3,16,2,1,47,7,2017,0.43388373911755823,-0.900968867902419,0.7232617254437388,0.6905740195722294,0.8660254037844386,0.5000000000000001,3200.500000000001,3183.4,3090.5,3074.2,3159.1142857142854,61.95625953237847,3093.7833333333338,94.9892192915047
2017-02-17,3200.4,0,4,17,2,1,48,7,2017,-0.433883739117558,-0.9009688679024191,0.7350336741329412,0.6780306024735382,0.8660254037844386,0.5000000000000001,3213.2999999999997,3195.5,3104.2,3059.999999999999,3159.814285714286,62.46149289957325,3096.99,96.95639386005037
2017-02-18,3202.4,0,5,18,2,1,49,7,2017,-0.9749279121818236,-0.2225209339563146,0.746588114532413,0.6652865452111116,0.8660254037844386,0.5000000000000001,3200.4,3148.4,3104.6,3088.3000000000006,3167.5285714285715,64.12918509506977,3100.2500000000005,98.84684339055171
2017-02-19,3128.8,0,6,19,2,1,50,7,2017,-0.7818314824680299,0.6234898018587334,0.7579216274973472,0.6523456189565257,0.8660254037844386,0.5000000000000001,3202.4,3034.8,3129.8,3047.200000000001,3180.9571428571435,34.87132810511888,3100.2166666666667,98.83670295277511
2017-02-20,3216.7000000000003,0,0,20,2,1,51,8,2017,0.0,1.0,0.7690308592589181,0.6392116531380588,0.8660254037844386,0.5000000000000001,3128.8,3133.4,3124.2,2971.9,3192.8571428571427,29.77878759253818,3103.3000000000006,101.0292002855869
2017-02-21,3257.2,0,1,21,2,1,52,8,2017,0.7818314824680298,0.6234898018587336,0.7799125224167177,0.6258885343075018,0.8660254037844386,0.5000000000000001,3216.7000000000003,3187.9,3025.1000000000004,3056.4,3202.7571428571428,38.18816820013083,3111.036666666667,103.68625913463055
2017-02-22,3298.2,0,2,22,2,1,53,8,2017,0.9749279121818236,-0.22252093395631434,0.7905633969115482,0.612380204990065,0.8660254037844386,0.5000000000000001,3257.2,3200.500000000001,3122.8,3099.7000000000007,3216.714285714286,52.42557990691851,3116.883333333333,109.17253059621748
2017-02-23,3281.9,0,3,23,2,1,54,8,2017,0.43388373911755823,-0.900968867902419,0.8009803309782905,0.5986906625177214,0.8660254037844386,0.5000000000000001,3298.2,3213.2999999999997,3165.8,3119.5,3226.5142857142855,57.815638846624864,3120.7533333333336,112.95848408347743
2017-02-24,3191.600000000001,0,4,24,2,1,55,8,2017,-0.433883739117558,-0.9009688679024191,0.8111602420785621,0.5848239578463322,0.8660254037844386,0.5000000000000001,3281.9,3200.4,3166.8000000000006,3114.8000000000006,3225.2571428571428,58.56887276658235,3121.5800000000004,113.39698469505916
2017-02-25,3232.2,0,5,25,2,1,56,8,2017,-0.9749279121818236,-0.2225209339563146,0.8211001178128892,0.5707841943569036,0.8660254037844386,0.5000000000000001,3191.600000000001,3202.4,2838.3,3122.9,3229.514285714286,57.70726206677412,3134.71,101.66285169024913
2017-02-26,3161.7000000000003,0,6,26,2,1,57,8,2017,-0.7818314824680299,0.6234898018587334,0.8307970168121247,0.5565755266413303,0.8660254037844386,0.5000000000000001,3232.2,3128.8,2856.100000000001,3098.3,3234.2142857142862,48.7878888172397,3144.8966666666665,87.04271834043607
2017-02-27,3257.7,0,0,27,2,1,58,9,2017,0.0,1.0,0.8402480696078469,0.5422021592729844,0.8660254037844386,0.5000000000000001,3161.7000000000003,3216.7000000000003,2978.1,3006.2000000000003,3240.0714285714284,48.79589170846554,3154.216666666667,83.46260811898667
2017-02-28,3298.7,0,1,28,2,1,59,9,2017,0.7818314824680298,0.6234898018587336,0.8494504794814806,0.527668345562516,0.8660254037844386,0.5000000000000001,3257.7,3257.2,2942.8,3093.6,3246.0,53.51653949953459,3166.0800000000004,77.45309325761627
2017-03-01,3307.5000000000005,0,2,1,3,1,60,9,2017,0.9749279121818236,-0.22252093395631434,0.8584015232918917,0.512978386299228,1.0,6.123233995736766e-17,3298.7,3298.2,3045.1,3123.8,3247.328571428571,55.11983049947605,3174.826666666667,78.13313100676406
2017-03-02,3302.9,0,3,2,3,1,61,9,2017,0.43388373911755823,-0.900968867902419,0.8670985522812081,0.4981366284784055,1.0,6.123233995736766e-17,3307.5000000000005,3281.9,3095.9,3138.3,3250.3285714285716,57.820374560279085,3181.726666666667,80.03961490426863
2017-03-03,3327.6000000000004,0,4,3,3,1,62,9,2017,-0.433883739117558,-0.9009688679024191,0.8755389928586302,0.4831474640149687,1.0,6.123233995736766e-17,3302.9,3191.600000000001,3103.2,3146.3,3269.757142857143,57.646504870762065,3189.206666666667,82.8829541700504
2017-03-04,3297.0,0,5,4,3,1,63,9,2017,-0.9749279121818236,-0.2225209339563146,0.8837203473619977,0.4680153284438345,1.0,6.123233995736766e-17,3327.6000000000004,3232.2,3111.0000000000005,3128.6,3279.0142857142855,55.78304487246418,3195.406666666667,83.78294178013803
2017-03-05,3185.7000000000003,0,6,5,3,1,64,9,2017,-0.7818314824680299,0.6234898018587334,0.8916401947968874,0.45274469960737107,1.0,6.123233995736766e-17,3297.0,3161.7000000000003,3127.0999999999995,3040.0,3282.442857142857,47.492310154537435,3197.36,82.8130033101206
2017-03-06,3278.9,0,0,6,3,1,65,10,2017,0.0,1.0,0.8992961915530253,0.4373400963303323,1.0,6.123233995736766e-17,3185.7000000000003,3257.7,3091.500000000001,2895.4,3285.471428571429,46.31280291982945,3203.606666666667,81.61170019792557
2017-03-07,3292.7,0,1,7,3,1,66,10,2017,0.7818314824680298,0.6234898018587336,0.9066860720977985,0.4218060770826634,1.0,6.123233995736766e-17,3278.9,3298.7,2989.0,3004.2,3284.6142857142863,46.082116146903225,3213.7300000000005,72.3880260149807
2017-03-08,3239.5,0,2,8,3,1,67,10,2017,0.9749279121818236,-0.22252093395631434,0.9138076496466615,0.40614723863057883,1.0,6.123233995736766e-17,3292.7,3307.5000000000005,3078.6,3060.0999999999995,3274.9000000000005,47.596113286751354,3219.0933333333332,67.8491680803538
2017-03-09,3214.0,0,3,9,3,1,68,10,2017,0.43388373911755823,-0.900968867902419,0.9206588168102428,0.3903682146763026,1.0,6.123233995736766e-17,3239.5,3302.9,3137.1000000000004,3142.399999999999,3262.2000000000003,50.64273557650658,3221.656666666667,66.07406859147233
2017-03-10,3063.8,0,4,10,3,1,69,10,2017,-0.433883739117558,-0.9009688679024191,0.9272375462179537,0.374473674486883,1.0,6.123233995736766e-17,3214.0,3327.6000000000004,3179.200000000001,3158.7999999999997,3224.514285714286,82.19086381857456,3217.8100000000004,71.74666807114492
2017-03-11,3030.8,0,5,11,3,1,70,10,2017,-0.9749279121818236,-0.2225209339563146,0.9335418911179212,0.35846832151248087,1.0,6.123233995736766e-17,3063.8,3297.0,3183.4,3148.899999999999,3186.485714285714,102.20882917786618,3212.7233333333334,79.28395360254981
2017-03-12,2974.900000000001,0,6,12,3,1,71,10,2017,-0.7818314824680299,0.6234898018587334,0.9395699859530622,0.342356891994542,1.0,6.123233995736766e-17,3030.8,3185.7000000000003,3195.5,3011.3,3156.371428571429,129.80734075656576,3205.3700000000003,90.3887319419276
2017-03-13,2805.8,0,0,13,3,1,72,11,2017,0.0,1.0,0.945320046913132,0.3261441535642696,1.0,6.123233995736766e-17,2974.900000000001,3278.9,3148.4,2996.4,3088.785714285714,171.76143754806264,3193.9500000000003,115.88217485133998
2017-03-14,2982.5000000000005,0,1,14,3,1,73,11,2017,0.7818314824680298,0.6234898018587336,0.9507903724625832,0.3098349038318025,1.0,6.123233995736766e-17,2805.8,3292.7,3034.8,2996.4,3044.471428571429,148.87426142316008,3192.206666666667,118.71770031388225
2017-03-15,3094.6,0,2,15,3,1,74,11,2017,0.9749279121818236,-0.22252093395631434,0.9559793438440766,0.2934339689665273,1.0,6.123233995736766e-17,2982.5000000000005,3239.5,3133.4,3058.2,3023.7714285714287,125.47149363218503,3190.9133333333334,119.58859573506882
2017-03-16,3132.5000000000005,0,3,16,3,1,75,11,2017,0.43388373911755823,-0.900968867902419,0.9608854255574977,0.27694620226893646,1.0,6.123233995736766e-17,3094.6,3214.0,3187.9,3071.9999999999995,3012.128571428572,107.35041863429386,3189.0666666666666,120.06352724584309
2017-03-17,3190.7000000000003,0,4,17,3,1,76,11,2017,-0.433883739117558,-0.9009688679024191,0.9655071658143364,0.2603764827344581,1.0,6.123233995736766e-17,3132.5000000000005,3063.8,3200.500000000001,3111.4,3030.257142857143,126.53193084678375,3188.74,120.04467731525959
2017-03-18,3194.399999999999,0,5,18,3,1,77,11,2017,-0.9749279121818236,-0.2225209339563146,0.969843196967294,0.24372971360968387,1.0,6.123233995736766e-17,3190.7000000000003,3030.8,3213.2999999999997,3125.8000000000006,3053.628571428572,140.93792622152748,3188.11,119.960905557059
2017-03-19,3075.3,0,6,19,3,1,78,11,2017,-0.7818314824680299,0.6234898018587334,0.9738922359149924,0.22701082094141847,1.0,6.123233995736766e-17,3194.399999999999,2974.900000000001,3200.4,3124.9,3067.971428571429,136.63359414003838,3183.9400000000005,121.68094685523639
2017-03-20,3205.9,0,0,20,3,1,79,12,2017,0.0,1.0,0.9776530844816641,0.2102247521189836,1.0,6.123233995736766e-17,3075.3,2805.8,3202.4,3043.7,3125.128571428572,81.07023116383746,3184.0566666666664,121.70093271207564
2017-03-21,3262.4,0,1,21,3,1,80,12,2017,0.7818314824680298,0.6234898018587336,0.981124629771712,0.19337647441020586,1.0,6.123233995736766e-17,3205.9,2982.5000000000005,3128.8,3128.4,3165.1142857142863,66.76180116836079,3188.51,122.05309853530808
2017-03-22,3301.6000000000004,0,2,22,3,1,81,12,2017,0.9749279121818236,-0.22252093395631434,0.984305844499033,0.17647097349152166,1.0,6.123233995736766e-17,3262.4,3094.6,3216.7000000000003,3146.4,3194.6857142857143,75.58398041413085,3191.3399999999997,123.70239760172176
2017-03-23,3359.4,0,3,23,3,1,82,12,2017,0.43388373911755823,-0.900968867902419,0.9871957872910085,0.15951325197263655,1.0,6.123233995736766e-17,3301.6000000000004,3132.5000000000005,3257.2,3137.2,3227.1,91.45723955309533,3194.7466666666664,126.94346755159816
2017-03-24,3415.2000000000003,0,4,24,3,1,83,12,2017,-0.433883739117558,-0.9009688679024191,0.9897936029670716,0.14250832791617088,1.0,6.123233995736766e-17,3359.4,3190.7000000000003,3298.2,2937.7,3259.171428571429,113.31605820723136,3198.646666666667,131.93068382045934
2017-03-25,3392.6000000000004,0,5,25,3,1,84,12,2017,-0.9749279121818236,-0.2225209339563146,0.992098522791769,0.12546123335273648,1.0,6.123233995736766e-17,3415.2000000000003,3194.399999999999,3281.9,3041.7,3287.4857142857145,119.05119946999132,3202.336666666667,135.82998369750712
2017-03-26,3290.7,0,6,26,3,1,85,12,2017,-0.7818314824680299,0.6234898018587334,0.9941098647022418,0.10837701279187609,1.0,6.123233995736766e-17,3392.6000000000004,3075.3,3191.600000000001,3123.9,3318.2571428571428,74.60844137103426,3205.6400000000003,136.76170970480004
2017-03-27,3388.1000000000004,0,0,27,3,1,86,13,2017,0.0,1.0,0.9958270335100595,0.09126072172931188,1.0,6.123233995736766e-17,3290.7,3205.9,3232.2,3039.3000000000006,3344.285714285714,59.03390067221474,3210.836666666667,140.71066543733204
2017-03-28,3479.2000000000003,0,1,28,3,1,87,13,2017,0.7818314824680298,0.6234898018587336,0.9972495210773451,0.07411742515094437,1.0,6.123233995736766e-17,3388.1000000000004,3262.4,3161.7000000000003,3093.3,3375.2571428571428,65.43698895743114,3221.42,148.6061107018542
2017-03-29,3488.2,0,2,29,3,1,88,13,2017,0.9749279121818236,-0.22252093395631434,0.998376906467142,0.056952196034039754,1.0,6.123233995736766e-17,3479.2000000000003,3301.6000000000004,3257.7,3169.7,3401.914285714286,68.37212952105186,3229.1033333333335,156.30582640393416
2017-03-30,3493.9,0,3,30,3,1,89,13,2017,0.43388373911755823,-0.900968867902419,0.9992088560679753,0.03977011384605572,1.0,6.123233995736766e-17,3488.2,3359.4,3298.7,3168.0,3421.128571428572,73.16428350607791,3235.61,163.21313619800011
2017-03-31,3519.1,0,4,31,3,1,90,13,2017,-0.433883739117558,-0.9009688679024191,0.9997451236925734,0.022576263041545485,1.0,6.123233995736766e-17,3493.9,3415.2000000000003,3307.5000000000005,3196.6000000000004,3435.9714285714285,81.7915585352448,3242.6633333333334,170.82187028544328
2017-04-01,3445.5999999999995,0,5,1,4,2,91,13,2017,-0.9749279121818236,-0.2225209339563146,0.9999855506507186,0.005375731557583884,0.8660254037844387,-0.4999999999999998,3519.1,3392.6000000000004,3302.9,3187.0,3443.542857142857,79.52934169526058,3247.42,174.5041534927109
2017-04-02,3300.9,0,6,2,4,2,92,13,2017,-0.7818314824680299,0.6234898018587334,0.9999300657962057,-0.011826390691832589,0.8660254037844387,-0.4999999999999998,3445.5999999999995,3290.7,3327.6000000000004,3208.7000000000003,3445.0,76.28966727767681,3246.5299999999997,174.14884666027552
2017-04-03,3419.4999999999995,0,0,3,4,2,93,14,2017,0.0,1.0,0.9995786855478958,-0.029025013321975237,0.8660254037844387,-0.4999999999999998,3300.9,3388.1000000000004,3297.0,3147.9,3449.4857142857145,73.24896878848695,3250.6133333333332,176.78917842785546
2017-04-04,3416.7,0,1,4,4,2,94,14,2017,0.7818314824680298,0.6234898018587336,0.9989315138848577,-0.046215046983708354,0.8660254037844387,-0.4999999999999998,3419.4999999999995,3479.2000000000003,3185.7000000000003,3236.9,3440.557142857143,72.8313086784443,3258.3133333333335,178.88257896584562
2017-04-05,3362.2,0,2,5,4,2,95,14,2017,0.9749279121818236,-0.22252093395631434,0.9979887423155984,-0.06339140486951038,0.8660254037844387,-0.4999999999999998,3416.7,3488.2,3278.9,3245.5,3422.5571428571425,74.64180814942029,3261.0899999999997,179.85699942281937
2017-04-06,3375.2000000000003,0,3,6,4,2,96,14,2017,0.43388373911755823,-0.900968867902419,0.9967506498213929,-0.08054900421874167,0.8660254037844387,-0.4999999999999998,3362.2,3493.9,3292.7,3240.5,3405.5999999999995,69.00299510411628,3263.8399999999997,180.9841574320251
2017-04-07,3447.1000000000004,0,4,7,4,2,97,14,2017,-0.433883739117558,-0.9009688679024191,0.9952176027737294,-0.09768276782171598,0.8660254037844387,-0.4999999999999998,3375.2000000000003,3519.1,3239.5,3246.0999999999995,3395.3142857142857,52.7065912567883,3270.76,183.96569132913794
2017-04-08,3368.5000000000005,0,5,8,4,2,98,14,2017,-0.9749279121818236,-0.2225209339563146,0.9933900548258936,-0.11478762552212701,0.8660254037844387,-0.4999999999999998,3447.1000000000004,3445.5999999999995,3214.0,3217.6,3384.3,48.32021661104961,3275.9100000000003,184.48377435427966
2017-04-09,3251.9,0,6,9,4,2,99,14,2017,-0.7818314824680299,0.6234898018587334,0.9912685467787256,-0.13185851571739118,0.8660254037844387,-0.4999999999999998,3368.5000000000005,3300.9,3063.8,3208.3,3377.2999999999997,63.56133520733159,3282.18,180.1723378056288
2017-04-10,3320.1000000000004,0,0,10,4,2,100,15,2017,0.0,1.0,0.9888537064205885,-0.1488903868564548,0.8660254037844387,-0.4999999999999998,3251.9,3419.4999999999995,3030.8,3139.1,3363.1,63.66550609766757,3291.8233333333337,173.88623645903053
2017-04-11,3503.4000000000005,0,1,11,4,2,101,15,2017,0.7818314824680298,0.6234898018587336,0.986146248341595,-0.16587819893463143,0.8660254037844387,-0.4999999999999998,3320.1000000000004,3416.7,2974.900000000001,3235.2,3375.4857142857145,81.70788269955082,3309.44,167.31862563014167
2017-04-12,3451.0999999999995,0,2,12,4,2,102,15,2017,0.9749279121818236,-0.22252093395631434,0.9831469737221499,-0.1828169249850199,0.8660254037844387,-0.4999999999999998,3503.4000000000005,3362.2,2805.8,3267.8,3388.1857142857148,86.0901161298061,3330.95,139.50702058715314
2017-04-13,3506.2000000000003,0,3,13,4,2,103,15,2017,0.43388373911755823,-0.900968867902419,0.9798567700958665,-0.1997015525660636,0.8660254037844387,-0.4999999999999998,3451.0999999999995,3375.2000000000003,2982.5000000000005,3295.0999999999995,3406.9000000000005,96.41595649409915,3348.4066666666668,126.56702717460448
2017-04-14,3485.2,0,4,14,4,2,104,15,2017,-0.433883739117558,-0.9009688679024191,0.9762766110869321,-0.21652708524481437,0.8660254037844387,-0.4999999999999998,3506.2000000000003,3447.1000000000004,3094.6,3300.7,3412.342857142857,100.06972331237282,3361.4266666666667,119.4478877379524
2017-04-15,3475.9,0,5,15,4,2,105,15,2017,-0.9749279121818236,-0.2225209339563146,0.9724075561219968,-0.23328854407545518,0.8660254037844387,-0.4999999999999998,3485.2,3368.5000000000005,3132.5000000000005,3312.8,3427.6857142857143,100.45993278538157,3372.873333333334,113.03525215562667
2017-04-16,3363.6000000000004,0,6,16,4,2,106,15,2017,-0.7818314824680299,0.6234898018587334,0.9682507501166718,-0.2499809690726521,0.8660254037844387,-0.4999999999999998,3475.9,3251.9,3190.7000000000003,3278.75,3443.642857142858,73.00358112550433,3378.6366666666668,107.70881398101302
2017-04-17,3502.6,0,0,17,4,2,107,16,2017,0.0,1.0,0.9638074231367307,-0.26659942067929354,0.8660254037844387,-0.4999999999999998,3363.6000000000004,3320.1000000000004,3194.399999999999,3244.7000000000003,3469.714285714286,50.7152320502423,3388.9100000000003,104.17028284298401
2017-04-18,3573.4,0,1,18,4,2,108,16,2017,0.7818314824680298,0.6234898018587336,0.9590788900341131,-0.28313898122818354,0.8660254037844387,-0.4999999999999998,3502.6,3503.4000000000005,3075.3,3368.3,3479.714285714286,63.70270607996089,3405.5133333333333,91.3702574912872
2017-04-19,3578.7000000000007,0,2,19,4,2,109,16,2017,0.9749279121818236,-0.22252093395631434,0.9540665500578387,-0.2995947563972602,0.8660254037844387,-0.4999999999999998,3573.4,3451.0999999999995,3205.9,3400.499999999999,3497.9428571428575,71.88142683485496,3417.94,88.59490761422802
2017-04-20,3566.2999999999997,0,3,20,4,2,110,16,2017,0.43388373911755823,-0.900968867902419,0.9487718864399473,-0.31596187665790293,0.8660254037844387,-0.4999999999999998,3578.7000000000007,3506.2000000000003,3262.4,3400.5,3506.5285714285715,76.47456471026234,3428.07,87.56518025508002
2017-04-21,3566.4000000000005,0,4,21,4,2,111,16,2017,-0.433883739117558,-0.9009688679024191,0.9431964659565866,-0.33223549871590435,0.8660254037844387,-0.4999999999999998,3566.2999999999997,3485.2,3301.6000000000004,3356.0,3518.128571428572,78.82249497631214,3436.896666666667,87.72319114332912
2017-04-22,3469.599999999999,0,5,22,4,2,112,16,2017,-0.9749279121818236,-0.2225209339563146,0.9373419384643772,-0.3484108069446808,0.8660254037844387,-0.4999999999999998,3566.4000000000005,3475.9,3359.4,3320.2000000000003,3517.2285714285717,79.41873654428642,3440.57,86.66709254980077
2017-04-23,3341.8,0,6,23,4,2,113,16,2017,-0.7818314824680299,0.6234898018587334,0.9312100364121947,-0.3644830148102912,0.8660254037844387,-0.4999999999999998,3469.599999999999,3363.6000000000004,3415.2000000000003,3328.7000000000007,3514.1142857142854,86.55399910986107,3438.1233333333334,88.42621191719246
2017-04-24,3410.2999999999997,0,0,24,4,2,114,17,2017,0.0,1.0,0.9248025743285089,-0.38044736628785164,0.8660254037844387,-0.4999999999999998,3341.8,3502.6,3392.6000000000004,3325.1500000000005,3500.9285714285716,95.19922468674562,3438.7133333333336,88.17067591867077
2017-04-25,3517.4,0,1,25,4,2,115,17,2017,0.7818314824680298,0.6234898018587336,0.9181214482844365,-0.39629913726891813,0.8660254037844387,-0.4999999999999998,3410.2999999999997,3573.4,3290.7,3321.6000000000004,3492.9285714285716,90.32215885903906,3446.27,84.69387532308723
2017-04-26,3479.0,0,2,26,4,2,116,17,2017,0.9749279121818236,-0.22252093395631434,0.9111686353326631,-0.41203363695942635,0.8660254037844387,-0.4999999999999998,3517.4,3578.7000000000007,3388.1000000000004,3358.499999999998,3478.6857142857143,82.02216018802399,3449.3,84.16539546098932
2017-04-27,3488.799999999999,0,3,27,4,2,117,17,2017,0.43388373911755823,-0.900968867902419,0.9039461929224011,-0.42764620926777464,0.8660254037844387,-0.4999999999999998,3479.0,3566.2999999999997,3479.2000000000003,3366.0000000000005,3467.6142857142854,72.95410494671665,3449.6200000000003,84.30113673713826
2017-04-28,3512.1,0,4,28,4,2,118,17,2017,-0.433883739117558,-0.9009688679024191,0.8964562582905575,-0.44313223418263453,0.8660254037844387,-0.4999999999999998,3488.799999999999,3566.4000000000005,3488.2,3394.9,3459.857142857142,62.892709093725294,3450.4166666666665,84.78981348762149
2017-04-29,3462.0000000000005,0,5,29,4,2,119,17,2017,-0.9749279121818236,-0.2225209339563146,0.8887010478292915,-0.45848712914008766,0.8660254037844387,-0.4999999999999998,3512.1,3469.599999999999,3493.9,3395.6,3458.7714285714283,62.76195010480063,3449.3533333333335,84.42493394291544
2017-04-30,3283.9999999999995,0,6,30,4,2,120,17,2017,-0.7818314824680299,0.6234898018587334,0.8806828564301475,-0.47370635037968,0.8660254037844387,-0.4999999999999998,3462.0000000000005,3341.8,3519.1,3376.1,3450.5142857142855,81.66991344375178,3441.516666666667,88.53875864055509
2017-05-01,3225.7000000000007,0,0,1,5,2,121,18,2017,0.0,1.0,0.8724040568049612,-0.48878539428899265,0.49999999999999994,-0.8660254037844387,3283.9999999999995,3410.2999999999997,3445.5999999999995,3202.100000000001,3424.1428571428573,118.37507982601173,3434.186666666667,96.89712544519311
2017-05-02,3424.8,0,1,2,5,2,122,18,2017,0.7818314824680298,0.6234898018587336,0.8638670987837349,-0.503719798736334,0.49999999999999994,-0.8660254037844387,3225.7000000000007,3517.4,3300.9,3373.2,3410.9142857142856,111.17143560844772,3438.316666666667,93.60474525009187
2017-05-03,3458.9,0,2,3,5,2,123,18,2017,0.9749279121818236,-0.22252093395631434,0.8550745085896932,-0.518505144391157,0.49999999999999994,-0.8660254037844387,3424.8,3479.0,3419.4999999999995,3327.0,3408.042857142857,109.36466304896969,3439.63,93.6080351325706
2017-05-04,3495.3,0,3,4,5,2,124,18,2017,0.43388373911755823,-0.900968867902419,0.8460288880917339,-0.533137056031809,0.49999999999999994,-0.8660254037844387,3458.9,3488.799999999999,3416.7,3280.8000000000006,3408.9714285714285,110.1891058481928,3442.25,94.04307432016176
2017-05-05,3581.4,0,4,5,5,2,125,18,2017,-0.433883739117558,-0.9009688679024191,0.8367329140344921,-0.5476112038402312,0.49999999999999994,-0.8660254037844387,3495.3,3512.1,3362.2,3221.0000000000005,3418.871428571429,123.32874380137106,3449.5566666666664,96.10195621581803
2017-05-06,3532.299999999999,0,5,6,5,2,126,18,2017,-0.9749279121818236,-0.2225209339563146,0.8271893372462497,-0.5619233046832195,0.49999999999999994,-0.8660254037844387,3581.4,3462.0000000000005,3375.2000000000003,3190.3,3428.914285714286,130.10241387170032,3454.7933333333335,96.19069756921316
2017-05-07,3363.6000000000004,0,6,7,5,2,127,18,2017,-0.7818314824680299,0.6234898018587334,0.8174009818249189,-0.5760691233798758,0.49999999999999994,-0.8660254037844387,3532.299999999999,3283.9999999999995,3447.1000000000004,3242.2999999999997,3440.285714285714,118.26556879290699,3452.01,97.61844918196002
2017-05-08,3487.7000000000003,0,0,8,5,2,128,19,2017,0.0,1.0,0.8073707443023492,-0.5900444739548627,0.49999999999999994,-0.8660254037844387,3363.6000000000004,3225.7000000000007,3368.5000000000005,3158.5000000000005,3477.714285714286,71.08125464501731,3455.983333333333,96.5218791824983
2017-05-09,3439.9,0,1,9,5,2,129,19,2017,0.7818314824680298,0.6234898018587336,0.7971015927871943,-0.6038452208771035,0.49999999999999994,-0.8660254037844387,3487.7000000000003,3424.8,3251.9,3296.1,3479.871428571429,69.41745011852143,3462.25,88.59210188974316
2017-05-10,3439.4,0,2,10,5,2,130,19,2017,0.9749279121818236,-0.22252093395631434,0.7865965660866021,-0.6174672802835514,0.49999999999999994,-0.8660254037844387,3439.9,3458.9,3320.1000000000004,3274.9,3477.085714285714,70.77724277790942,3466.226666666667,84.57792543722994
2017-05-11,3517.7000000000007,0,3,11,5,2,131,19,2017,0.43388373911755823,-0.900968867902419,0.7758587728069828,-0.6309066211876704,0.49999999999999994,-0.8660254037844387,3439.4,3495.3,3503.4000000000005,3238.5000000000005,3480.285714285714,72.22948217482342,3466.7033333333334,84.83455900928648
2017-05-12,3572.4000000000005,0,4,12,5,2,132,19,2017,-0.433883739117558,-0.9009688679024191,0.7648913904341226,-0.6441592666722685,0.49999999999999994,-0.8660254037844387,3517.7000000000007,3581.4,3451.0999999999995,3331.7,3479.0,70.18067160316808,3470.7466666666664,86.93002232606668
2017-05-13,3576.600000000001,0,5,13,5,2,133,19,2017,-0.9749279121818236,-0.2225209339563146,0.753697664392914,-0.6572212950663319,0.49999999999999994,-0.8660254037844387,3572.4000000000005,3532.299999999999,3506.2000000000003,3347.0,3485.3285714285716,77.41282654890469,3473.0933333333332,88.84912020341451
2017-05-14,3440.3,0,6,14,5,2,134,19,2017,-0.7818314824680299,0.6234898018587334,0.742280907086982,-0.6700888411055113,0.49999999999999994,-0.8660254037844387,3576.600000000001,3363.6000000000004,3485.2,3326.0000000000005,3496.2857142857147,60.99971116251153,3471.596666666667,89.01616468211775
2017-05-15,3576.7,0,0,15,5,2,135,20,2017,0.0,1.0,0.7306444969184916,-0.6827580970759147,0.49999999999999994,-0.8660254037844387,3440.3,3487.7000000000003,3475.9,3236.7000000000003,3509.0000000000005,67.80727591248383,3474.9566666666665,91.0630614515062
2017-05-16,3574.7,0,1,16,5,2,136,20,2017,0.7818314824680298,0.6234898018587336,0.7187918772884232,-0.6952253139408722,0.49999999999999994,-0.8660254037844387,3576.7,3439.9,3363.6000000000004,3278.3,3528.2571428571428,63.94369547094687,3481.9933333333333,90.31457259484624
2017-05-17,3521.2999999999997,0,2,17,5,2,137,20,2017,0.9749279121818236,-0.22252093395631434,0.7067265555776158,-0.7074868024503348,0.49999999999999994,-0.8660254037844387,3574.7,3439.4,3502.6,3307.2,3539.9571428571435,51.19791197384102,3482.616666666667,90.52598439440445
2017-05-18,3526.2000000000003,0,3,18,5,2,138,20,2017,0.43388373911755823,-0.900968867902419,0.6944521021088763,-0.719538934232584,0.49999999999999994,-0.8660254037844387,3521.2999999999997,3517.7000000000007,3573.4,3281.7,3541.171428571429,50.68023001418503,3481.0433333333335,89.29557537532553
2017-05-19,3543.2999999999997,0,4,19,5,2,139,20,2017,-0.433883739117558,-0.9009688679024191,0.6819721490904629,-0.7313781428679254,0.49999999999999994,-0.8660254037844387,3526.2000000000003,3572.4000000000005,3578.7000000000007,3286.9000000000005,3537.0142857142855,48.85224077334032,3479.8633333333337,88.18761146608517
2017-05-20,3506.4,0,5,20,5,2,140,20,2017,-0.9749279121818236,-0.2225209339563146,0.6692903895412567,-0.7430009249440493,0.49999999999999994,-0.8660254037844387,3543.2999999999997,3576.600000000001,3566.2999999999997,3235.4,3526.985714285714,46.521408282385515,3477.866666666667,86.8307681576745
2017-05-21,3338.7000000000003,0,6,21,5,2,141,20,2017,-0.7818314824680299,0.6234898018587334,0.6564105761979381,-0.7544038410927472,0.49999999999999994,-0.8660254037844387,3506.4,3440.3,3566.4000000000005,3233.7999999999997,3512.4714285714285,81.08420960719793,3470.276666666666,88.75554449251133
2017-05-22,3382.8,0,0,22,5,2,142,21,2017,0.0,1.0,0.6433365204044917,-0.765583517007675,0.49999999999999994,-0.8660254037844387,3338.7000000000003,3576.7,3469.599999999999,3199.2999999999997,3484.7714285714283,88.28574279552349,3467.383333333333,90.18169813305892
2017-05-23,3467.0999999999995,0,1,23,5,2,143,21,2017,0.7818314824680298,0.6234898018587336,0.6300720909843687,-0.7765366444428655,0.49999999999999994,-0.8660254037844387,3382.8,3574.7,3341.8,3156.5000000000005,3469.4000000000005,78.88535985849936,3471.56,87.01069930246905
2017-05-24,3551.9,0,2,24,5,2,144,21,2017,0.9749279121818236,-0.22252093395631434,0.6166212130956382,-0.7872599821916922,0.49999999999999994,-0.8660254037844387,3467.0999999999995,3521.2999999999997,3410.2999999999997,3126.4,3473.7714285714283,82.98220118971697,3476.2799999999997,87.41268904968997
2017-05-25,3595.5,0,3,25,5,2,145,21,2017,0.43388373911755823,-0.900968867902419,0.6029878670694714,-0.7977503570459932,0.49999999999999994,-0.8660254037844387,3551.9,3526.2000000000003,3517.4,3163.0,3483.671428571429,93.71881195518148,3478.883333333333,89.80968415386687
2017-05-26,3583.1000000000004,0,4,26,5,2,146,21,2017,-0.433883739117558,-0.9009688679024191,0.5891760872322963,-0.8080046647350754,0.49999999999999994,-0.8660254037844387,3595.5,3543.2999999999997,3479.0,3231.9,3489.3571428571436,98.99787636012451,3482.3533333333335,91.80328945100074
2017-05-27,3426.3,0,5,27,5,2,147,21,2017,-0.9749279121818236,-0.2225209339563146,0.5751899607119775,-0.8180198708443175,0.49999999999999994,-0.8660254037844387,3583.1000000000004,3506.4,3488.799999999999,3274.4000000000005,3477.914285714286,101.30206362776161,3480.27,92.35943336246557
2017-05-28,3298.1000000000004,0,6,28,5,2,148,21,2017,-0.7818314824680299,0.6234898018587334,0.5610336262283677,-0.8277930117131022,0.49999999999999994,-0.8660254037844387,3426.3,3338.7000000000003,3512.1,3222.000000000001,3472.1142857142854,111.27273443470497,3473.1366666666663,97.91338707152013
2017-05-29,3279.5,0,0,29,5,2,149,22,2017,0.0,1.0,0.5467112728685939,-0.8373211953118121,0.49999999999999994,-0.8660254037844387,3298.1000000000004,3382.8,3462.0000000000005,2969.4000000000005,3457.3571428571427,130.31278854029563,3467.053333333333,104.10287264026512
2017-05-30,3374.5,0,1,30,5,2,150,22,2017,0.7818314824680298,0.6234898018587336,0.5322271388474397,-0.8466016020976267,0.49999999999999994,-0.8660254037844387,3279.5,3467.0999999999995,3283.9999999999995,3092.4000000000005,3444.128571428572,133.8120287852478,3470.07,99.83942677085173
2017-05-31,3381.5,0,2,31,5,2,151,22,2017,0.9749279121818236,-0.22252093395631434,0.5175855102531889,-0.8556314858488706,0.49999999999999994,-0.8660254037844387,3374.5,3551.9,3225.7000000000007,3209.0000000000005,3419.785714285714,126.22307539396154,3475.2633333333333,90.28465514152573
2017-06-01,3412.3000000000006,0,3,1,6,2,152,22,2017,0.43388373911755823,-0.900968867902419,0.5027907197793043,-0.8644081744776648,1.2246467991473532e-16,-1.0,3381.5,3595.5,3424.8,3248.0000000000005,3393.6142857142863,99.98292235131807,3474.8466666666664,90.5540179170465
2017-06-02,2968.2000000000007,0,4,2,6,2,153,22,2017,-0.433883739117558,-0.9009688679024191,0.4878471454423119,-0.8729290708206411,1.2246467991473532e-16,-1.0,3412.3000000000006,3583.1000000000004,3458.9,3268.5999999999995,3305.7714285714287,158.65970622989698,3458.49,129.4832177915593
2017-06-03,3006.3,0,5,3,6,2,154,22,2017,-0.9749279121818236,-0.2225209339563146,0.47275920928627757,-0.881191653407483,1.2246467991473532e-16,-1.0,2968.2000000000007,3426.3,3495.3,3331.7,3245.7714285714287,183.0270536859434,3442.19,153.28149977220008
2017-06-04,3385.3,0,6,4,6,2,155,22,2017,-0.7818314824680299,0.6234898018587334,0.4575313760742512,-0.8891934772070711,1.2246467991473532e-16,-1.0,3006.3,3298.1000000000004,3581.4,3294.2999999999997,3258.2285714285717,190.01626872706765,3435.6533333333336,151.3088340592478
2017-06-05,3522.2000000000003,0,0,5,6,2,156,23,2017,0.0,1.0,0.44216815196707204,-0.8969321743510065,1.2246467991473532e-16,-1.0,3385.3,3279.5,3532.299999999999,3175.5,3292.9000000000005,215.039058467692,3435.3166666666666,151.09746588015128
2017-06-06,3490.9,0,1,6,6,2,157,23,2017,0.7818314824680298,0.6234898018587336,0.42667408318992467,-0.9044054548343001,1.2246467991473532e-16,-1.0,3522.2000000000003,3374.5,3363.6000000000004,3265.5,3309.528571428572,226.59091416241114,3439.56,150.8011858546663
2017-06-07,3266.2,0,2,7,6,2,158,23,2017,0.9749279121818236,-0.22252093395631434,0.4110537546870351,-0.9116111071930239,1.2246467991473532e-16,-1.0,3490.9,3381.5,3487.7000000000003,3276.5,3293.057142857143,224.66974916637307,3432.1766666666667,153.7563851958901
2017-06-08,3279.7,0,3,8,6,2,159,23,2017,0.43388373911755823,-0.900968867902419,0.3953117887649151,-0.9185469991587165,1.2246467991473532e-16,-1.0,3266.2,3412.3000000000006,3439.9,3272.2000000000003,3274.1142857142854,218.44400829940278,3426.836666666667,156.24072603282906
2017-06-09,3284.9000000000005,0,4,9,6,2,160,23,2017,-0.433883739117558,-0.9009688679024191,0.37945284372454435,-0.925211078289358,1.2246467991473532e-16,-1.0,3279.7,2968.2000000000007,3439.4,3274.2000000000003,3319.3571428571427,172.48723486241238,3421.686666666667,158.344482027341
2017-06-10,3226.6,0,5,10,6,2,161,23,2017,-0.9749279121818236,-0.2225209339563146,0.36348161248290634,-0.9316013725767187,1.2246467991473532e-16,-1.0,3284.9000000000005,3006.3,3517.7000000000007,3265.9,3350.828571428571,117.03064718678264,3411.983333333333,161.15230338117615
2017-06-11,3100.8000000000006,0,6,11,6,2,162,23,2017,-0.7818314824680299,0.6234898018587334,0.3474028211842774,-0.9377159910299093,1.2246467991473532e-16,-1.0,3226.6,3385.3,3572.4000000000005,3199.9000000000005,3310.1857142857148,148.29033940857218,3396.263333333334,167.82789723986642
2017-06-12,3282.2,0,0,12,6,2,163,24,2017,0.0,1.0,0.3312212278016865,-0.9435531242349544,1.2246467991473532e-16,-1.0,3100.8000000000006,3522.2000000000003,3576.600000000001,3149.9,3275.9000000000005,115.14101499178336,3386.45,165.51070128961584
2017-06-13,3357.2,0,1,13,6,2,164,24,2017,0.7818314824680298,0.6234898018587336,0.31494162072895193,-0.9491110448902284,1.2246467991473532e-16,-1.0,3282.2,3490.9,3440.3,3254.4999999999995,3256.7999999999997,78.92585127830262,3383.68,165.27360053706062
2017-06-14,3436.4000000000005,0,2,14,6,2,165,24,2017,0.9749279121818236,-0.22252093395631434,0.2985688173637202,-0.9543881083175908,1.2246467991473532e-16,-1.0,3357.2,3266.2,3576.7,3298.2,3281.1142857142863,104.40725435480789,3379.0033333333336,161.5669040096563
2017-06-15,3422.799999999999,0,3,15,6,2,166,24,2017,0.43388373911755823,-0.900968867902419,0.2821076626819194,-0.9593827529490743,1.2246467991473532e-16,-1.0,3436.4000000000005,3279.7,3574.7,3333.2000000000007,3301.557142857143,117.29785245468459,3373.94,157.55282770309933
2017-06-16,3364.7999999999997,0,4,16,6,2,167,24,2017,-0.433883739117558,-0.9009688679024191,0.26556302780405594,-0.9640935007889755,1.2246467991473532e-16,-1.0,3422.799999999999,3284.9000000000005,3521.2999999999997,3367.5999999999995,3312.9714285714285,119.27762732783198,3368.7233333333334,155.07685232309143
2017-06-17,3403.2000000000003,0,5,17,6,2,168,24,2017,-0.9749279121818236,-0.2225209339563146,0.24893980855376657,-0.9685189578512204,1.2246467991473532e-16,-1.0,3364.7999999999997,3226.6,3526.2000000000003,3392.5,3338.2000000000003,116.61097718484677,3364.6233333333334,152.37222048232334
2017-06-18,3380.100000000001,0,6,18,6,2,169,24,2017,-0.7818314824680299,0.6234898018587334,0.23224292400907015,-0.9726578145718654,1.2246467991473532e-16,-1.0,3403.2000000000003,3100.8000000000006,3543.2999999999997,3348.5000000000005,3378.0999999999995,51.38336306631755,3359.1833333333334,148.64072418102177
2017-06-19,3403.3,0,0,19,6,2,170,25,2017,0.0,1.0,0.21547731504673012,-0.976508846196619,1.2246467991473532e-16,-1.0,3380.100000000001,3282.2,3506.4,3237.4,3395.4000000000005,29.39586138679573,3355.746666666667,146.29293883856494
2017-06-20,3296.600000000001,0,1,20,6,2,171,25,2017,0.7818314824680298,0.6234898018587336,0.19864794288017112,-0.9800709131432666,1.2246467991473532e-16,-1.0,3403.3,3357.2,3338.7000000000003,3307.9999999999995,3386.7428571428572,46.4798830012998,3354.3433333333337,146.66355512635022
2017-06-21,3296.2,0,2,21,6,2,172,25,2017,0.9749279121818236,-0.22252093395631434,0.18175978759137534,-0.9833429613388902,1.2246467991473532e-16,-1.0,3296.600000000001,3436.4000000000005,3382.8,3291.1,3366.714285714286,51.456208843796304,3351.456666666667,146.93613832930126
2017-06-22,3351.6000000000004,0,3,22,6,2,173,25,2017,0.43388373911755823,-0.900968867902419,0.16481784665719793,-0.9863240225317866,1.2246467991473532e-16,-1.0,3296.2,3422.799999999999,3467.0999999999995,3207.7000000000003,3356.5428571428574,45.175725677416054,3347.6066666666666,145.3056942504674
2017-06-23,3397.0000000000005,0,4,23,6,2,174,25,2017,-0.433883739117558,-0.9009688679024191,0.14782713347053048,-0.9890132145779883,1.2246467991473532e-16,-1.0,3351.6000000000004,3364.7999999999997,3551.9,3226.5999999999995,3361.142857142858,47.72413285904549,3342.4433333333336,140.4675362748545
2017-06-24,3388.2,0,5,24,6,2,175,25,2017,-0.9749279121818236,-0.2225209339563146,0.13079267585675922,-0.9914097417023038,1.2246467991473532e-16,-1.0,3397.0000000000005,3403.2000000000003,3595.5,3266.1,3359.0,45.81975556465748,3335.5333333333338,132.4603111237084
2017-06-25,3283.1,0,6,25,6,2,176,25,2017,-0.7818314824680299,0.6234898018587334,0.11371951458594969,-0.9935128947338007,1.2246467991473532e-16,-1.0,3388.2,3380.100000000001,3583.1000000000004,3228.8,3345.142857142858,52.54863960003601,3325.5333333333333,124.1920490912054
2017-06-26,3338.4,0,0,26,6,2,177,26,2017,0.0,1.0,0.0966127018812031,-0.9953220513156602,1.2246467991473532e-16,-1.0,3283.1,3403.3,3426.3,3158.999999999999,3335.871428571428,45.87965105531342,3322.6033333333335,122.76138470510077
2017-06-27,3353.4,0,1,27,6,2,178,26,2017,0.7818314824680298,0.6234898018587336,0.07947729992362097,-0.9968366760893436,1.2246467991473532e-16,-1.0,3338.4,3296.600000000001,3298.1000000000004,3243.9999999999995,3343.9857142857145,42.68834456745443,3324.446666666667,122.79594156310264
2017-06-28,3220.0000000000005,0,2,28,6,2,179,26,2017,0.9749279121818236,-0.22252093395631434,0.062318379354325076,-0.998056320853012,1.2246467991473532e-16,-1.0,3353.4,3296.2,3279.5,3177.7000000000003,3333.1,62.1734938164027,3322.4633333333336,124.02132042331002
2017-06-29,3089.0000000000005,0,3,29,6,2,180,26,2017,0.43388373911755823,-0.900968867902419,0.04514101777397193,-0.9989806246941579,1.2246467991473532e-16,-1.0,3220.0000000000005,3351.6000000000004,3374.5,3205.5000000000005,3295.585714285714,109.98830890255094,3312.946666666667,130.6664158454121
2017-06-30,3121.5000000000005,0,4,30,6,2,181,26,2017,-0.433883739117558,-0.9009688679024191,0.02795029824021032,-0.999609314096404,1.2246467991473532e-16,-1.0,3089.0000000000005,3397.0000000000005,3381.5,3260.5,3256.2285714285713,116.73520911714621,3304.28,134.52811371349654
2017-07-01,3112.0,0,5,1,7,3,182,26,2017,-0.9749279121818236,-0.2225209339563146,0.01075130776352193,-0.9999422030204416,-0.4999999999999997,-0.8660254037844388,3121.5000000000005,3388.2,3412.3000000000006,3206.7,3216.7714285714287,111.24298800804111,3294.27,137.35605167241664
2017-07-02,3000.6,0,6,2,7,3,183,26,2017,-0.7818314824680299,0.6234898018587334,-0.00645086419810515,-0.9999791929590823,-0.4999999999999997,-0.8660254037844388,3112.0,3283.1,2968.2000000000007,2979.7000000000003,3176.414285714286,132.40073550365773,3295.3500000000004,134.80756335581532
2017-07-03,3176.1,0,0,3,7,3,184,27,2017,0.0,1.0,-0.023651127245231586,-0.9997202729664083,-0.4999999999999997,-0.8660254037844388,3000.6,3338.4,3006.3,2838.2,3153.2285714285713,111.93555756605573,3301.01,125.496103387788
2017-07-04,3248.3,0,1,4,7,3,185,27,2017,0.7818314824680298,0.6234898018587336,-0.04084439154329611,-0.9991655196610109,-0.4999999999999997,-0.8660254037844388,3176.1,3353.4,3385.3,2986.4,3138.214285714286,84.23121805626943,3296.4433333333336,124.8139019758533
2017-07-05,3287.0999999999995,0,2,5,7,3,186,27,2017,0.9749279121818236,-0.22252093395631434,-0.05802556932878035,-0.9983150972033183,-0.4999999999999997,-0.8660254037844388,3248.3,3220.0000000000005,3522.2000000000003,3089.9,3147.8,97.81295074445939,3288.606666666667,117.3053220221222
2017-07-06,3324.1,0,3,6,7,3,187,27,2017,0.43388373911755823,-0.900968867902419,-0.07518957641475855,-0.9971692572470178,-0.4999999999999997,-0.8660254037844388,3287.0999999999995,3089.0000000000005,3490.9,3065.3,3181.3857142857146,113.38172146298345,3283.0466666666666,111.17947507594226
2017-07-07,3367.9999999999995,0,4,7,7,3,188,27,2017,-0.433883739117558,-0.9009688679024191,-0.09233133369539122,-0.9957283388645872,-0.4999999999999997,-0.8660254037844388,3324.1,3121.5000000000005,3266.2,3189.3,3216.5999999999995,128.89967675161773,3286.44,112.19644287188693
2017-07-08,3438.9,0,5,8,7,3,189,27,2017,-0.9749279121818236,-0.2225209339563146,-0.10944576864891556,-0.993992768446958,-0.4999999999999997,-0.8660254037844388,3367.9999999999995,3112.0,3279.7,3189.2000000000003,3263.2999999999997,143.12038056593593,3291.746666666667,115.58054583152726
2017-07-09,3388.9000000000005,0,6,9,7,3,190,27,2017,-0.7818314824680299,0.6234898018587334,-0.12652781683868314,-0.9919630595773397,-0.4999999999999997,-0.8660254037844388,3438.9,3000.6,3284.9000000000005,3095.9,3318.7714285714283,89.55926742083996,3295.213333333333,116.92001018478538
2017-07-10,3456.7,0,0,10,7,3,191,28,2017,0.0,1.0,-0.1435724234118113,-0.9896398128792412,-0.4999999999999997,-0.8660254037844388,3388.9000000000005,3176.1,3226.6,2996.6000000000004,3358.8571428571427,76.96999106024842,3302.883333333333,119.77617943865403
2017-07-11,3417.3,0,1,11,7,3,192,28,2017,0.7818314824680298,0.6234898018587336,-0.16057454459499376,-0.9870237158387383,-0.4999999999999997,-0.8660254037844388,3456.7,3248.3,3100.8000000000006,3167.7,3382.9999999999995,61.45299016325608,3313.4333333333334,115.21465523799606
2017-07-12,3326.8000000000006,0,2,12,7,3,193,28,2017,0.9749279121818236,-0.22252093395631434,-0.17752914918703497,-0.984115542601034,-0.4999999999999997,-0.8660254037844388,3417.3,3287.0999999999995,3282.2,3130.8,3388.671428571429,52.273789298502926,3314.92,115.08541475641589
2017-07-13,3331.8,0,3,13,7,3,194,28,2017,0.43388373911755823,-0.900968867902419,-0.19443122004766195,-0.9809161537413774,-0.4999999999999997,-0.8660254037844388,3326.8000000000006,3324.1,3357.2,3195.3,3389.7714285714287,50.74727297393368,3314.0733333333337,114.8568462323334
2017-07-14,3353.7,0,4,14,7,3,195,28,2017,-0.433883739117558,-0.9009688679024191,-0.2112757555821793,-0.9774264960104055,-0.4999999999999997,-0.8660254037844388,3331.8,3367.9999999999995,3436.4000000000005,3246.100000000001,3387.7285714285717,52.04109639785596,3311.3166666666666,112.79356206663242
2017-07-15,3353.7,0,5,15,7,3,196,28,2017,-0.9749279121818236,-0.2225209339563146,-0.2280577712215198,-0.9736476020539838,-0.4999999999999997,-0.8660254037844388,3353.7,3438.9,3422.799999999999,3207.1,3375.557142857143,47.87497109292145,3309.013333333334,111.13177866787775
2017-07-16,3237.5,0,6,16,7,3,197,28,2017,-0.7818314824680299,0.6234898018587334,-0.24477230089725957,-0.9695805901076308,-0.4999999999999997,-0.8660254037844388,3353.7,3388.9000000000005,3364.7999999999997,3049.6,3353.9285714285716,69.95147637916041,3304.77,111.35834096936519
2017-07-17,3342.3,0,0,17,7,3,198,29,2017,0.0,1.0,-0.2614143985111562,-0.965226663665613,-0.4999999999999997,-0.8660254037844388,3237.5,3456.7,3403.2000000000003,2871.0000000000005,3337.5857142857144,53.32742973283025,3302.7400000000002,110.04953931502577
2017-07-18,3318.7000000000007,0,1,18,7,3,199,29,2017,0.7818314824680298,0.6234898018587336,-0.2779791393987801,-0.9605871111248129,-0.4999999999999997,-0.8660254037844388,3342.3,3417.3,3380.100000000001,3046.8000000000006,3323.5000000000005,40.15872673950836,3300.6933333333336,109.1283045345058
2017-07-19,3329.7000000000003,0,2,19,7,3,200,29,2017,0.9749279121818236,-0.22252093395631434,-0.2944616217868012,-0.9556633054034704,-0.4999999999999997,-0.8660254037844388,3318.7000000000007,3326.8000000000006,3403.3,3102.399999999999,3323.914285714286,40.21336546361088,3298.24,107.55805361084245
2017-07-20,3306.6,0,3,20,7,3,201,29,2017,0.43388373911755823,-0.900968867902419,-0.3108569682435036,-0.9504567035349151,-0.4999999999999997,-0.8660254037844388,3329.7000000000003,3331.8,3296.600000000001,3207.0999999999995,3320.3142857142857,40.516598597487565,3298.5733333333333,107.56829084541332
2017-07-21,3372.9999999999995,0,4,21,7,3,202,29,2017,-0.433883739117558,-0.9009688679024191,-0.3271603271220951,-0.9449688462364056,-0.4999999999999997,-0.8660254037844388,3306.6,3353.7,3296.2,3256.5,3323.0714285714284,43.69884492322666,3301.133333333333,108.42036115345125
2017-07-22,3329.4,0,5,22,7,3,203,29,2017,-0.9749279121818236,-0.2225209339563146,-0.34336687399638804,-0.939201357453208,-0.4999999999999997,-0.8660254037844388,3372.9999999999995,3353.7,3351.6000000000004,3267.4000000000005,3319.600000000001,41.7834097859246,3300.3933333333334,108.13943085548513
2017-07-23,3216.6000000000004,0,6,23,7,3,204,29,2017,-0.7818314824680299,0.6234898018587334,-0.3594718130884232,-0.9331559438780432,-0.4999999999999997,-0.8660254037844388,3329.4,3237.5,3397.0000000000005,3203.8,3316.6142857142863,48.787478877712594,3294.38,107.59656897491456
2017-07-24,3253.1000000000004,0,0,24,7,3,205,30,2017,0.0,1.0,-0.3754703786876202,-0.9268343944460494,-0.4999999999999997,-0.8660254037844388,3216.6000000000004,3342.3,3388.2,3112.899999999999,3303.871428571428,52.47055410060199,3289.8766666666666,106.35449403903905
2017-07-25,3324.6,0,1,25,7,3,206,30,2017,0.7818314824680298,0.6234898018587336,-0.3913578365610259,-0.9202385798054075,-0.4999999999999997,-0.8660254037844388,3253.1000000000004,3318.7000000000007,3283.1,3238.5000000000005,3304.714285714286,52.794836508032766,3291.26,106.53305331340599
2017-07-26,3377.9000000000005,0,2,26,7,3,207,30,2017,0.9749279121818236,-0.22252093395631434,-0.4071294853542516,-0.9133704517637858,-0.4999999999999997,-0.8660254037844388,3324.6,3329.7000000000003,3338.4,3225.500000000001,3311.6,59.334840804863425,3292.576666666667,107.37651346397544
2017-07-27,3412.3,0,3,27,7,3,208,30,2017,0.43388373911755823,-0.900968867902419,-0.4227806579826773,-0.9062320427107697,-0.4999999999999997,-0.8660254037844388,3377.9000000000005,3306.6,3353.4,3109.400000000001,3326.7000000000003,70.28888010682637,3294.54,109.05239360841774
2017-07-28,3452.4000000000005,0,4,28,7,3,209,30,2017,-0.433883739117558,-0.9009688679024191,-0.4383067230125192,-0.898825465016444,-0.4999999999999997,-0.8660254037844388,3412.3,3372.9999999999995,3220.0000000000005,3141.0999999999995,3338.0428571428574,84.0628109837005,3302.286666666667,111.7946940118203
2017-07-29,3459.8,0,5,29,7,3,210,30,2017,-0.9749279121818236,-0.2225209339563146,-0.45370308603134424,-0.8911529104063088,-0.4999999999999997,-0.8660254037844388,3452.4000000000005,3329.4,3089.0000000000005,3085.3,3356.671428571429,95.49893043532414,3314.646666666667,107.82804232964996
2017-07-30,3338.4000000000005,0,6,30,7,3,211,30,2017,-0.7818314824680299,0.6234898018587334,-0.46896519100763184,-0.8832166493127127,-0.4999999999999997,-0.8660254037844388,3459.8,3216.6000000000004,3121.5000000000005,3040.8,3374.071428571429,74.51486908188784,3321.8766666666666,101.51781118851432
2017-07-31,3423.7000000000003,0,0,31,7,3,212,31,2017,0.0,1.0,-0.48408852163897587,-0.8750190302029955,-0.4999999999999997,-0.8660254037844388,3338.4000000000005,3253.1000000000004,3112.0,2948.9,3398.442857142857,53.20704393042989,3332.266666666667,95.0410667438932
2017-08-01,3365.6000000000004,0,1,1,8,3,213,31,2017,0.7818314824680298,0.6234898018587336,-0.4990686026885319,-0.8665624788845385,-0.8660254037844384,-0.5000000000000004,3423.7000000000003,3324.6,3000.6,3010.0999999999995,3404.3,45.408662903369304,3344.4333333333334,71.58761852749275
2017-08-02,3381.5,0,2,2,8,3,214,31,2017,0.9749279121818236,-0.22252093395631434,-0.5139010013093103,-0.8578494977869301,-0.8660254037844384,-0.5000000000000004,3365.6000000000004,3377.9000000000005,3176.1,2996.1,3404.8142857142857,45.07902056659239,3351.28,64.3938174372273
2017-08-03,3408.9,0,3,3,8,3,215,31,2017,0.43388373911755823,-0.900968867902419,-0.5285813283559292,-0.8488826652214553,-0.8660254037844384,-0.5000000000000004,3381.5,3412.3,3248.3,3056.0999999999995,3404.3285714285716,45.00317449126094,3356.633333333333,62.17488867388682
2017-08-04,3452.2000000000003,0,4,4,8,3,216,31,2017,-0.433883739117558,-0.9009688679024191,-0.5431052396834317,-0.8396646346181327,-0.8660254037844384,-0.5000000000000004,3408.9,3452.4000000000005,3287.0999999999995,3149.7,3404.2999999999997,44.96761797862799,3362.1366666666668,63.107814059776445
2017-08-05,3496.299999999999,0,5,5,8,3,217,31,2017,-0.9749279121818236,-0.2225209339563146,-0.5574684374327892,-0.8301981337405212,-0.8660254037844384,-0.5000000000000004,3452.2000000000003,3459.8,3324.1,3175.3,3409.5142857142855,53.73693418165219,3367.8766666666666,67.22578365855429
2017-08-06,3435.6000000000004,0,6,6,8,3,218,31,2017,-0.7818314824680299,0.6234898018587334,-0.5716666713027052,-0.8204859638785327,-0.8660254037844384,-0.5000000000000004,3496.299999999999,3338.4000000000005,3367.9999999999995,3096.4999999999995,3423.4,43.96870098913334,3370.13,68.35353912085183
2017-08-07,3403.0,0,0,7,8,3,219,32,2017,0.0,1.0,-0.5856957398073508,-0.8105309990194823,-0.8660254037844384,-0.5000000000000004,3435.6000000000004,3423.7000000000003,3438.9,2974.0000000000005,3420.442857142857,44.63619074041454,3368.9333333333334,67.41588543656754
2017-08-08,3469.9999999999995,0,1,8,8,3,220,32,2017,0.7818314824680298,0.6234898018587336,-0.5995514915196489,-0.8003361849976323,-0.8660254037844384,-0.5000000000000004,3403.0,3365.6000000000004,3388.9000000000005,3096.5000000000005,3435.3571428571427,40.50814145100577,3371.6366666666668,69.82705474752342
2017-08-09,3478.5,0,2,9,8,3,221,32,2017,0.9749279121818236,-0.22252093395631434,-0.6132298262997502,-0.7899045386224707,-0.8660254037844384,-0.5000000000000004,3469.9999999999995,3381.5,3456.7,3161.5000000000005,3449.214285714286,35.26572597546545,3372.3633333333337,70.84876307943594
2017-08-10,3461.3,0,3,10,8,3,222,32,2017,0.43388373911755823,-0.900968867902419,-0.6267266965083301,-0.7792391467859886,-0.8660254037844384,-0.5000000000000004,3478.5,3408.9,3417.3,3160.2000000000003,3456.7,30.52485326208583,3373.8300000000004,72.25261312540371
2017-08-11,3511.4,0,4,11,8,3,223,32,2017,-0.433883739117558,-0.9009688679024191,-0.6400381082043503,-0.7683431655492202,-0.8660254037844384,-0.5000000000000004,3461.3,3452.2000000000003,3326.8000000000006,3136.5,3465.157142857143,36.65555242817575,3379.983333333333,75.87888299822588
2017-08-12,3445.5000000000005,0,5,12,8,3,224,32,2017,-0.9749279121818236,-0.2225209339563146,-0.65316012232693,-0.7572198192083127,-0.8660254037844384,-0.5000000000000004,3511.4,3496.299999999999,3331.8,3125.2000000000003,3457.9000000000005,34.42295745582041,3383.773333333333,76.22797447102343
2017-08-13,3345.7,0,6,13,8,3,225,32,2017,-0.7818314824680299,0.6234898018587334,-0.666088855860977,-0.7458723993404063,-0.8660254037844384,-0.5000000000000004,3445.5000000000005,3435.6000000000004,3353.7,3159.7999999999997,3445.057142857143,54.843135612533544,3383.5066666666667,76.35070143224868
2017-08-14,3416.1,0,0,14,8,3,226,33,2017,0.0,1.0,-0.6788204829862355,-0.734304263829602,-0.8660254037844384,-0.5000000000000004,3345.7,3403.0,3353.7,3069.100000000001,3446.9285714285716,53.37261202424834,3385.586666666667,76.36065846311512
2017-08-15,3293.5000000000005,0,1,15,8,3,227,33,2017,0.7818314824680298,0.6234898018587336,-0.6913512362094071,-0.722518835873311,-0.8660254037844384,-0.5000000000000004,3416.1,3469.9999999999995,3237.5,2994.4000000000005,3421.714285714286,77.08169753737448,3387.4533333333334,73.23634736053955
2017-08-16,3430.0,0,2,16,8,3,228,33,2017,0.9749279121818236,-0.22252093395631434,-0.7036774074790128,-0.7105196029692745,-0.8660254037844384,-0.5000000000000004,3293.5000000000005,3478.5,3342.3,3188.5999999999995,3414.785714285714,73.20920772172909,3390.3766666666666,73.12208347657348
2017-08-17,3613.900000000001,0,3,17,8,3,229,33,2017,0.43388373911755823,-0.900968867902419,-0.7157953492826642,-0.6983101158835584,-0.8660254037844384,-0.5000000000000004,3430.0,3461.3,3318.7000000000007,3219.9,3436.5857142857144,105.12989471082915,3400.2166666666667,82.41582992962853
2017-08-18,3642.499999999999,0,4,18,8,3,230,33,2017,-0.433883739117558,-0.9009688679024191,-0.7277014757264236,-0.6858939875998223,-0.8660254037844384,-0.5000000000000004,3613.900000000001,3511.4,3329.7000000000003,3152.8,3455.3142857142857,129.52603893391463,3410.6433333333334,92.3721583794547
2017-08-19,3487.3,0,5,19,8,3,231,33,2017,-0.9749279121818236,-0.2225209339563146,-0.7393922635959241,-0.673274892250183,-0.8660254037844384,-0.5000000000000004,3642.499999999999,3445.5000000000005,3306.6,3241.3,3461.285714285714,129.96097399569607,3416.6666666666665,91.23835148450503
2017-08-20,3273.0,0,6,20,8,3,232,33,2017,-0.7818314824680299,0.6234898018587334,-0.7508642533989489,-0.6604565640279754,-0.8660254037844384,-0.5000000000000004,3487.3,3345.7,3372.9999999999995,3272.4000000000005,3450.9000000000005,142.98924201959574,3413.3333333333335,94.65156913771044
2017-08-21,3368.799999999999,0,0,21,8,3,233,34,2017,0.0,1.0,-0.7621140503891487,-0.6474427960827475,-0.8660254037844384,-0.5000000000000004,3273.0,3416.1,3329.4,3226.0999999999995,3444.1428571428573,145.99389093548194,3414.646666666667,93.71551497552223
2017-08-22,3444.7000000000003,0,1,22,8,3,234,34,2017,0.7818314824680298,0.6234898018587336,-0.7731383255706026,-0.6342374393978054,-0.8660254037844384,-0.5000000000000004,3368.799999999999,3293.5000000000005,3216.6000000000004,3277.2000000000003,3465.7428571428572,130.337010056551,3422.25,86.03161708309281
2017-08-23,3440.1000000000004,0,2,23,8,3,235,34,2017,0.9749279121818236,-0.22252093395631434,-0.7839338166829201,-0.620844401650647,-0.8660254037844384,-0.5000000000000004,3444.7000000000003,3430.0,3253.1000000000004,3336.2000000000003,3467.1857142857143,129.9306536653689,3428.483333333333,79.91007913353165
2017-08-24,3462.0,0,3,24,8,3,236,34,2017,0.43388373911755823,-0.900968867902419,-0.7944973291665992,-0.6072676460566135,-0.8660254037844384,-0.5000000000000004,3440.1000000000004,3613.900000000001,3324.6,3280.5,3445.485714285714,112.914000144254,3433.0633333333335,77.6564782178296
2017-08-25,3306.399999999999,0,4,25,8,3,237,34,2017,-0.433883739117558,-0.9009688679024191,-0.8048257371083452,-0.593511190196115,-0.8660254037844384,-0.5000000000000004,3462.0,3642.499999999999,3377.9000000000005,3219.7000000000003,3397.471428571428,82.55304788008034,3430.68,80.45464089398553
2017-08-26,3289.9,0,5,26,8,3,238,34,2017,-0.9749279121818236,-0.2225209339563146,-0.8149159841660791,-0.5795791048257612,-0.8660254037844384,-0.5000000000000004,3306.399999999999,3487.3,3412.3,3222.899999999999,3369.2714285714283,80.4423129596031,3426.6000000000004,84.42448574379543
2017-08-27,3228.199999999999,0,6,27,8,3,239,34,2017,-0.7818314824680299,0.6234898018587334,-0.8247650844733614,-0.5654755126737576,-0.8660254037844384,-0.5000000000000004,3289.9,3273.0,3452.4000000000005,3202.9999999999995,3362.871428571428,90.52811191902815,3419.1266666666666,91.67384440028322
2017-08-28,3276.1000000000004,0,0,28,8,3,240,35,2017,0.0,1.0,-0.8343701235229537,-0.5512045872199277,-0.8660254037844384,-0.5000000000000004,3228.199999999999,3368.799999999999,3459.8,3115.1,3349.628571428571,96.12366538799918,3413.003333333333,94.94030241677882
2017-08-29,3230.4999999999995,0,1,29,8,3,241,35,2017,0.7818314824680298,0.6234898018587336,-0.8437282590292712,-0.5367705514607103,-0.8660254037844384,-0.5000000000000004,3276.1000000000004,3444.7000000000003,3338.4000000000005,3191.3,3319.028571428571,94.90089065769574,3409.4066666666668,99.78423250931077
2017-08-30,3262.1,0,2,30,8,3,242,35,2017,0.9749279121818236,-0.22252093395631434,-0.8528367217694595,-0.522177676659508,-0.8660254037844384,-0.5000000000000004,3230.4999999999995,3440.1000000000004,3423.7000000000003,3188.4,3293.5999999999995,79.67994310576584,3404.02,103.28640595534996
2017-08-31,3288.2,0,3,31,8,3,243,35,2017,0.43388373911755823,-0.900968867902419,-0.8616928164028521,-0.5074302810827518,-0.8660254037844384,-0.5000000000000004,3262.1,3462.0,3365.6000000000004,3090.1,3268.7714285714283,30.13512426206916,3401.44,105.22764354255106
2017-09-01,3182.7,0,4,1,9,3,244,35,2017,-0.433883739117558,-0.9009688679024191,-0.8702939222685674,-0.49253272872205434,-1.0,-1.8369701987210297e-16,3288.2,3306.399999999999,3381.5,3076.4000000000005,3251.1,39.27505569702695,3394.813333333333,112.53276222822224
2017-09-02,3159.9999999999995,0,5,2,9,3,245,35,2017,-0.9749279121818236,-0.2225209339563146,-0.8786374941610001,-0.4774894280028391,-1.0,-1.8369701987210297e-16,3182.7,3289.9,3408.9,3122.3500000000004,3232.542857142857,47.676648971455094,3386.516666666667,120.36136418513512
2017-09-03,3111.4999999999995,0,6,3,9,3,246,35,2017,-0.7818314824680299,0.6234898018587334,-0.886721063082993,-0.46230483047981086,-1.0,-1.8369701987210297e-16,3159.9999999999995,3228.199999999999,3452.2000000000003,3168.3,3215.871428571428,66.23862705619851,3375.1599999999994,129.66395984528478
2017-09-04,3308.9999999999995,0,0,4,9,3,247,36,2017,0.0,1.0,-0.8945422369764496,-0.4469834295196741,-1.0,-1.8369701987210297e-16,3111.4999999999995,3276.1000000000004,3496.299999999999,3127.199999999999,3220.5714285714284,72.12969139651729,3368.9166666666665,128.1301065144462
2017-09-05,3360.8000000000006,0,1,5,9,3,248,36,2017,0.7818314824680298,0.6234898018587336,-0.9020987014301837,-0.43152975897147144,-1.0,-1.8369701987210297e-16,3308.9999999999995,3230.4999999999995,3435.6000000000004,3180.8,3239.1857142857143,89.77396483340432,3366.423333333333,127.51404434707636
2017-09-06,3407.4999999999995,0,2,6,9,3,249,36,2017,0.9749279121818236,-0.22252093395631434,-0.9093882203647925,-0.4159483918249421,-1.0,-1.8369701987210297e-16,3360.8000000000006,3262.1,3403.0,3330.0999999999995,3259.957142857143,110.40882901205931,3366.5733333333333,127.56119270788629
2017-09-07,3431.3,0,3,7,9,3,250,36,2017,0.43388373911755823,-0.900968867902419,-0.9164086366943458,-0.4002439388573056,-1.0,-1.8369701987210297e-16,3407.4999999999995,3288.2,3469.9999999999995,3425.2,3280.4,128.306923689532,3365.2833333333333,126.67177538095041
2017-09-08,3441.1,0,4,8,9,3,251,36,2017,-0.433883739117558,-0.9009688679024191,-0.9231578729647039,-0.38442104726885545,-1.0,-1.8369701987210297e-16,3431.3,3182.7,3478.5,3508.4,3317.3142857142852,132.6125613528985,3364.0366666666664,125.69941563887663
2017-09-09,3487.6,0,5,9,9,3,252,36,2017,-0.9749279121818236,-0.2225209339563146,-0.9296339319682695,-0.3684843993077793,-1.0,-1.8369701987210297e-16,3441.1,3159.9999999999995,3461.3,3535.0000000000005,3364.1142857142854,125.45537624421034,3364.913333333333,126.49037508248121
2017-09-10,3450.9,0,6,10,9,3,253,36,2017,-0.7818314824680299,0.6234898018587334,-0.9358348973349941,-0.35243871088460327,-1.0,-1.8369701987210297e-16,3487.6,3111.4999999999995,3511.4,3535.7000000000003,3412.5999999999995,60.13324094601675,3362.8966666666665,124.54164096130407
2017-09-11,3543.4,0,0,11,9,3,254,37,2017,0.0,1.0,-0.9417589340994617,-0.33628873017668287,-1.0,-1.8369701987210297e-16,3450.9,3308.9999999999995,3445.5000000000005,3390.9000000000005,3446.085714285714,58.055531708097135,3366.1600000000003,128.01490376595973
2017-09-12,3553.2000000000003,0,1,12,9,3,255,37,2017,0.7818314824680298,0.6234898018587336,-0.9474042892438845,-0.32003923622313857,-1.0,-1.8369701987210297e-16,3543.4,3360.8000000000006,3345.7,3485.4,3473.5714285714284,56.47157734315798,3373.076666666667,132.40179101646945
2017-09-13,3563.6000000000004,0,2,13,9,3,256,37,2017,0.9749279121818236,-0.22252093395631434,-0.9527692922168511,-0.30369503751065885,-1.0,-1.8369701987210297e-16,3553.2000000000003,3407.4999999999995,3416.1,3463.9000000000005,3495.871428571428,56.85202178425741,3377.9933333333333,136.72268921845955
2017-09-14,3536.0,0,3,14,9,3,257,37,2017,0.43388373911755823,-0.900968867902419,-0.9578523554276669,-0.28726097055059635,-1.0,-1.8369701987210297e-16,3563.6000000000004,3431.3,3293.5000000000005,3390.100000000001,3510.828571428571,50.44425022693595,3386.076666666667,138.70913423254171
2017-09-15,3523.0,0,4,15,9,3,258,37,2017,-0.433883739117558,-0.9009688679024191,-0.9626519747161487,-0.2707418984477642,-1.0,-1.8369701987210297e-16,3536.0,3441.1,3430.0,3323.3,3522.5285714285715,39.99077869906702,3389.1766666666667,140.74885112126165
2017-09-16,3499.1,0,5,16,9,3,259,37,2017,-0.9749279121818236,-0.2225209339563146,-0.9671667297977312,-0.2541427094613622,-1.0,-1.8369701987210297e-16,3523.0,3487.6,3613.900000000001,3319.0999999999995,3524.171428571429,38.52612595314713,3385.35,135.90567152155634
2017-09-17,3288.4,0,6,17,9,3,260,37,2017,-0.7818314824680299,0.6234898018587334,-0.97139528468375,-0.23746831555846842,-1.0,-1.8369701987210297e-16,3499.1,3450.9,3642.499999999999,3241.5000000000005,3500.957142857143,96.04922101270881,3373.546666666667,127.94581486016227
2017-09-18,3344.2,0,0,18,9,3,261,38,2017,0.0,1.0,-0.9753363880767837,-0.2207236509605022,-1.0,-1.8369701987210297e-16,3288.4,3543.4,3487.3,3185.4999999999995,3472.5,109.89044544456664,3368.7766666666666,126.21446357725007
2017-09-19,3425.8000000000006,0,1,19,9,3,262,38,2017,0.7818314824680298,0.6234898018587336,-0.9789888737409319,-0.20391367068311472,-1.0,-1.8369701987210297e-16,3344.2,3553.2000000000003,3273.0,3303.3000000000006,3454.2999999999997,104.7259757653526,3373.8700000000003,125.29590672236802
2017-09-20,3479.4999999999995,0,2,20,9,3,263,38,2017,0.9749279121818236,-0.22252093395631434,-0.9823516608469237,-0.18704334906991657,-1.0,-1.8369701987210297e-16,3425.8000000000006,3563.6000000000004,3368.799999999999,3364.699999999999,3442.285714285714,94.41338938542178,3377.56,126.76292996690371
2017-09-21,3461.1,0,3,21,9,3,264,38,2017,0.43388373911755823,-0.900968867902419,-0.9854237542919524,-0.17011767832049052,-1.0,-1.8369701987210297e-16,3479.4999999999995,3536.0,3444.7000000000003,3295.1000000000004,3431.5857142857144,85.8812247345712,3378.1066666666666,127.09737763738433
2017-09-22,3370.1,0,4,22,9,3,265,38,2017,-0.433883739117558,-0.9009688679024191,-0.9882042449941422,-0.15314166701312007,-1.0,-1.8369701987210297e-16,3461.1,3523.0,3440.1000000000004,3246.200000000001,3409.7428571428572,77.82208035308061,3375.773333333333,126.56144189568035
2017-09-23,3290.5000000000005,0,5,23,9,3,266,38,2017,-0.9749279121818236,-0.2225209339563146,-0.9906923101615609,-0.13612033862266704,-1.0,-1.8369701987210297e-16,3370.1,3499.1,3462.0,3249.2000000000003,3379.942857142857,77.84122423549934,3370.0566666666664,126.4055124380012
2017-09-24,3295.5,0,6,24,9,3,267,38,2017,-0.7818314824680299,0.6234898018587334,-0.9928872135356962,-0.11905873003404988,-1.0,-1.8369701987210297e-16,3290.5000000000005,3288.4,3306.399999999999,3200.2000000000003,3380.957142857143,76.4840257209392,3369.6933333333336,126.61029247624604
2017-09-25,3384.7000000000003,0,0,25,9,3,268,39,2017,0.0,1.0,-0.994788305609327,-0.10196189005174576,-1.0,-1.8369701987210297e-16,3295.5,3344.2,3289.9,3075.399999999999,3386.7428571428572,74.75229889763456,3372.853333333333,125.73007138539188
2017-09-26,3432.2,0,1,26,9,3,269,39,2017,0.7818314824680298,0.6234898018587336,-0.9963950238187231,-0.08483487790576538,-1.0,-1.8369701987210297e-16,3384.7000000000003,3425.8000000000006,3228.199999999999,3206.0,3387.6571428571433,75.34639688674316,3379.653333333333,123.12647193822711
2017-09-27,3431.6000000000004,0,2,27,9,3,270,39,2017,0.9749279121818236,-0.22252093395631434,-0.9977068927101168,-0.06768276175455162,-1.0,-1.8369701987210297e-16,3432.2,3479.4999999999995,3276.1000000000004,3231.6000000000004,3380.8142857142857,67.36785654333377,3384.836666666667,121.88361742007535
2017-09-28,3406.1000000000004,0,3,28,9,3,271,39,2017,0.43388373911755823,-0.900968867902419,-0.9987235240803972,-0.050510617185222886,-1.0,-1.8369701987210297e-16,3431.6000000000004,3461.1,3230.4999999999995,3230.7,3372.957142857143,59.14952400891562,3390.69,118.38239428167962
2017-09-29,3320.7999999999997,0,4,29,9,3,272,39,2017,-0.433883739117558,-0.9009688679024191,-0.9994446170919858,-0.033323525711631344,-1.0,-1.8369701987210297e-16,3406.1000000000004,3370.1,3262.1,3237.4,3365.914285714286,62.39255908020216,3392.6466666666665,116.65624636552018
2017-09-30,3198.4,0,5,30,9,3,273,39,2017,-0.9749279121818236,-0.2225209339563146,-0.9998699583618592,-0.016126573270657762,-1.0,-1.8369701987210297e-16,3320.7999999999997,3290.5000000000005,3288.2,3243.7000000000003,3352.757142857143,86.1383936299484,3389.6533333333336,120.51692893913504
2017-10-01,3154.7000000000003,0,6,1,10,4,274,39,2017,-0.7818314824680299,0.6234898018587334,-0.9999994220246925,0.001075151282798226,-0.8660254037844386,0.5000000000000001,3198.4,3295.5,3182.7,3235.7,3332.6428571428573,113.75052904117801,3388.7200000000003,122.2705913833836
2017-10-02,3190.0000000000005,0,0,2,10,4,275,40,2017,0.0,1.0,-0.999832969770105,0.018276557681691223,-0.8660254037844386,0.5000000000000001,3154.7000000000003,3384.7000000000003,3159.9999999999995,3095.0,3304.8285714285716,122.37694110530246,3389.7200000000003,120.44452550505937
2017-10-03,3335.600000000001,0,1,3,10,4,276,40,2017,0.7818314824680298,0.6234898018587336,-0.9993706508539969,0.03547255575312556,-0.8660254037844386,0.5000000000000001,3190.0000000000005,3432.2,3111.4999999999995,3230.9000000000005,3291.0285714285715,110.48907509021274,3397.1900000000005,108.99987456494323
2017-10-04,3401.7999999999997,0,2,4,10,4,277,40,2017,0.9749279121818236,-0.22252093395631434,-0.9986126020839734,0.052658056924614005,-0.8660254037844386,0.5000000000000001,3335.600000000001,3431.6000000000004,3308.9999999999995,3265.3,3286.7714285714287,104.5865943335504,3400.2833333333333,107.72009092321953
2017-10-05,3434.1,0,3,5,10,4,278,40,2017,0.43388373911755823,-0.900968867902419,-0.9975590477788613,0.06982797572987089,-0.8660254037844386,0.5000000000000001,3401.7999999999997,3406.1000000000004,3360.8000000000006,3184.8,3290.7714285714287,110.29092912666913,3402.726666666667,107.62490076357214
2017-10-06,3441.5,0,4,6,10,4,279,40,2017,-0.433883739117558,-0.9009688679024191,-0.9962102997023297,0.0869772313136861,-0.8660254037844386,0.5000000000000001,3434.1,3320.7999999999997,3407.4999999999995,3169.5999999999995,3308.014285714286,124.31191185311383,3403.86,107.85566856396676
2017-10-07,3433.1000000000004,0,5,7,10,4,280,40,2017,-0.9749279121818236,-0.2225209339563146,-0.9945667569706337,0.1041007489354256,-0.8660254037844386,0.5000000000000001,3441.5,3198.4,3431.3,3216.899999999999,3341.542857142857,121.43770497864797,3403.92,107.8719592211425
2017-10-08,3309.4,0,6,8,10,4,281,40,2017,-0.7818314824680299,0.6234898018587334,-0.9926289059345095,0.121193461470736,-0.8660254037844386,0.5000000000000001,3433.1000000000004,3154.7000000000003,3441.1,3159.3,3363.6428571428573,92.36407774209538,3399.53,108.98084978880735
2017-10-09,3376.1,0,0,9,10,4,282,41,2017,0.0,1.0,-0.9903973200352558,0.1382503109109819,-0.8660254037844386,0.5000000000000001,3309.4,3190.0000000000005,3487.6,3024.0,3390.2285714285713,52.02959780378928,3395.8133333333335,107.7682978569739
2017-10-10,3373.8,0,1,10,10,4,283,41,2017,0.7818314824680298,0.6234898018587336,-0.9878726596350429,0.15526624985999563,-0.8660254037844386,0.5000000000000001,3376.1,3335.600000000001,3450.9,3041.1,3395.6857142857148,47.11621902533286,3393.2433333333333,107.32774068031605
2017-10-11,3358.2,0,2,11,10,4,284,41,2017,0.9749279121818236,-0.22252093395631434,-0.9850556718215013,0.172236243027682,-0.8660254037844386,0.5000000000000001,3373.8,3401.7999999999997,3543.4,2919.7000000000003,3389.457142857143,49.01676098181003,3387.07,103.6565587525205
2017-10-12,3348.2,0,3,12,10,4,285,41,2017,0.43388373911755823,-0.900968867902419,-0.981947190186646,0.18915526872004093,-0.8660254037844386,0.5000000000000001,3358.2,3434.1,3553.2000000000003,3013.6,3377.1857142857143,46.67424088198741,3380.2366666666667,98.97868974172899
2017-10-13,3356.5,0,4,13,10,4,286,41,2017,-0.433883739117558,-0.9009688679024191,-0.9785481345802031,0.20601832032517084,-0.8660254037844386,0.5000000000000001,3348.2,3441.5,3563.6000000000004,3068.7,3365.042857142857,37.261099337171146,3373.3333333333335,92.77675962458335
2017-10-14,3337.4999999999995,0,5,14,10,4,287,41,2017,-0.9749279121818236,-0.2225209339563146,-0.9748595108374125,0.22282040779479959,-0.8660254037844386,0.5000000000000001,3356.5,3433.1000000000004,3536.0,3097.4,3351.3857142857146,22.918509882692977,3366.7166666666667,87.71593290308444
2017-10-15,3240.2000000000003,0,6,15,10,4,288,41,2017,-0.7818314824680299,0.6234898018587334,-0.9708824104813836,0.23955655912092708,-0.8660254037844386,0.5000000000000001,3337.4999999999995,3309.4,3523.0,3127.4,3341.5,46.667119045479886,3357.29,85.5095451417312
2017-10-16,3288.4000000000005,0,0,16,10,4,289,42,2017,0.0,1.0,-0.9666180104000972,0.2562218218071163,-0.8660254037844386,0.5000000000000001,3240.2000000000003,3376.1,3499.1,3052.5999999999995,3328.971428571429,47.59309173564344,3350.266666666667,82.04299265433397
2017-10-17,3325.1,0,1,17,10,4,290,42,2017,0.7818314824680298,0.6234898018587336,-0.9620675724981452,0.27281126433401914,-0.8660254037844386,0.5000000000000001,3288.4000000000005,3373.8,3288.4,3179.4000000000005,3322.0142857142855,43.31510239215752,3351.49,81.35946355738689
2017-10-18,3258.9,0,2,18,10,4,291,42,2017,0.9749279121818236,-0.22252093395631434,-0.957232443323312,0.28931997761869527,-0.8660254037844386,0.5000000000000001,3325.1,3358.2,3344.2,3229.7000000000003,3307.8285714285716,45.68470620412682,3348.6466666666665,83.09502965896291
2017-10-19,3080.1000000000004,0,3,19,10,4,292,42,2017,0.43388373911755823,-0.900968867902419,-0.9521140536681102,0.3057430764672831,-0.8660254037844386,0.5000000000000001,3258.9,3348.2,3425.8000000000006,3249.5,3269.5285714285715,93.52786954142276,3337.1233333333334,95.12601327870202
2017-10-20,3063.2000000000003,1,4,20,10,4,293,42,2017,-0.433883739117558,-0.9009688679024191,-0.9467139181463862,0.3220757010206104,-0.8660254037844386,0.5000000000000001,3080.1000000000004,3356.5,3479.4999999999995,3210.6000000000004,3227.628571428572,111.95456986782965,3323.2466666666664,103.62495616515766
2017-10-21,3046.3,1,5,21,10,4,294,42,2017,-0.9749279121818236,-0.2225209339563146,-0.9410336347451197,0.3383130181923076,-0.8660254037844386,0.5000000000000001,3063.2000000000003,3337.4999999999995,3461.1,3233.2,3186.0285714285715,118.2492806783934,3309.42,111.9369323663427
2017-10-22,3029.4,0,6,22,10,4,295,42,2017,-0.7818314824680299,0.6234898018587334,-0.9350748843515574,0.3544502230989869,-0.8660254037844386,0.5000000000000001,3046.3,3240.2000000000003,3370.1,3209.7000000000003,3155.914285714286,128.5478047079887,3298.063333333333,122.3655278348434
2017-10-23,3191.7,0,0,23,10,4,296,43,2017,0.0,1.0,-0.9288394302558068,0.3704825404820963,-0.8660254037844386,0.5000000000000001,3029.4,3288.4000000000005,3290.5000000000005,3128.2000000000003,3142.0999999999995,116.57582653937487,3294.77,123.8960803421114
2017-10-24,3228.9999999999995,0,1,24,10,4,297,43,2017,0.7818314824680298,0.6234898018587336,-0.9223291176290545,0.3864052261209853,-0.8660254037844386,0.5000000000000001,3191.7,3325.1,3295.5,3223.2000000000003,3128.371428571428,95.11644993177634,3292.5533333333337,124.47609861510675
2017-10-25,3274.6,0,2,25,10,4,298,43,2017,0.9749279121818236,-0.22252093395631434,-0.9155458729775467,0.40221356823680365,-0.8660254037844386,0.5000000000000001,3228.9999999999995,3258.9,3384.7000000000003,3231.4000000000005,3130.6142857142854,98.82029866670352,3288.883333333333,123.28295483976686
2017-10-26,3259.4,0,3,26,10,4,299,43,2017,0.43388373911755823,-0.900968867902419,-0.9084917035725082,0.41790288888678667,-0.8660254037844386,0.5000000000000001,3274.6,3080.1000000000004,3432.2,3238.9,3156.2285714285713,106.48484578078447,3283.123333333334,120.35811415803747
2017-10-27,3252.0000000000005,0,4,27,10,4,300,43,2017,-0.433883739117558,-0.9009688679024191,-0.9011686968561569,0.4334685453485363,-0.8660254037844386,0.5000000000000001,3259.4,3063.2000000000003,3431.6000000000004,3220.7000000000007,3183.2000000000003,102.84274403187179,3277.1366666666668,117.14187237861977
2017-10-28,3233.5999999999995,0,5,28,10,4,301,43,2017,-0.9749279121818236,-0.2225209339563146,-0.8935790198239952,0.4489059314938798,-0.8660254037844386,0.5000000000000001,3252.0000000000005,3046.3,3406.1000000000004,3211.7000000000003,3209.957142857143,83.91137898887516,3271.3866666666668,114.80363364829358
2017-10-29,3127.499999999998,0,6,29,10,4,302,43,2017,-0.7818314824680299,0.6234898018587334,-0.8857249183835637,0.4642104791518923,-0.8660254037844386,0.5000000000000001,3233.5999999999995,3029.4,3320.7999999999997,3122.8,3223.971428571428,50.1168871834392,3264.9433333333336,117.3313248097466
2017-10-30,3169.2000000000003,0,0,30,10,4,303,44,2017,0.0,1.0,-0.8776087166898392,0.4793776594606945,-0.8660254037844386,0.5000000000000001,3127.499999999998,3191.7,3198.4,2904.2000000000003,3220.7571428571428,53.1606952909262,3263.97,118.02146254258469
2017-10-31,3167.7,0,1,31,10,4,304,44,2017,0.7818314824680298,0.6234898018587336,-0.8692328164574792,0.49440298420761813,-0.8660254037844386,0.5000000000000001,3169.2000000000003,3228.9999999999995,3154.7000000000003,2850.7,3212.0,56.51940669662507,3264.403333333333,117.62964229788129
2017-11-01,3121.1000000000004,0,2,1,11,4,305,44,2017,0.9749279121818236,-0.22252093395631434,-0.8605996962501181,0.5092820071573356,-0.5000000000000004,0.8660254037844384,3167.7,3274.6,3190.0000000000005,2898.9,3190.071428571428,57.94346998835034,3262.1066666666666,119.78529624041242
2017-11-02,3146.6,0,3,2,11,4,306,44,2017,0.43388373911755823,-0.900968867902419,-0.8517119107469189,0.5240103253675756,-0.5000000000000004,0.8660254037844384,3121.1000000000004,3259.4,3335.600000000001,2990.9,3173.957142857143,50.6792152380833,3255.8066666666664,120.75292795289258
2017-11-03,3162.8,0,4,3,11,4,307,44,2017,-0.433883739117558,-0.9009688679024191,-0.8425720899866032,0.5385835804920232,-0.5000000000000004,0.8660254037844384,3146.6,3252.0000000000005,3401.7999999999997,3038.2,3161.2142857142853,37.20982973054981,3247.8400000000006,118.65466728690696
2017-11-04,3138.1,0,5,4,11,4,308,44,2017,-0.9749279121818236,-0.2225209339563146,-0.8331829385891785,0.5529974600700271,-0.5000000000000004,0.8660254037844384,3162.8,3233.5999999999995,3434.1,3085.0,3147.571428571428,19.57512999422442,3237.9733333333334,114.87902462526242
2017-11-05,3030.4,0,6,5,11,4,309,44,2017,-0.7818314824680299,0.6234898018587334,-0.8235472349556007,0.5672476988027229,-0.5000000000000004,0.8660254037844384,3138.1,3127.499999999998,3441.5,3093.0000000000005,3133.7000000000003,48.782647188028875,3224.27,114.28166398919385
2017-11-06,3128.5000000000005,0,0,6,11,4,310,45,2017,0.0,1.0,-0.8136678304455991,0.5813300798152042,-0.5000000000000004,0.8660254037844384,3030.4,3169.2000000000003,3433.1000000000004,3010.0,3127.8857142857146,46.203586750126334,3214.116666666667,108.47181131785243
2017-11-07,3141.2,0,1,7,11,4,311,45,2017,0.7818314824680298,0.6234898018587336,-0.8035476485339116,0.5952404359043674,-0.5000000000000004,0.8660254037844384,3128.5000000000005,3167.7,3309.4,3043.2000000000007,3124.1,43.398156642938396,3208.51,107.72134661821883
2017-11-08,3185.7999999999997,0,2,8,11,4,312,45,2017,0.9749279121818236,-0.22252093395631434,-0.7931896839451843,0.6089746507720486,-0.5000000000000004,0.8660254037844384,3141.2,3121.1000000000004,3376.1,3100.5,3133.342857142857,49.16007381145698,3202.1666666666665,103.01238068656464
2017-11-09,3214.5,0,3,9,11,4,313,45,2017,0.43388373911755823,-0.900968867902419,-0.7825970017677834,0.6225286602431057,-0.5000000000000004,0.8660254037844384,3185.7999999999997,3146.6,3373.8,3090.1,3143.042857142857,58.098159957792625,3196.856666666667,97.83575146319922
2017-11-10,3212.2999999999997,0,4,10,11,4,314,45,2017,-0.433883739117558,-0.9009688679024191,-0.7717727365467837,0.6358984534680745,-0.5000000000000004,0.8660254037844384,3214.5,3162.8,3358.2,3086.4,3150.1142857142854,63.650803309226525,3191.993333333333,93.04808891415122
2017-11-11,3162.5,0,5,11,11,4,315,45,2017,-0.9749279121818236,-0.2225209339563146,-0.7607200913564104,0.6490800741100398,-0.5000000000000004,0.8660254037844384,3212.2999999999997,3138.1,3348.2,3100.7,3153.6,63.55123916970533,3185.803333333333,88.356704498788
2017-11-12,3084.0,0,6,12,11,4,316,45,2017,-0.7818314824680299,0.6234898018587334,-0.7494423368521953,0.6620696215153815,-0.5000000000000004,0.8660254037844384,3162.5,3030.4,3356.5,3053.9,3161.2571428571428,47.413178798880736,3176.72,84.10823650675928
2017-11-13,3128.7,0,0,13,11,4,317,46,2017,0.0,1.0,-0.7379428103031386,0.6748632518680403,-0.5000000000000004,0.8660254037844384,3084.0,3128.5000000000005,3337.4999999999995,2946.3000000000006,3161.285714285714,47.39020393052288,3169.7599999999998,78.81758336993697
2017-11-14,3161.4999999999995,0,1,14,11,4,318,46,2017,0.7818314824680298,0.6234898018587336,-0.7262249146041543,0.6874571793269664,-0.5000000000000004,0.8660254037844384,3128.7,3141.2,3240.2000000000003,3011.2,3164.1857142857143,46.570249035658144,3167.1366666666663,77.69394190795383
2017-11-15,3144.3,0,2,15,11,4,319,46,2017,0.9749279121818236,-0.22252093395631434,-0.7142921172691032,0.699847677146407,-0.5000000000000004,0.8660254037844384,3161.4999999999995,3185.7999999999997,3288.4000000000005,3040.4,3158.2571428571428,45.998110727303796,3162.3333333333335,74.31959565855881
2017-11-16,3182.7000000000003,0,3,16,11,4,320,46,2017,0.43388373911755823,-0.900968867902419,-0.7021479494046978,0.7120310787787131,-0.5000000000000004,0.8660254037844384,3144.3,3214.5,3325.1,3012.7,3153.714285714286,40.79356275087853,3157.5866666666666,67.82954159247117
2017-11-17,3211.3000000000006,0,4,17,11,4,321,46,2017,-0.433883739117558,-0.9009688679024191,-0.6897960046655887,0.7240037789593305,-0.5000000000000004,0.8660254037844384,3182.7000000000003,3212.2999999999997,3258.9,3010.0000000000005,3153.5714285714284,40.555259185759994,3156.0,65.90739584892813
2017-11-18,3183.6000000000004,0,5,18,11,4,322,46,2017,-0.9749279121818236,-0.2225209339563146,-0.6772399381909491,0.7357622347736527,-0.5000000000000004,0.8660254037844384,3211.3000000000006,3162.5,3080.1000000000004,3004.1,3156.5857142857144,42.08477272414843,3159.45,64.49101380867005
2017-11-19,3072.6,0,6,19,11,4,323,46,2017,-0.7818314824680299,0.6234898018587334,-0.6644834655228552,0.7473029667054297,-0.5000000000000004,0.8660254037844384,3183.6000000000004,3084.0,3063.2000000000003,2980.9,3154.957142857143,45.44798701608969,3159.763333333334,64.02842840238444
2017-11-20,3133.2000000000007,0,0,20,11,4,324,47,2017,0.0,1.0,-0.6515303615068021,0.75862255966641,-0.5000000000000004,0.8660254037844384,3072.6,3128.7,3046.3,2870.2,3155.6,45.04471852139598,3162.6600000000003,60.591769100759294
2017-11-21,3158.7,0,1,21,11,4,325,47,2017,0.7818314824680298,0.6234898018587336,-0.6383844591746642,0.769717664006921,-0.5000000000000004,0.8660254037844384,3133.2000000000007,3161.4999999999995,3029.4,2968.4,3155.2000000000003,44.9959998222634,3166.9700000000003,55.139222850461266
2017-11-22,3167.7,0,2,22,11,4,326,47,2017,0.9749279121818236,-0.22252093395631434,-0.6250496486104377,0.7805849965070866,-0.5000000000000004,0.8660254037844384,3158.7,3144.3,3191.7,3020.6000000000004,3158.5428571428574,44.920405799012876,3166.1699999999996,54.94180086928101
2017-11-23,3166.3,0,3,23,11,4,327,47,2017,0.43388373911755823,-0.900968867902419,-0.6115298757991053,0.7912213413483807,-0.5000000000000004,0.8660254037844384,3167.7,3182.7000000000003,3228.9999999999995,3027.5,3156.2000000000003,43.86578013294411,3164.08,53.64661123083948
2017-11-24,3180.8,0,4,24,11,4,328,47,2017,-0.433883739117558,-0.9009688679024191,-0.5978291414589552,0.801623551065242,-0.5000000000000004,0.8660254037844384,3166.3,3211.3000000000006,3274.6,3030.0,3151.842857142857,38.690001169311174,3160.9533333333334,49.560974172433795
2017-11-25,3156.1000000000004,0,5,25,11,4,329,47,2017,-0.9749279121818236,-0.2225209339563146,-0.5839514998576998,0.8117885474764613,-0.5000000000000004,0.8660254037844384,3180.8,3183.6000000000004,3259.4,3022.8,3147.914285714286,36.246996591577954,3157.5099999999998,45.94168980425159
2017-11-26,3035.7000000000003,0,6,26,11,4,330,47,2017,-0.7818314824680299,0.6234898018587334,-0.5699010576127624,0.821713322596059,-0.5000000000000004,0.8660254037844384,3156.1000000000004,3072.6,3252.0000000000005,3001.3,3142.6428571428573,49.34294468798229,3150.3,47.54610104034855
2017-11-27,3095.7000000000003,0,0,27,11,4,331,48,2017,0.0,1.0,-0.5556819724760489,0.8313949395234058,-0.5000000000000004,0.8660254037844384,3035.7000000000003,3133.2000000000007,3233.5999999999995,2933.2,3137.285714285714,52.47527762584819,3145.7033333333334,45.85084877441681
2017-11-28,3149.5,0,1,28,11,4,332,48,2017,0.7818314824680298,0.6234898018587336,-0.5412984521036173,0.8408305333122887,-0.5000000000000004,0.8660254037844384,3095.7000000000003,3158.7,3127.499999999998,3021.7000000000007,3135.9714285714285,51.96225278306163,3146.436666666667,45.725428550130154
2017-11-29,3145.8,0,2,29,11,4,333,48,2017,0.9749279121818236,-0.22252093395631434,-0.5267547528105542,0.8500173118187018,-0.5000000000000004,0.8660254037844384,3149.5,3167.7,3169.2000000000003,3047.1000000000004,3132.842857142857,50.368371595158195,3145.656666666667,45.522867942916676
2017-11-30,3095.4,0,3,30,11,4,334,48,2017,0.43388373911755823,-0.900968867902419,-0.5120551783114646,0.8589525565270845,-0.5000000000000004,0.8660254037844384,3145.8,3166.3,3167.7,2970.7000000000003,3122.714285714286,49.64257005746004,3143.246666666667,46.224040120467386
2017-12-01,3058.4,0,4,1,12,4,335,48,2017,-0.433883739117558,-0.9009688679024191,-0.4972040784469378,0.8676336233547726,-2.4492935982947064e-16,1.0,3095.4,3180.8,3121.1000000000004,2952.6,3105.2285714285717,47.27302663913207,3141.1566666666668,48.615533797726535
2017-12-02,3062.6,0,5,2,12,4,336,48,2017,-0.9749279121818236,-0.2225209339563146,-0.4822058478963526,0.8760579434344281,-2.4492935982947064e-16,1.0,3058.4,3156.1000000000004,3146.6,2942.0000000000005,3091.871428571428,43.56763761812272,3138.3566666666666,50.66691556957504
2017-12-03,2953.8,0,6,3,12,4,337,48,2017,-0.7818314824680299,0.6234898018587334,-0.46706492487743034,0.8842230238742036,-2.4492935982947064e-16,1.0,3062.6,3035.7000000000003,3162.8,2935.4999999999995,3080.1714285714293,66.25593594255558,3131.39,60.587527736676094
2017-12-04,3042.2000000000003,0,0,4,12,4,338,49,2017,0.0,1.0,-0.451785789832884,0.8921264484954345,-2.4492935982947064e-16,1.0,2953.8,3095.7000000000003,3138.1,2843.3000000000006,3072.5285714285715,67.244447460669,3128.1933333333336,62.71387644574118
2017-12-05,3002.2000000000003,0,1,5,12,4,339,49,2017,0.7818314824680298,0.6234898018587336,-0.4363729641045924,0.8997658785476209,-2.4492935982947064e-16,1.0,3042.2000000000003,3149.5,3030.4,2958.0000000000005,3051.4857142857145,61.9849290438921,3127.253333333333,64.41839388921056
2017-12-06,3000.2000000000003,0,2,6,12,4,340,49,2017,0.9749279121818236,-0.22252093395631434,-0.42083100859565564,0.9071390534005044,-2.4492935982947064e-16,1.0,3002.2000000000003,3145.8,3128.5000000000005,2963.7000000000003,3030.6857142857143,47.88762639669702,3122.976666666667,68.46455253650683
2017-12-07,3079.7000000000003,0,3,7,12,4,341,49,2017,0.43388373911755823,-0.900968867902419,-0.4051645224207563,0.9142437912130223,-2.4492935982947064e-16,1.0,3000.2000000000003,3095.4,3141.2,2988.8000000000006,3028.4428571428575,44.60679533973562,3120.9266666666667,68.81989454408215
2017-12-08,3164.9,0,4,8,12,4,342,49,2017,-0.433883739117558,-0.9009688679024191,-0.3893781415452015,0.9210779895789526,-2.4492935982947064e-16,1.0,3079.7000000000003,3058.4,3185.7999999999997,3005.0,3043.6571428571433,68.36348579820272,3120.23,68.24390916361806
2017-12-09,3110.4,0,5,9,12,4,343,49,2017,-0.9749279121818236,-0.2225209339563146,-0.37347653741307074,0.9276396261490467,-2.4492935982947064e-16,1.0,3164.9,3062.6,3214.5,3047.0,3050.4857142857145,72.81342432484298,3116.76,65.89130862052491
2017-12-10,3047.2,0,6,10,12,4,344,49,2017,-0.7818314824680299,0.6234898018587334,-0.3574644155648614,0.9339267592294762,-2.4492935982947064e-16,1.0,3110.4,2953.8,3212.2999999999997,3003.1,3063.828571428571,59.47998863167276,3111.256666666667,64.51687126761536
2017-12-11,3098.6000000000004,0,0,11,12,4,345,50,2017,0.0,1.0,-0.34134651424503615,0.9399375283564133,-2.4492935982947064e-16,1.0,3047.2,3042.2000000000003,3162.5,2915.1,3071.885714285715,59.88050402184035,3109.1266666666666,63.817784427199726
2017-12-12,3067.6000000000004,0,1,12,12,4,346,50,2017,0.7818314824680298,0.6234898018587336,-0.3251276029999093,0.9456701548465688,-2.4492935982947064e-16,1.0,3098.6000000000004,3002.2000000000003,3084.0,2903.3,3081.2285714285717,51.745038869672534,3108.5800000000004,64.11001535615671
2017-12-13,3172.1,0,2,13,12,4,347,50,2017,0.9749279121818236,-0.22252093395631434,-0.30881248126625377,0.9511229423235357,-2.4492935982947064e-16,1.0,3067.6000000000004,3000.2000000000003,3128.7,2868.5,3105.785714285714,47.497207938042266,3110.026666666667,65.06228280408928
2017-12-14,3181.9,0,3,14,12,4,348,50,2017,0.43388373911755823,-0.900968867902419,-0.29240597695107734,0.9562942772197719,-2.4492935982947064e-16,1.0,3172.1,3079.7000000000003,3161.4999999999995,2912.9,3120.3857142857146,53.47383873050714,3110.706666666667,65.72206858317614
2017-12-15,3181.4,0,4,15,12,4,349,50,2017,-0.433883739117558,-0.9009688679024191,-0.27591294500296043,0.9611826292540837,-2.4492935982947064e-16,1.0,3181.9,3164.9,3144.3,2965.1,3122.7428571428572,56.064006788203336,3111.9433333333336,66.71748818627835
2017-12-16,3165.2000000000003,0,5,16,12,4,350,50,2017,-0.9749279121818236,-0.2225209339563146,-0.2593382659754056,0.9657865518844574,-2.4492935982947064e-16,1.0,3181.4,3110.4,3182.7000000000003,2994.0999999999995,3130.5714285714284,57.85080564945107,3111.3600000000006,66.15161060932704
2017-12-17,3097.1,0,6,17,12,4,351,50,2017,-0.7818314824680299,0.6234898018587334,-0.2426868445825954,0.9701046827361175,-2.4492935982947064e-16,1.0,3165.2000000000003,3047.2,3211.3000000000006,2990.2000000000003,3137.7000000000003,48.121582129762665,3107.5533333333337,63.43219422634649
2017-12-18,3171.8,0,0,18,12,4,352,51,2017,0.0,1.0,-0.22596360824801906,0.974135744004672,-2.4492935982947064e-16,1.0,3097.1,3098.6000000000004,3183.6000000000004,2903.5000000000005,3148.1571428571433,46.12059760903298,3107.1600000000003,62.9793485583069
2017-12-19,3194.7000000000007,0,1,19,12,4,353,51,2017,0.7818314824680298,0.6234898018587336,-0.20917350564635637,0.9778785428342386,-2.4492935982947064e-16,1.0,3171.8,3067.6000000000004,3072.6,2987.199999999999,3166.3142857142857,31.967870775351248,3111.23,64.59354697139615
2017-12-20,3217.1000000000004,0,2,20,12,4,354,51,2017,0.9749279121818236,-0.22252093395631434,-0.19232150523909483,0.9813319716704275,-2.4492935982947064e-16,1.0,3194.7000000000007,3172.1,3133.2000000000007,3029.0,3172.7428571428577,37.39005470016024,3114.0266666666666,67.33564887336081
2017-12-21,3224.4,0,3,21,12,4,355,51,2017,0.43388373911755823,-0.900968867902419,-0.17541259380427843,0.9844950085880858,-2.4492935982947064e-16,1.0,3217.1000000000004,3181.9,3158.7,3073.6000000000004,3178.8142857142857,42.25846773420521,3116.2166666666667,69.85978115475056
2017-12-22,3233.6000000000004,0,4,22,12,4,356,51,2017,-0.433883739117558,-0.9009688679024191,-0.15845177496083632,0.9873667175937016,-2.4492935982947064e-16,1.0,3224.4,3181.4,3167.7,3071.0000000000005,3186.2714285714287,47.11721958007634,3118.4133333333334,72.51987472332117
2017-12-23,3203.2000000000003,0,5,23,12,4,357,51,2017,-0.9749279121818236,-0.2225209339563146,-0.14144406768794202,0.9899462489023779,-2.4492935982947064e-16,1.0,3233.6000000000004,3165.2000000000003,3166.3,3083.9,3191.7000000000007,46.46948819750509,3119.6433333333334,73.66398401003725
2017-12-24,3112.3,0,6,24,12,4,358,51,2017,-0.7818314824680299,0.6234898018587334,-0.12439450483979998,0.9922328391893008,-2.4492935982947064e-16,1.0,3203.2000000000003,3097.1,3180.8,3056.600000000001,3193.871428571429,41.38976178908369,3117.36,72.75904304503136
2017-12-25,3160.8,0,0,25,12,4,359,52,2017,0.0,1.0,-0.10730813165636247,0.9942258118156161,-2.4492935982947064e-16,1.0,3112.3,3171.8,3156.1000000000004,2970.7000000000003,3192.3,42.55968358283909,3117.5166666666673,72.85033823950535
2017-12-26,3237.9000000000005,0,1,26,12,4,360,52,2017,0.7818314824680298,0.6234898018587336,-0.09019000427034513,0.9959245770286599,-2.4492935982947064e-16,1.0,3160.8,3194.7000000000007,3035.7000000000003,3031.699999999999,3198.471428571429,45.9618578927907,3124.2566666666667,74.35778689058401
2017-12-27,3238.5000000000005,0,2,27,12,4,361,52,2017,0.9749279121818236,-0.22252093395631434,-0.07304518821104743,0.9973286321364752,-2.4492935982947064e-16,1.0,3237.9000000000005,3217.1000000000004,3095.7000000000003,3050.4999999999995,3201.5285714285715,48.07077124015951,3129.016666666667,76.99074321131747
2017-12-28,3230.399999999999,0,3,28,12,4,362,52,2017,0.43388373911755823,-0.900968867902419,-0.05587875690537313,0.9984375616565666,-2.4492935982947064e-16,1.0,3238.5000000000005,3224.4,3149.5,3073.7000000000003,3202.3857142857146,48.59716824990373,3131.7133333333336,79.120273932334
2017-12-29,3232.6,0,4,29,12,4,363,52,2017,-0.433883739117558,-0.9009688679024191,-0.03869579017652689,0.9992510374388481,-2.4492935982947064e-16,1.0,3230.399999999999,3233.6000000000004,3145.8,3056.1000000000004,3202.2428571428572,48.491472004338476,3134.6066666666666,81.21259004372614
2017-12-30,3219.7000000000003,0,5,30,12,4,364,52,2017,-0.9749279121818236,-0.2225209339563146,-0.021501372740813793,0.999768818762748,-2.4492935982947064e-16,1.0,3232.6,3203.2000000000003,3095.4,3048.6000000000004,3204.6,48.94466263041029,3138.75,82.30677581359093
2017-12-31,3115.9,0,6,31,12,4,365,52,2017,-0.7818314824680299,0.6234898018587334,-0.004300592702981974,0.9999907524084426,-2.4492935982947064e-16,1.0,3219.7000000000003,3112.3,3058.4,3037.1000000000004,3205.1142857142854,47.81915336532127,3140.666666666667,81.03076186126613
2018-01-01,3122.500000000002,0,0,1,1,1,1,1,2018,0.0,1.0,0.017201575418260506,0.9998520419557735,0.49999999999999994,0.8660254037844387,3115.9,3160.8,3062.6,2939.4,3199.642857142858,55.33509607064507,3142.6633333333334,79.76897021521918
2018-01-02,3208.8,0,1,2,1,1,2,1,2018,0.7818314824680298,0.6234898018587336,0.03439806061360801,0.9994082116062598,0.49999999999999994,0.8660254037844387,3122.500000000002,3237.9000000000005,2953.8,3029.2000000000003,3195.4857142857145,53.02689344640225,3151.1633333333334,72.17478059560761
2018-01-03,3294.9,0,2,3,1,1,3,1,2018,0.9749279121818236,-0.22252093395631434,0.051584366869408364,0.9986686402879997,0.49999999999999994,0.8660254037844387,3208.8,3238.5000000000005,3042.2000000000003,3073.7,3203.5428571428574,63.83527909508576,3159.586666666667,73.74827050378838
2018-01-04,3258.3000000000006,0,3,4,1,1,4,1,2018,0.43388373911755823,-0.900968867902419,0.06875540848113941,0.9976335468520451,0.49999999999999994,0.8660254037844387,3294.9,3230.399999999999,3002.2000000000003,3088.4,3207.528571428572,66.60267047416606,3168.123333333334,69.60799935864927
2018-01-05,3273.0,0,4,5,1,1,5,1,2018,-0.433883739117558,-0.9009688679024191,0.08590610426133272,0.9963032375991965,0.49999999999999994,0.8660254037844387,3258.3000000000006,3232.6,3000.2000000000003,3125.5,3213.3,70.75810907595405,3177.2166666666667,64.54967124217067
2018-01-06,3244.4000000000005,0,5,6,1,1,6,1,2018,-0.9749279121818236,-0.2225209339563146,0.10303137904317879,0.9946781061893646,0.49999999999999994,0.8660254037844387,3273.0,3219.7000000000003,3079.7000000000003,3109.3,3216.8285714285716,71.73952221491058,3182.7066666666665,62.954016789130264
2018-01-07,3138.9,0,6,7,1,1,7,1,2018,-0.7818314824680299,0.6234898018587334,0.1201261651823505,0.9927586335250793,0.49999999999999994,0.8660254037844387,3244.4000000000005,3115.9,3164.9,3015.0,3220.1142857142863,66.69591263270446,3181.8400000000006,63.385098868911854
2018-01-08,3251.800000000001,0,0,8,1,1,8,2,2018,0.0,1.0,0.13718540405660057,0.9905453876091833,0.49999999999999994,0.8660254037844387,3138.9,3122.500000000002,3110.4,2978.6,3238.5857142857144,51.278891972324566,3186.5533333333337,63.146440276085734
2018-01-09,3300.3,0,1,9,1,1,9,2,2018,0.7818314824680298,0.6234898018587336,0.1542040475626894,0.988039023376751,0.49999999999999994,0.8660254037844387,3251.800000000001,3208.8,3047.2,3052.8,3251.6571428571433,54.01014895814223,3194.9900000000002,60.74830691553844
2018-01-10,3308.7,0,2,10,1,1,10,2,2018,0.9749279121818236,-0.22252093395631434,0.17117705961019986,0.985240282501282,0.49999999999999994,0.8660254037844387,3300.3,3294.9,3098.6000000000004,3074.2,3253.628571428572,56.06441873080962,3201.993333333334,61.36040469528214
2018-01-11,3317.4,0,3,11,1,1,11,2,2018,0.43388373911755823,-0.900968867902419,0.18809941761179758,0.9821499931752291,0.49999999999999994,0.8660254037844387,3308.7,3258.3000000000006,3067.6000000000004,3099.1,3262.0714285714284,61.108256787634865,3210.32,59.41235445654325
2018-01-12,3355.6000000000004,0,4,12,1,1,12,2,2018,-0.433883739117558,-0.9009688679024191,0.20496611396949532,0.9787690698649216,0.49999999999999994,0.8660254037844387,3317.4,3273.0,3172.1,3121.2000000000003,3273.871428571429,70.77993393344963,3216.436666666667,64.56435166365483
2018-01-13,3333.899999999999,0,5,13,1,1,13,2,2018,-0.9749279121818236,-0.2225209339563146,0.22177215755648186,0.975098513039961,0.49999999999999994,0.8660254037844387,3355.6000000000004,3244.4000000000005,3181.9,3122.4,3286.657142857143,72.62843467825758,3221.5033333333336,67.65093716166481
2018-01-14,3121.7,0,6,14,1,1,14,2,2018,-0.7818314824680299,0.6234898018587334,0.23851257519407648,0.9711394088771653,0.49999999999999994,0.8660254037844387,3333.899999999999,3138.9,3181.4,2969.4,3284.2000000000003,78.51301378330699,3219.513333333334,69.71776963084663
2018-01-15,3166.9000000000005,0,0,15,1,1,15,3,2018,0.0,1.0,0.2551824131233728,0.9668929289391521,0.49999999999999994,0.8660254037844387,3121.7,3251.800000000001,3165.2000000000003,2876.8000000000006,3272.0714285714284,90.06069646423727,3219.57,69.6727777939002
2018-01-16,3243.9,0,1,16,1,1,16,3,2018,0.7818314824680298,0.6234898018587336,0.2717767384711357,0.9623603298276545,0.49999999999999994,0.8660254037844387,3166.9000000000005,3300.3,3097.1,3025.7,3264.0142857142855,89.63623576383162,3224.4633333333336,65.823507399999
2018-01-17,3300.8,0,2,17,1,1,17,3,2018,0.9749279121818236,-0.22252093395631434,0.2882906407095177,0.9575429528116719,0.49999999999999994,0.8660254037844387,3243.9,3308.7,3171.8,3090.5,3262.8857142857146,89.02751313634762,3228.763333333334,66.47489795006985
2018-01-18,3312.2,0,3,18,1,1,18,3,2018,0.43388373911755823,-0.900968867902419,0.3047192331091634,0.9524422234305676,0.49999999999999994,0.8660254037844387,3300.8,3317.4,3194.7000000000007,3104.2,3262.1428571428573,88.51705781268359,3232.6800000000003,67.84607528100216
2018-01-19,3303.7000000000003,0,4,19,1,1,19,3,2018,-0.433883739117558,-0.9009688679024191,0.321057654185271,0.9470596510722283,0.49999999999999994,0.8660254037844387,3312.2,3355.6000000000004,3217.1000000000004,3104.6,3254.7285714285713,81.260460132569,3235.5666666666666,68.9929348373599
2018-01-20,3303.6000000000004,0,5,20,1,1,20,3,2018,-0.9749279121818236,-0.2225209339563146,0.3373010691361842,0.9413968285264122,0.49999999999999994,0.8660254037844387,3303.7000000000003,3333.899999999999,3224.4,3129.8,3250.4000000000005,77.0375665936507,3238.206666666667,70.05797566318849
2018-01-21,3190.6,0,6,21,1,1,21,3,2018,-0.7818314824680299,0.6234898018587334,0.3534446712740877,0.9354554315134164,0.49999999999999994,0.8660254037844387,3303.6000000000004,3121.7,3233.6000000000004,3124.2,3260.2428571428572,60.47437080130717,3236.7733333333335,70.59330305901923
2018-01-22,3278.1,0,0,22,1,1,22,4,2018,0.0,1.0,0.3694836834473831,0.9292372181882051,0.49999999999999994,0.8660254037844387,3190.6,3166.9000000000005,3203.2000000000003,3025.1000000000004,3276.128571428572,44.314020139870316,3239.27,70.68939904916405
2018-01-23,3254.5,0,1,23,1,1,23,4,2018,0.7818314824680298,0.6234898018587336,0.38541335945432564,0.9227440286201427,0.49999999999999994,0.8660254037844387,3278.1,3243.9,3112.3,3122.8,3277.6428571428573,43.19617487479618,3244.01,66.52696808632972
2018-01-24,3233.6000000000004,0,2,24,1,1,24,4,2018,0.9749279121818236,-0.22252093395631434,0.4012289854475009,0.9159777842484877,0.49999999999999994,0.8660254037844387,3254.5,3300.8,3160.8,3165.8,3268.042857142857,44.635294597593756,3246.436666666667,64.68946768899838
2018-01-25,3250.4000000000005,0,3,25,1,1,25,4,2018,0.43388373911755823,-0.900968867902419,0.4169258813287287,0.908940487313808,0.49999999999999994,0.8660254037844387,3233.6000000000004,3312.2,3237.9000000000005,3166.8000000000006,3259.214285714286,40.35192802385745,3246.8533333333335,64.67284103715406
2018-01-26,3104.4999999999995,0,4,26,1,1,26,4,2018,-0.433883739117558,-0.9009688679024191,0.4324994021339788,0.901634220265486,0.49999999999999994,0.8660254037844387,3250.4000000000005,3303.7000000000003,3238.5000000000005,2838.3,3230.757142857143,65.90212078388734,3242.3866666666668,69.70154964553821
2018-01-27,3187.8,0,5,27,1,1,27,4,2018,-0.9749279121818236,-0.2225209339563146,0.44794493940789115,0.8940611451454876,0.49999999999999994,0.8660254037844387,3104.4999999999995,3303.6000000000004,3230.399999999999,2856.100000000001,3214.214285714286,58.7113114760918,3240.9666666666667,70.3847570358059
2018-01-28,3147.4,0,6,28,1,1,28,4,2018,-0.7818314824680299,0.6234898018587334,0.4632579225674917,0.88622350294858,0.49999999999999994,0.8660254037844387,3187.8,3190.6,3232.6,2978.1,3208.0428571428574,63.668434281157765,3238.1266666666666,72.42336226867529
2018-01-29,3242.5,0,0,29,1,1,29,5,2018,0.0,1.0,0.4784338202547012,0.8781236129591848,0.49999999999999994,0.8660254037844387,3147.4,3278.1,3219.7000000000003,2942.8,3202.957142857143,58.33846235958556,3238.8866666666668,72.34291297336728
2018-01-30,3265.7,0,1,30,1,1,30,5,2018,0.7818314824680298,0.6234898018587336,0.49346814167723735,0.8697638720650646,0.49999999999999994,0.8660254037844387,3242.5,3254.5,3115.9,3045.1,3204.5571428571425,60.11424837047737,3243.88,68.6361340443402
2018-01-31,3272.8,0,2,31,1,1,31,5,2018,0.9749279121818236,-0.22252093395631434,0.5083564379375122,0.8611467540480452,0.49999999999999994,0.8660254037844387,3265.7,3233.6000000000004,3122.500000000002,3095.9,3210.1571428571433,64.90559444670978,3248.89,64.85179576383383
2018-02-01,3270.3,0,3,1,2,1,32,5,2018,0.43388373911755823,-0.900968867902419,0.5230943033491326,0.8522748088519838,0.8660254037844386,0.5000000000000001,3272.8,3250.4000000000005,3208.8,3103.2,3213.0,67.35171366296409,3250.94,64.51196414032275
2018-02-02,3287.7,0,4,2,2,1,33,5,2018,-0.433883739117558,-0.9009688679024191,0.5376773767406141,0.8431506618282,0.8660254037844386,0.5000000000000001,3270.3,3104.4999999999995,3294.9,3111.0000000000005,3239.171428571429,52.010823049536825,3250.7,64.35598731624886
2018-02-03,3282.5,0,5,3,2,1,34,5,2018,-0.9749279121818236,-0.2225209339563146,0.5521013427459208,0.8337770129585915,0.8660254037844386,0.5000000000000001,3287.7,3187.8,3258.3000000000006,3127.0999999999995,3252.7000000000003,48.62773557005473,3251.5066666666667,64.6057162696425
2018-02-04,3167.6,0,6,4,2,1,35,5,2018,-0.7818314824680299,0.6234898018587334,0.5663619330814524,0.8241566360566663,0.8660254037844386,0.5000000000000001,3282.5,3147.4,3273.0,3091.500000000001,3255.585714285714,41.39961467504974,3247.9933333333333,66.24175125399626
2018-02-05,3254.1000000000004,0,0,5,2,1,36,6,2018,0.0,1.0,0.580454927809098,0.8142923779467267,0.8660254037844386,0.5000000000000001,3167.6,3242.5,3244.4000000000005,2989.0,3257.242857142857,41.018932910880956,3248.316666666667,66.24728014369869
2018-02-06,3304.4,0,1,6,2,1,37,6,2018,0.7818314824680298,0.6234898018587336,0.5943761565849831,0.804187157621448,0.8660254037844386,0.5000000000000001,3254.1000000000004,3265.7,3138.9,3078.6,3262.7714285714287,44.78398948608984,3253.8333333333335,63.66200801395383
2018-02-07,3297.8,0,2,7,2,1,38,6,2018,0.9749279121818236,-0.22252093395631434,0.6081214998935418,0.7938439653781019,0.8660254037844386,0.5000000000000001,3304.4,3272.8,3251.800000000001,3137.1000000000004,3266.3428571428567,46.67400622559994,3255.366666666667,64.16333862097116
2018-02-08,3285.9000000000005,0,3,8,2,1,39,6,2018,0.43388373911755823,-0.900968867902419,0.6216868902665479,0.7832658619336791,0.8660254037844386,0.5000000000000001,3297.8,3270.3,3300.3,3179.200000000001,3268.5714285714284,47.26315387582803,3254.8866666666663,63.868791868279054
2018-02-09,3315.5,0,4,9,2,1,40,6,2018,-0.433883739117558,-0.9009688679024191,0.6350683134867438,0.7724559775191742,0.8660254037844386,0.5000000000000001,3285.9000000000005,3287.7,3308.7,3183.4,3272.542857142857,50.21423626636178,3255.1133333333332,64.07808132074517
2018-02-10,3305.6,0,5,10,2,1,41,6,2018,-0.9749279121818236,-0.2225209339563146,0.6482618097757122,0.7614175109532997,0.8660254037844386,0.5000000000000001,3315.5,3282.5,3317.4,3195.5,3275.842857142857,51.714306761417554,3254.7200000000003,63.71776345189189
2018-02-11,3089.7000000000003,0,6,11,2,1,42,6,2018,-0.7818314824680299,0.6234898018587334,0.6612634749656386,0.7501537286959042,0.8660254037844386,0.5000000000000001,3305.6,3167.6,3355.6000000000004,3148.4,3264.714285714286,79.69938160723643,3245.8566666666666,67.57797888281337
2018-02-12,3100.3000000000006,0,0,12,2,1,43,7,2018,0.0,1.0,0.6740694616546161,0.7386679638813748,0.8660254037844386,0.5000000000000001,3089.7000000000003,3254.1000000000004,3333.899999999999,3034.8,3242.7428571428577,101.36743160641221,3238.07,70.4793594142938
2018-02-13,3156.9,0,1,13,2,1,44,7,2018,0.7818314824680298,0.6234898018587336,0.6866759803451553,0.726963615332308,0.8660254037844386,0.5000000000000001,3100.3000000000006,3304.4,3121.7,3133.4,3221.671428571429,101.74436453332538,3239.2433333333333,68.74695069518341
2018-02-14,3177.2000000000003,0,2,14,2,1,45,7,2018,0.9749279121818236,-0.22252093395631434,0.6990793005655562,0.7150441465537444,0.8660254037844386,0.5000000000000001,3156.9,3297.8,3166.9000000000005,3187.9,3204.4428571428575,96.79521092051684,3239.586666666667,68.39803250515058
2018-02-15,3232.2000000000007,0,3,15,2,1,46,7,2018,0.43388373911755823,-0.900968867902419,0.7112757519738152,0.7029130847082615,0.8660254037844386,0.5000000000000001,3177.2000000000003,3285.9000000000005,3243.9,3200.500000000001,3196.7714285714287,91.2314951882857,3239.196666666667,68.40594591687577
2018-02-16,3285.4,0,4,16,2,1,47,7,2018,-0.433883739117558,-0.9009688679024191,0.7232617254437388,0.6905740195722294,0.8660254037844386,0.5000000000000001,3232.2000000000007,3315.5,3300.8,3213.2999999999997,3192.471428571429,85.21368658236108,3238.6833333333334,67.984202441524
2018-02-17,3281.7000000000003,0,5,17,2,1,48,7,2018,-0.9749279121818236,-0.2225209339563146,0.7350336741329412,0.6780306024735382,0.8660254037844386,0.5000000000000001,3285.4,3305.6,3312.2,3200.4,3189.0571428571434,80.26030270613666,3237.6666666666665,67.06878267268856
2018-02-18,3185.7,0,6,18,2,1,49,7,2018,-0.7818314824680299,0.6234898018587334,0.746588114532413,0.6652865452111116,0.8660254037844386,0.5000000000000001,3281.7000000000003,3089.7000000000003,3303.7000000000003,3202.4,3202.7714285714287,67.6672671801037,3233.733333333334,66.52052487680768
2018-02-19,3276.7,0,0,19,2,1,50,8,2018,0.0,1.0,0.7579216274973472,0.6523456189565257,0.8660254037844386,0.5000000000000001,3185.7,3100.3000000000006,3303.6000000000004,3128.8,3227.9714285714285,54.76147411843052,3232.836666666667,65.72279551704753
2018-02-20,3346.9,0,1,20,2,1,51,8,2018,0.7818314824680298,0.6234898018587336,0.7690308592589181,0.6392116531380588,0.8660254037844386,0.5000000000000001,3276.7,3156.9,3190.6,3216.7000000000003,3255.1142857142863,60.454705594981625,3238.0466666666666,68.39975667094583
2018-02-21,3351.0,0,2,21,2,1,52,8,2018,0.9749279121818236,-0.22252093395631434,0.7799125224167177,0.6258885343075018,0.8660254037844386,0.5000000000000001,3346.9,3177.2000000000003,3278.1,3257.2,3279.9428571428575,58.78896883895245,3240.476666666667,71.11290529047096
2018-02-22,3379.8,0,3,22,2,1,53,8,2018,0.43388373911755823,-0.900968867902419,0.7905633969115482,0.612380204990065,0.8660254037844386,0.5000000000000001,3351.0,3232.2000000000007,3254.5,3298.2,3301.0285714285715,64.95726067415539,3244.6533333333336,75.50869204742959
2018-02-23,3388.8,0,4,23,2,1,54,8,2018,-0.433883739117558,-0.9009688679024191,0.8009803309782905,0.5986906625177214,0.8660254037844386,0.5000000000000001,3379.8,3285.4,3233.6000000000004,3281.9,3315.7999999999997,72.16749037254317,3249.826666666667,79.91342269254703
2018-02-24,3355.3000000000006,0,5,24,2,1,55,8,2018,-0.9749279121818236,-0.2225209339563146,0.8111602420785621,0.5848239578463322,0.8660254037844386,0.5000000000000001,3388.8,3281.7000000000003,3250.4000000000005,3191.600000000001,3326.3142857142857,71.73152325565006,3253.3233333333337,82.20160113943018
2018-02-25,3311.0,0,6,25,2,1,56,8,2018,-0.7818314824680299,0.6234898018587334,0.8211001178128892,0.5707841943569036,0.8660254037844386,0.5000000000000001,3355.3000000000006,3185.7,3104.4999999999995,3232.2,3344.214285714286,38.92674438706404,3260.206666666667,77.83997702330984
2018-02-26,3361.899999999999,0,0,26,2,1,57,9,2018,0.0,1.0,0.8307970168121247,0.5565755266413303,0.8660254037844386,0.5000000000000001,3311.0,3276.7,3187.8,3161.7000000000003,3356.3857142857146,25.197051981844716,3266.01,78.74035178992335
2018-02-27,3428.5,0,1,27,2,1,58,9,2018,0.7818314824680298,0.6234898018587336,0.8402480696078469,0.5422021592729844,0.8660254037844386,0.5000000000000001,3361.899999999999,3346.9,3147.4,3257.7,3368.042857142857,36.44314554408251,3275.38,80.83657587998684
2018-02-28,3456.6000000000004,0,2,28,2,1,59,9,2018,0.9749279121818236,-0.22252093395631434,0.8494504794814806,0.527668345562516,0.8660254037844386,0.5000000000000001,3428.5,3351.0,3242.5,3298.7,3383.128571428572,48.179307947395905,3282.5166666666673,87.0460919653355
2018-03-01,3426.4,0,3,1,3,1,60,9,2018,0.43388373911755823,-0.900968867902419,0.8584015232918917,0.512978386299228,1.0,6.123233995736766e-17,3456.6000000000004,3379.8,3265.7,3307.5000000000005,3389.785714285714,50.791384721318984,3287.8733333333334,90.83756603024824
2018-03-02,3123.5,0,4,2,3,1,61,9,2018,-0.433883739117558,-0.9009688679024191,0.8670985522812081,0.4981366284784055,1.0,6.123233995736766e-17,3426.4,3388.8,3272.8,3302.9,3351.8857142857146,112.79097819377732,3282.896666666667,95.6539758293135
2018-03-03,3190.1,0,5,3,3,1,62,9,2018,-0.9749279121818236,-0.2225209339563146,0.8755389928586302,0.4831474640149687,1.0,6.123233995736766e-17,3123.5,3355.3000000000006,3270.3,3327.6000000000004,3328.285714285714,128.18935770404613,3280.223333333334,97.12752968643534
2018-03-04,3293.4999999999995,0,6,4,3,1,63,9,2018,-0.7818314824680299,0.6234898018587334,0.8837203473619977,0.4680153284438345,1.0,6.123233995736766e-17,3190.1,3311.0,3287.7,3297.0,3325.785714285714,128.7520670199482,3280.416666666667,97.14869542608061
2018-03-05,3358.2000000000003,0,0,5,3,1,64,10,2018,0.0,1.0,0.8916401947968874,0.45274469960737107,1.0,6.123233995736766e-17,3293.4999999999995,3361.899999999999,3282.5,3185.7000000000003,3325.2571428571428,128.5865837629028,3282.9400000000005,98.18228859170229
2018-03-06,3419.5000000000005,0,1,6,3,1,65,10,2018,0.7818314824680298,0.6234898018587336,0.8992961915530253,0.4373400963303323,1.0,6.123233995736766e-17,3358.2000000000003,3428.5,3167.6,3278.9,3323.971428571429,127.4219462296699,3291.336666666667,98.74790083612449
2018-03-07,3440.4999999999995,0,2,7,3,1,66,10,2018,0.9749279121818236,-0.22252093395631434,0.9066860720977985,0.4218060770826634,1.0,6.123233995736766e-17,3419.5000000000005,3456.6000000000004,3254.1000000000004,3292.7,3321.6714285714284,124.74617848905643,3297.55,102.13045325836679
2018-03-08,3456.7000000000003,0,3,8,3,1,67,10,2018,0.43388373911755823,-0.900968867902419,0.9138076496466615,0.40614723863057883,1.0,6.123233995736766e-17,3440.4999999999995,3426.4,3304.4,3239.5,3326.0,129.4238128527274,3302.6266666666666,106.18735535261446
2018-03-09,3458.9,0,4,9,3,1,68,10,2018,-0.433883739117558,-0.9009688679024191,0.9206588168102428,0.3903682146763026,1.0,6.123233995736766e-17,3456.7000000000003,3123.5,3297.8,3214.0,3373.914285714286,100.90329410831477,3307.9966666666664,109.94196426182279
2018-03-10,3437.499999999999,0,5,10,3,1,69,10,2018,-0.9749279121818236,-0.2225209339563146,0.9272375462179537,0.374473674486883,1.0,6.123233995736766e-17,3458.9,3190.1,3285.9000000000005,3063.8,3409.2571428571428,61.37382333275596,3313.05,112.34899367289016
2018-03-11,3347.0,0,6,11,3,1,70,10,2018,-0.7818314824680299,0.6234898018587334,0.9335418911179212,0.35846832151248087,1.0,6.123233995736766e-17,3437.499999999999,3293.4999999999995,3315.5,3030.8,3416.9000000000005,45.94892091591962,3314.1,112.51974845823383
2018-03-12,3458.3,0,0,12,3,1,71,11,2018,0.0,1.0,0.9395699859530622,0.342356891994542,1.0,6.123233995736766e-17,3347.0,3358.2000000000003,3305.6,2974.900000000001,3431.2000000000003,39.80087938732063,3319.19,115.53537553494493
2018-03-13,3498.7000000000003,0,1,13,3,1,72,11,2018,0.7818314824680298,0.6234898018587336,0.945320046913132,0.3261441535642696,1.0,6.123233995736766e-17,3458.3,3419.5000000000005,3089.7000000000003,2805.8,3442.514285714286,46.59744015045704,3332.8233333333333,111.58519455411133
2018-03-14,3500.9,0,2,14,3,1,73,11,2018,0.9749279121818236,-0.22252093395631434,0.9507903724625832,0.3098349038318025,1.0,6.123233995736766e-17,3498.7000000000003,3440.4999999999995,3100.3000000000006,2982.5000000000005,3451.1428571428573,51.496920851122816,3346.1766666666667,106.66087633350179
2018-03-15,3485.4,0,3,15,3,1,74,11,2018,0.43388373911755823,-0.900968867902419,0.9559793438440766,0.2934339689665273,1.0,6.123233995736766e-17,3500.9,3456.7000000000003,3156.9,3094.6,3455.2428571428572,53.12971099563896,3357.1266666666666,103.37079869571069
2018-03-16,3425.2,0,4,16,3,1,75,11,2018,-0.433883739117558,-0.9009688679024191,0.9608854255574977,0.27694620226893646,1.0,6.123233995736766e-17,3485.4,3458.9,3177.2000000000003,3132.5000000000005,3450.4285714285716,54.25795530878096,3365.393333333333,98.2765939557372
2018-03-17,3316.6,0,5,17,3,1,76,11,2018,-0.9749279121818236,-0.2225209339563146,0.9655071658143364,0.2603764827344581,1.0,6.123233995736766e-17,3425.2,3437.499999999999,3232.2000000000007,3190.7000000000003,3433.157142857143,74.51887584462683,3368.2066666666665,95.50108478652432
2018-03-18,3235.3,0,6,18,3,1,77,11,2018,-0.7818314824680299,0.6234898018587334,0.969843196967294,0.24372971360968387,1.0,6.123233995736766e-17,3316.6,3347.0,3285.4,3194.399999999999,3417.2,102.68102713421526,3366.536666666667,97.41783977151073
2018-03-19,3393.2999999999997,0,0,19,3,1,78,12,2018,0.0,1.0,0.9738922359149924,0.22701082094141847,1.0,6.123233995736766e-17,3235.3,3458.3,3281.7000000000003,3075.3,3407.914285714286,101.2742058073472,3370.256666666667,96.1895925380926
2018-03-20,3445.8,0,1,20,3,1,79,12,2018,0.7818314824680298,0.6234898018587336,0.9776530844816641,0.2102247521189836,1.0,6.123233995736766e-17,3393.2999999999997,3498.7000000000003,3185.7,3205.9,3400.3571428571427,95.15977541559793,3378.9266666666663,90.53695352740533
2018-03-21,3449.0000000000005,0,2,21,3,1,80,12,2018,0.9749279121818236,-0.22252093395631434,0.981124629771712,0.19337647441020586,1.0,6.123233995736766e-17,3445.8,3500.9,3276.7,3262.4,3392.9428571428575,87.75416148050796,3384.6699999999996,89.28483344196349
2018-03-22,3479.6000000000004,0,3,22,3,1,81,12,2018,0.43388373911755823,-0.900968867902419,0.984305844499033,0.17647097349152166,1.0,6.123233995736766e-17,3449.0000000000005,3485.4,3346.9,3301.6000000000004,3392.1142857142854,86.75740945442246,3389.0933333333332,90.62613969160789
2018-03-23,3523.0999999999995,0,4,23,3,1,82,12,2018,-0.433883739117558,-0.9009688679024191,0.9871957872910085,0.15951325197263655,1.0,6.123233995736766e-17,3479.6000000000004,3425.2,3351.0,3359.4,3406.1,99.87865971603146,3394.8300000000004,93.53207508104383
2018-03-24,3516.2000000000003,0,5,24,3,1,83,12,2018,-0.9749279121818236,-0.2225209339563146,0.9897936029670716,0.14250832791617088,1.0,6.123233995736766e-17,3523.0999999999995,3316.6,3379.8,3415.2000000000003,3434.6142857142863,98.55183794282472,3399.3766666666666,96.05742421659518
2018-03-25,3387.2,0,6,25,3,1,84,12,2018,-0.7818314824680299,0.6234898018587334,0.992098522791769,0.12546123335273648,1.0,6.123233995736766e-17,3516.2000000000003,3235.3,3388.8,3392.6000000000004,3456.3142857142857,54.00692636358821,3399.3233333333333,96.06394308438536
2018-03-26,3522.2,0,0,26,3,1,85,13,2018,0.0,1.0,0.9941098647022418,0.10837701279187609,1.0,6.123233995736766e-17,3387.2,3393.2999999999997,3355.3000000000006,3290.7,3474.7285714285717,50.82160676611427,3404.8866666666663,98.23480924360216
2018-03-27,3560.4000000000005,0,1,27,3,1,86,13,2018,0.7818314824680298,0.6234898018587336,0.9958270335100595,0.09126072172931188,1.0,6.123233995736766e-17,3522.2,3445.8,3311.0,3388.1000000000004,3491.1,57.91312459195905,3413.2,100.54139651801911
2018-03-28,3593.5,0,2,28,3,1,87,13,2018,0.9749279121818236,-0.22252093395631434,0.9972495210773451,0.07411742515094437,1.0,6.123233995736766e-17,3560.4000000000005,3449.0000000000005,3361.899999999999,3479.2000000000003,3511.7428571428572,65.6430208817348,3420.92,105.24799088917234
2018-03-29,3594.6,0,3,29,3,1,88,13,2018,0.43388373911755823,-0.900968867902419,0.998376906467142,0.056952196034039754,1.0,6.123233995736766e-17,3593.5,3479.6000000000004,3428.5,3488.2,3528.171428571429,70.47090922943066,3426.4566666666665,109.92547532959395
2018-03-30,3514.6,0,4,30,3,1,89,13,2018,-0.433883739117558,-0.9009688679024191,0.9992088560679753,0.03977011384605572,1.0,6.123233995736766e-17,3594.6,3523.0999999999995,3456.6000000000004,3493.9,3526.9571428571426,70.64587407494606,3428.39,110.9789024684594
2018-03-31,3418.8,0,5,31,3,1,90,13,2018,-0.9749279121818236,-0.2225209339563146,0.9997451236925734,0.022576263041545485,1.0,6.123233995736766e-17,3514.6,3516.2000000000003,3426.4,3519.1,3513.0428571428574,81.82505437708672,3428.1366666666668,110.99227523084622
2018-04-01,3343.6,0,6,1,4,2,91,13,2018,-0.7818314824680299,0.6234898018587334,0.9999855506507186,0.005375731557583884,0.8660254037844387,-0.4999999999999998,3418.8,3387.2,3123.5,3445.5999999999995,3506.8142857142857,93.78604069143306,3435.4733333333334,96.48788000835178
2018-04-02,3350.2000000000003,0,0,2,4,2,92,14,2018,0.0,1.0,0.9999300657962057,-0.011826390691832589,0.8660254037844387,-0.4999999999999998,3343.6,3522.2,3190.1,3300.9,3482.2428571428572,110.18163575272736,3440.8099999999995,86.34263880529932
2018-04-03,3494.6,0,1,3,4,2,93,14,2018,0.7818314824680298,0.6234898018587336,0.9995786855478958,-0.029025013321975237,0.8660254037844387,-0.4999999999999998,3350.2000000000003,3560.4000000000005,3293.4999999999995,3419.4999999999995,3472.8428571428567,105.09170371860976,3447.5133333333333,82.21954937148972
2018-04-04,3557.0000000000005,0,2,4,4,2,94,14,2018,0.9749279121818236,-0.22252093395631434,0.9989315138848577,-0.046215046983708354,0.8660254037844387,-0.4999999999999998,3494.6,3593.5,3358.2000000000003,3416.7,3467.628571428572,98.82607136255236,3454.14,82.78235944017892
2018-04-05,3543.2,0,3,5,4,2,95,14,2018,0.43388373911755823,-0.900968867902419,0.9979887423155984,-0.06339140486951038,0.8660254037844387,-0.4999999999999998,3557.0000000000005,3594.6,3419.5000000000005,3362.2,3460.285714285714,89.26685515114428,3458.2633333333333,84.06818859315055
2018-04-06,3502.1,0,4,6,4,2,96,14,2018,-0.433883739117558,-0.9009688679024191,0.9967506498213929,-0.08054900421874167,0.8660254037844387,-0.4999999999999998,3543.2,3514.6,3440.4999999999995,3375.2000000000003,3458.5000000000005,88.11687314775355,3460.3166666666666,84.37109769605325
2018-04-07,3386.7,0,5,7,4,2,97,14,2018,-0.9749279121818236,-0.2225209339563146,0.9952176027737294,-0.09768276782171598,0.8660254037844387,-0.4999999999999998,3502.1,3418.8,3456.7000000000003,3447.1000000000004,3453.9142857142856,91.30484522690324,3457.983333333333,85.43579595161067
2018-04-08,3265.8,0,6,8,4,2,98,14,2018,-0.7818314824680299,0.6234898018587334,0.9933900548258936,-0.11478762552212701,0.8660254037844387,-0.4999999999999998,3386.7,3343.6,3458.9,3368.5000000000005,3442.8,109.82751628502474,3451.546666666667,92.35793464534737
2018-04-09,3361.8,0,0,9,4,2,99,15,2018,0.0,1.0,0.9912685467787256,-0.13185851571739118,0.8660254037844387,-0.4999999999999998,3265.8,3350.2000000000003,3437.499999999999,3251.9,3444.457142857143,108.27397128186854,3449.0233333333335,93.77813024710997
2018-04-10,3449.8,0,1,10,4,2,100,15,2018,0.7818314824680298,0.6234898018587336,0.9888537064205885,-0.1488903868564548,0.8660254037844387,-0.4999999999999998,3361.8,3494.6,3347.0,3320.1000000000004,3438.057142857143,106.11867346111583,3452.4500000000003,91.77847674211897
2018-04-11,3375.5,0,2,11,4,2,101,15,2018,0.9749279121818236,-0.22252093395631434,0.986146248341595,-0.16587819893463143,0.8660254037844387,-0.4999999999999998,3449.8,3557.0000000000005,3458.3,3503.4000000000005,3412.128571428572,93.65450183675064,3449.6900000000005,92.83539882966146
2018-04-12,3370.9,0,3,12,4,2,102,15,2018,0.43388373911755823,-0.900968867902419,0.9831469737221499,-0.1828169249850199,0.8660254037844387,-0.4999999999999998,3375.5,3543.2,3498.7000000000003,3451.0999999999995,3387.514285714286,74.05631705156875,3445.4300000000003,93.43915279936098
2018-04-13,3469.4,0,4,13,4,2,103,15,2018,-0.433883739117558,-0.9009688679024191,0.9798567700958665,-0.1997015525660636,0.8660254037844387,-0.4999999999999998,3370.9,3502.1,3500.9,3506.2000000000003,3382.8428571428567,66.24280733644923,3444.3799999999997,92.97013758599525
2018-04-14,3469.2,0,5,14,4,2,104,15,2018,-0.9749279121818236,-0.2225209339563146,0.9762766110869321,-0.21652708524481437,0.8660254037844387,-0.4999999999999998,3469.4,3386.7,3485.4,3485.2,3394.628571428572,73.93579904861177,3443.8400000000006,92.77049768854093
2018-04-15,3359.1,0,6,15,4,2,105,15,2018,-0.7818314824680299,0.6234898018587334,0.9724075561219968,-0.23328854407545518,0.8660254037844387,-0.4999999999999998,3469.2,3265.8,3425.2,3475.9,3407.9571428571426,51.995091343450454,3441.6366666666668,94.00520338985548
2018-04-16,3522.4999999999995,0,0,16,4,2,106,16,2018,0.0,1.0,0.9682507501166718,-0.2499809690726521,0.8660254037844387,-0.4999999999999998,3359.1,3361.8,3316.6,3363.6000000000004,3430.9142857142856,62.61164504500874,3448.5,92.05768806044786
2018-04-17,3582.8,0,1,17,4,2,107,16,2018,0.7818314824680298,0.6234898018587336,0.9638074231367307,-0.26659942067929354,0.8660254037844387,-0.4999999999999998,3522.4999999999995,3449.8,3235.3,3502.6,3449.914285714286,85.34919309465513,3460.0833333333335,85.96730767277712
2018-04-18,3568.8,0,2,18,4,2,108,16,2018,0.9749279121818236,-0.22252093395631434,0.9590788900341131,-0.28313898122818354,0.8660254037844387,-0.4999999999999998,3582.8,3375.5,3393.2999999999997,3573.4,3477.5285714285715,88.47353115078833,3465.9333333333334,87.22811684208386
2018-04-19,3649.400000000001,0,3,19,4,2,109,16,2018,0.43388373911755823,-0.900968867902419,0.9540665500578387,-0.2995947563972602,0.8660254037844387,-0.4999999999999998,3568.8,3370.9,3445.8,3578.7000000000007,3517.3142857142857,94.91681320279883,3472.7200000000003,93.31564676427313
2018-04-20,3573.1000000000004,0,4,20,4,2,110,16,2018,-0.433883739117558,-0.9009688679024191,0.9487718864399473,-0.31596187665790293,0.8660254037844387,-0.4999999999999998,3649.400000000001,3469.4,3449.0000000000005,3566.2999999999997,3532.128571428572,94.28258436365219,3476.856666666667,94.9639920265007
2018-04-21,3592.9999999999995,0,5,21,4,2,111,16,2018,-0.9749279121818236,-0.2225209339563146,0.9431964659565866,-0.33223549871590435,0.8660254037844387,-0.4999999999999998,3573.1000000000004,3469.2,3479.6000000000004,3566.4000000000005,3549.8142857142857,92.0969313381727,3480.6366666666668,97.3050180629445
2018-04-22,3438.8,0,6,22,4,2,112,16,2018,-0.7818314824680299,0.6234898018587334,0.9373419384643772,-0.3484108069446808,0.8660254037844387,-0.4999999999999998,3592.9999999999995,3359.1,3523.0999999999995,3469.599999999999,3561.2,65.74681234353928,3477.826666666667,97.25367091142222
2018-04-23,3582.2000000000003,0,0,23,4,2,113,17,2018,0.0,1.0,0.9312100364121947,-0.3644830148102912,0.8660254037844387,-0.4999999999999998,3438.8,3522.4999999999995,3516.2000000000003,3341.8,3569.7285714285717,63.73122505979479,3480.0266666666666,98.8844847958132
2018-04-24,3617.000000000001,0,1,24,4,2,114,17,2018,0.7818314824680298,0.6234898018587336,0.9248025743285089,-0.38044736628785164,0.8660254037844387,-0.4999999999999998,3582.2000000000003,3582.8,3387.2,3410.2999999999997,3574.6142857142863,66.16475468032742,3487.686666666667,100.33576985623675
2018-04-25,3639.2,0,2,25,4,2,115,17,2018,0.9749279121818236,-0.22252093395631434,0.9181214482844365,-0.39629913726891813,0.8660254037844387,-0.4999999999999998,3617.000000000001,3568.8,3522.2,3517.4,3584.671428571429,70.35165750917878,3491.586666666667,103.93292841633686
2018-04-26,3650.999999999999,0,3,26,4,2,116,17,2018,0.43388373911755823,-0.900968867902419,0.9111686353326631,-0.41203363695942635,0.8660254037844387,-0.4999999999999998,3639.2,3649.400000000001,3560.4000000000005,3479.0,3584.9,70.59917374400614,3494.6066666666666,107.26430113905809
2018-04-27,3674.8,0,4,27,4,2,117,17,2018,-0.433883739117558,-0.9009688679024191,0.9039461929224011,-0.42764620926777464,0.8660254037844387,-0.4999999999999998,3650.999999999999,3573.1000000000004,3593.5,3488.799999999999,3599.4285714285716,77.85742769718243,3497.3166666666666,110.81713761194924
2018-04-28,3682.4,0,5,28,4,2,118,17,2018,-0.9749279121818236,-0.2225209339563146,0.8964562582905575,-0.44313223418263453,0.8660254037844387,-0.4999999999999998,3674.8,3592.9999999999995,3594.6,3512.1,3612.2000000000003,83.73752643430653,3500.2433333333333,114.57079330335829
2018-04-29,3539.2000000000007,0,6,29,4,2,119,17,2018,-0.7818314824680299,0.6234898018587334,0.8887010478292915,-0.45848712914008766,0.8660254037844387,-0.4999999999999998,3682.4,3438.8,3514.6,3462.0000000000005,3626.5428571428574,51.4672341444431,3501.063333333333,114.76495765584133
2018-04-30,3521.6000000000004,0,0,30,4,2,120,18,2018,0.0,1.0,0.8806828564301475,-0.47370635037968,0.8660254037844387,-0.4999999999999998,3539.2000000000007,3582.2000000000003,3418.8,3283.9999999999995,3617.8857142857146,63.790475479553805,3504.49,113.75428858910638
2018-05-01,3428.2,0,1,1,5,2,121,18,2018,0.7818314824680298,0.6234898018587336,0.8724040568049612,-0.48878539428899265,0.49999999999999994,-0.8660254037844387,3521.6000000000004,3617.000000000001,3343.6,3225.7000000000007,3590.9142857142856,96.00610099662624,3507.31,110.63408263902764
2018-05-02,3474.4,0,2,2,5,2,122,18,2018,0.9749279121818236,-0.22252093395631434,0.8638670987837349,-0.503719798736334,0.49999999999999994,-0.8660254037844387,3428.2,3639.2,3350.2000000000003,3424.8,3567.371428571429,102.19852761963918,3511.4500000000003,106.80992382539216
2018-05-03,3327.6,0,3,3,5,2,123,18,2018,0.43388373911755823,-0.900968867902419,0.8550745085896932,-0.518505144391157,0.49999999999999994,-0.8660254037844387,3474.4,3650.999999999999,3494.6,3458.9,3521.171428571429,127.94709472130444,3505.883333333333,111.94667783440836
2018-05-04,3476.0000000000005,0,4,4,5,2,124,18,2018,-0.433883739117558,-0.9009688679024191,0.8460288880917339,-0.533137056031809,0.49999999999999994,-0.8660254037844387,3327.6,3674.8,3557.0000000000005,3495.3,3492.7714285714287,108.79304074383279,3503.1833333333334,111.6477066593791
2018-05-05,3606.2999999999993,0,5,5,5,2,125,18,2018,-0.9749279121818236,-0.2225209339563146,0.8367329140344921,-0.5476112038402312,0.49999999999999994,-0.8660254037844387,3476.0000000000005,3682.4,3543.2,3581.4,3481.9,88.61713528810465,3505.286666666667,113.0135931199648
2018-05-06,3479.6,0,6,6,5,2,126,18,2018,-0.7818314824680299,0.6234898018587334,0.8271893372462497,-0.5619233046832195,0.49999999999999994,-0.8660254037844387,3606.2999999999993,3539.2000000000007,3502.1,3532.299999999999,3473.3857142857146,84.98286942226474,3504.536666666667,113.11008822148078
2018-05-07,3624.6,0,0,7,5,2,127,19,2018,0.0,1.0,0.8174009818249189,-0.5760691233798758,0.49999999999999994,-0.8660254037844387,3479.6,3521.6000000000004,3386.7,3363.6000000000004,3488.1,101.94614591376275,3512.4666666666667,112.90307815764423
2018-05-08,3580.4,0,1,8,5,2,128,19,2018,0.7818314824680298,0.6234898018587336,0.8073707443023492,-0.5900444739548627,0.49999999999999994,-0.8660254037844387,3624.6,3428.2,3265.8,3487.7000000000003,3509.842857142857,103.2635117413034,3522.9533333333334,103.41370459881213
2018-05-09,3579.3,0,2,9,5,2,129,19,2018,0.9749279121818236,-0.22252093395631434,0.7971015927871943,-0.6038452208771035,0.49999999999999994,-0.8660254037844387,3580.4,3474.4,3361.8,3439.9,3524.828571428571,104.86198412336617,3530.203333333333,99.26716123094454
2018-05-10,3606.499999999999,0,3,10,5,2,130,19,2018,0.43388373911755823,-0.900968867902419,0.7865965660866021,-0.6174672802835514,0.49999999999999994,-0.8660254037844387,3579.3,3327.6,3449.8,3439.4,3564.671428571429,61.420889885192004,3535.4266666666663,99.01290383801755
2018-05-11,3650.7,0,4,11,5,2,131,19,2018,-0.433883739117558,-0.9009688679024191,0.7758587728069828,-0.6309066211876704,0.49999999999999994,-0.8660254037844387,3606.499999999999,3476.0000000000005,3375.5,3517.7000000000007,3589.628571428571,54.48766570783489,3544.6,96.39895549584202
2018-05-12,3616.2,0,5,12,5,2,132,19,2018,-0.9749279121818236,-0.2225209339563146,0.7648913904341226,-0.6441592666722685,0.49999999999999994,-0.8660254037844387,3650.7,3606.2999999999993,3370.9,3572.4000000000005,3591.042857142857,55.11735531704969,3552.7766666666666,91.43287224207941
2018-05-13,3392.9,0,6,13,5,2,133,19,2018,-0.7818314824680299,0.6234898018587334,0.753697664392914,-0.6572212950663319,0.49999999999999994,-0.8660254037844387,3616.2,3479.6,3469.4,3576.600000000001,3578.657142857143,85.62980122098826,3550.226666666667,94.84159909839076
2018-05-14,3369.7,0,0,14,5,2,134,20,2018,0.0,1.0,0.742280907086982,-0.6700888411055113,0.49999999999999994,-0.8660254037844387,3392.9,3624.6,3469.2,3440.3,3542.242857142857,112.7424181803201,3546.9099999999994,99.40295683522632
2018-05-15,3559.9,0,1,15,5,2,135,20,2018,0.7818314824680298,0.6234898018587336,0.7306444969184916,-0.6827580970759147,0.49999999999999994,-0.8660254037844387,3369.7,3580.4,3359.1,3576.7,3539.3142857142852,111.84877332917615,3553.6033333333335,92.86616429714321
2018-05-16,3574.2000000000003,0,2,16,5,2,136,20,2018,0.9749279121818236,-0.22252093395631434,0.7187918772884232,-0.6952253139408722,0.49999999999999994,-0.8660254037844387,3559.9,3579.3,3522.4999999999995,3574.7,3538.585714285714,111.56114061464876,3555.326666666667,92.74869990103879
2018-05-17,3663.1,0,3,17,5,2,137,20,2018,0.43388373911755823,-0.900968867902419,0.7067265555776158,-0.7074868024503348,0.49999999999999994,-0.8660254037844387,3574.2000000000003,3606.499999999999,3582.8,3521.2999999999997,3546.6714285714284,119.10019191541645,3558.0033333333336,94.70693264990493
2018-05-18,3684.500000000001,0,4,18,5,2,138,20,2018,-0.433883739117558,-0.9009688679024191,0.6944521021088763,-0.719538934232584,0.49999999999999994,-0.8660254037844387,3663.1,3650.7,3568.8,3526.2000000000003,3551.5000000000005,124.57976026092683,3561.86,97.4770197498361
2018-05-19,3680.4,0,5,19,5,2,139,20,2018,-0.9749279121818236,-0.2225209339563146,0.6819721490904629,-0.7313781428679254,0.49999999999999994,-0.8660254037844387,3684.500000000001,3616.2,3649.400000000001,3543.2999999999997,3560.671428571429,132.2630045816126,3562.8933333333334,98.59491465284546
2018-05-20,3591.3,0,6,20,5,2,140,20,2018,-0.7818314824680299,0.6234898018587334,0.6692903895412567,-0.7430009249440493,0.49999999999999994,-0.8660254037844387,3680.4,3392.9,3573.1000000000004,3506.4,3589.0142857142855,109.64233410765458,3563.5,98.7158024592415
2018-05-21,3753.7,0,0,21,5,2,141,21,2018,0.0,1.0,0.6564105761979381,-0.7544038410927472,0.49999999999999994,-0.8660254037844387,3591.3,3369.7,3592.9999999999995,3338.7000000000003,3643.871428571429,70.81211558969609,3568.8566666666666,104.55891816490664
2018-05-22,3825.499999999999,0,1,22,5,2,142,21,2018,0.7818314824680298,0.6234898018587336,0.6433365204044917,-0.765583517007675,0.49999999999999994,-0.8660254037844387,3753.7,3559.9,3438.8,3382.8,3681.8142857142857,87.5083315761452,3581.7466666666664,111.57353453751868
2018-05-23,3829.6,0,2,23,5,2,143,21,2018,0.9749279121818236,-0.22252093395631434,0.6300720909843687,-0.7765366444428655,0.49999999999999994,-0.8660254037844387,3825.499999999999,3574.2000000000003,3582.2000000000003,3467.0999999999995,3718.2999999999997,88.400207390418,3589.9933333333333,120.40188431717282
2018-05-24,3831.900000000001,0,3,24,5,2,144,21,2018,0.43388373911755823,-0.900968867902419,0.6166212130956382,-0.7872599821916922,0.49999999999999994,-0.8660254037844387,3829.6,3663.1,3617.000000000001,3551.9,3742.414285714286,93.69721498123731,3597.1566666666668,128.20402297021158
2018-05-25,3805.099999999999,0,4,25,5,2,145,21,2018,-0.433883739117558,-0.9009688679024191,0.6029878670694714,-0.7977503570459932,0.49999999999999994,-0.8660254037844387,3831.900000000001,3684.500000000001,3639.2,3595.5,3759.6428571428564,92.35139156402306,3602.686666666667,133.54674174192508
2018-05-26,3782.8000000000006,0,5,26,5,2,146,21,2018,-0.9749279121818236,-0.2225209339563146,0.5891760872322963,-0.8080046647350754,0.49999999999999994,-0.8660254037844387,3805.099999999999,3680.4,3650.999999999999,3583.1000000000004,3774.2714285714287,85.56823231173044,3607.08,137.30595436268464
2018-05-27,3725.400000000001,0,6,27,5,2,147,21,2018,-0.7818314824680299,0.6234898018587334,0.5751899607119775,-0.8180198708443175,0.49999999999999994,-0.8660254037844387,3782.8000000000006,3591.3,3674.8,3426.3,3793.4285714285716,41.3771963882778,3608.766666666667,138.47234339411185
2018-05-28,3828.999999999999,0,0,28,5,2,148,22,2018,0.0,1.0,0.5610336262283677,-0.8277930117131022,0.49999999999999994,-0.8660254037844387,3725.400000000001,3753.7,3682.4,3298.1000000000004,3804.1857142857143,39.04994360098015,3613.6533333333336,143.65038673527727
2018-05-29,3843.6,0,1,29,5,2,149,22,2018,0.7818314824680298,0.6234898018587336,0.5467112728685939,-0.8373211953118121,0.49999999999999994,-0.8660254037844387,3828.999999999999,3825.499999999999,3539.2000000000007,3279.5,3806.7714285714287,41.23464216271719,3623.8,148.86595451543772
2018-05-30,3844.4,0,2,30,5,2,150,22,2018,0.9749279121818236,-0.22252093395631434,0.5322271388474397,-0.8466016020976267,0.49999999999999994,-0.8660254037844387,3843.6,3829.6,3521.6000000000004,3374.5,3808.8857142857146,42.94424402920256,3634.56,152.8372237562448
2018-05-31,3857.900000000001,0,3,31,5,2,151,22,2018,0.43388373911755823,-0.900968867902419,0.5175855102531889,-0.8556314858488706,0.49999999999999994,-0.8660254037844387,3844.4,3831.900000000001,3428.2,3381.5,3812.6,46.26269195224429,3648.883333333333,152.96594861857568
2018-06-01,3722.900000000001,0,4,1,6,2,152,22,2018,-0.433883739117558,-0.9009688679024191,0.5027907197793043,-0.8644081744776648,1.2246467991473532e-16,-1.0,3857.900000000001,3805.099999999999,3474.4,3412.3000000000006,3800.8571428571436,57.54128538546199,3657.1666666666665,149.88898037140916
2018-06-02,3510.1,0,5,2,6,2,153,22,2018,-0.9749279121818236,-0.2225209339563146,0.4878471454423119,-0.8729290708206411,1.2246467991473532e-16,-1.0,3722.900000000001,3782.8000000000006,3327.6,2968.2000000000007,3761.9000000000005,124.80387280316549,3663.25,139.38766271532216
2018-06-03,3500.1000000000004,0,6,3,6,2,154,22,2018,-0.7818314824680299,0.6234898018587334,0.47275920928627757,-0.881191653407483,1.2246467991473532e-16,-1.0,3510.1,3725.400000000001,3476.0000000000005,3006.3,3729.714285714286,159.90183893639383,3664.0533333333337,138.33675735964263
2018-06-04,3733.1,0,0,4,6,2,155,23,2018,0.0,1.0,0.4575313760742512,-0.8891934772070711,1.2246467991473532e-16,-1.0,3500.1000000000004,3828.999999999999,3606.2999999999993,3385.3,3716.014285714286,153.9759551420522,3668.28,138.44839048390995
2018-06-05,3784.099999999999,0,1,5,6,2,156,23,2018,0.7818314824680298,0.6234898018587336,0.44216815196707204,-0.8969321743510065,1.2246467991473532e-16,-1.0,3733.1,3843.6,3479.6,3522.2000000000003,3707.5142857142855,147.25452374004448,3678.43,135.26400787935103
2018-06-06,3675.400000000001,0,2,6,6,2,157,23,2018,0.9749279121818236,-0.22252093395631434,0.42667408318992467,-0.9044054548343001,1.2246467991473532e-16,-1.0,3784.099999999999,3844.4,3624.6,3490.9,3683.371428571429,134.3607422114877,3680.123333333334,134.8843302249331
2018-06-07,3712.8,0,3,7,6,2,158,23,2018,0.43388373911755823,-0.900968867902419,0.4110537546870351,-0.9116111071930239,1.2246467991473532e-16,-1.0,3675.400000000001,3857.900000000001,3580.4,3266.2,3662.642857142858,112.33503248680924,3684.5366666666664,133.6694829725911
2018-06-08,3700.0,0,4,8,6,2,159,23,2018,-0.433883739117558,-0.9009688679024191,0.3953117887649151,-0.9185469991587165,1.2246467991473532e-16,-1.0,3712.8,3722.900000000001,3579.3,3279.7,3659.371428571429,110.60792187251035,3688.56,132.20114402968494
2018-06-09,3495.1,0,5,9,6,2,160,23,2018,-0.9749279121818236,-0.2225209339563146,0.37945284372454435,-0.925211078289358,1.2246467991473532e-16,-1.0,3700.0,3510.1,3606.499999999999,3284.9000000000005,3657.2285714285713,114.07283805076203,3684.846666666667,136.09281754929114
2018-06-10,3362.6,0,6,10,6,2,161,23,2018,-0.7818314824680299,0.6234898018587334,0.36348161248290634,-0.9316013725767187,1.2246467991473532e-16,-1.0,3495.1,3500.1000000000004,3650.7,3226.6,3637.585714285714,151.37777719524965,3675.2433333333333,148.21077647852317
2018-06-11,3581.9,0,0,11,6,2,162,24,2018,0.0,1.0,0.3474028211842774,-0.9377159910299093,1.2246467991473532e-16,-1.0,3362.6,3733.1,3616.2,3100.8000000000006,3615.9857142857145,146.17534480402247,3674.1,148.81303242891263
2018-06-12,3642.4,0,1,12,6,2,163,24,2018,0.7818314824680298,0.6234898018587336,0.3312212278016865,-0.9435531242349544,1.2246467991473532e-16,-1.0,3581.9,3784.099999999999,3392.9,3282.2,3595.7428571428577,127.6520512584106,3682.4166666666665,139.21834521239316
2018-06-13,3673.8,0,2,13,6,2,164,24,2018,0.9749279121818236,-0.22252093395631434,0.31494162072895193,-0.9491110448902284,1.2246467991473532e-16,-1.0,3642.4,3675.400000000001,3369.7,3357.2,3595.514285714286,127.48697225693994,3692.5533333333337,126.11853410057152
2018-06-14,3733.999999999998,0,3,14,6,2,165,24,2018,0.43388373911755823,-0.900968867902419,0.2985688173637202,-0.9543881083175908,1.2246467991473532e-16,-1.0,3673.8,3712.8,3559.9,3436.4000000000005,3598.5428571428565,130.94255556214878,3698.3566666666666,123.7880855592961
2018-06-15,3799.0,0,4,15,6,2,166,24,2018,-0.433883739117558,-0.9009688679024191,0.2821076626819194,-0.9593827529490743,1.2246467991473532e-16,-1.0,3733.999999999998,3700.0,3574.2000000000003,3422.799999999999,3612.685714285714,147.96682543251,3705.85,122.8134153909857
2018-06-16,3743.599999999999,0,5,16,6,2,167,24,2018,-0.9749279121818236,-0.2225209339563146,0.26556302780405594,-0.9640935007889755,1.2246467991473532e-16,-1.0,3799.0,3495.1,3663.1,3364.7999999999997,3648.185714285714,144.83064165399506,3708.5333333333333,122.72655428404876
2018-06-17,3494.9,0,6,17,6,2,168,24,2018,-0.7818314824680299,0.6234898018587334,0.24893980855376657,-0.9685189578512204,1.2246467991473532e-16,-1.0,3743.599999999999,3362.6,3684.500000000001,3403.2000000000003,3667.085714285714,104.31708758352008,3702.213333333333,128.74135185774512
2018-06-18,3653.9,0,0,18,6,2,169,25,2018,0.0,1.0,0.23224292400907015,-0.9726578145718654,1.2246467991473532e-16,-1.0,3494.9,3581.9,3680.4,3380.100000000001,3677.371428571428,97.86812069117308,3701.33,128.9868588601936
2018-06-19,3753.499999999999,0,1,19,6,2,170,25,2018,0.7818314824680298,0.6234898018587336,0.21547731504673012,-0.976508846196619,1.2246467991473532e-16,-1.0,3653.9,3642.4,3591.3,3403.3,3693.242857142857,100.23161273011144,3706.736666666666,127.60780833132912
2018-06-20,3853.000000000001,0,2,20,6,2,171,25,2018,0.9749279121818236,-0.22252093395631434,0.19864794288017112,-0.9800709131432666,1.2246467991473532e-16,-1.0,3753.499999999999,3673.8,3753.7,3296.600000000001,3718.8428571428567,116.0711399263927,3710.0466666666666,130.1309095072888
2018-06-21,3857.1,0,3,21,6,2,172,25,2018,0.43388373911755823,-0.900968867902419,0.18175978759137534,-0.9833429613388902,1.2246467991473532e-16,-1.0,3853.000000000001,3733.999999999998,3825.499999999999,3296.2,3736.4285714285716,127.51179964074551,3711.1,131.22098759804274
2018-06-22,3883.6,0,4,22,6,2,173,25,2018,-0.433883739117558,-0.9009688679024191,0.16481784665719793,-0.9863240225317866,1.2246467991473532e-16,-1.0,3857.1,3799.0,3829.6,3351.6000000000004,3748.5142857142855,138.00806049614368,3712.9,133.2571121217673
2018-06-23,3816.4,0,5,23,6,2,174,25,2018,-0.9749279121818236,-0.2225209339563146,0.14782713347053048,-0.9890132145779883,1.2246467991473532e-16,-1.0,3883.6,3743.599999999999,3831.900000000001,3397.0000000000005,3758.914285714286,140.30000509113975,3712.383333333333,132.8091087531833
2018-06-24,3670.8,0,6,24,6,2,175,25,2018,-0.7818314824680299,0.6234898018587334,0.13079267585675922,-0.9914097417023038,1.2246467991473532e-16,-1.0,3816.4,3494.9,3805.099999999999,3388.2,3784.042857142857,92.86640686390187,3707.9066666666668,131.83598727293202
2018-06-25,3770.7,0,0,25,6,2,176,26,2018,0.0,1.0,0.11371951458594969,-0.9935128947338007,1.2246467991473532e-16,-1.0,3670.8,3653.9,3782.8000000000006,3283.1,3800.7285714285713,74.20354246454708,3707.5033333333336,131.61728867500545
2018-06-26,3714.500000000001,0,1,26,6,2,177,26,2018,0.7818314824680298,0.6234898018587336,0.0966127018812031,-0.9953220513156602,1.2246467991473532e-16,-1.0,3770.7,3753.499999999999,3725.400000000001,3338.4,3795.157142857143,79.6079321245376,3707.14,131.58122075422168
2018-06-27,3583.600000000001,0,2,27,6,2,178,26,2018,0.9749279121818236,-0.22252093395631434,0.07947729992362097,-0.9968366760893436,1.2246467991473532e-16,-1.0,3714.500000000001,3853.000000000001,3828.999999999999,3353.4,3756.671428571429,107.29019393349999,3698.96,131.3720449977673
2018-06-28,3398.9000000000005,0,3,28,6,2,179,26,2018,0.43388373911755823,-0.900968867902419,0.062318379354325076,-0.998056320853012,1.2246467991473532e-16,-1.0,3583.600000000001,3857.1,3843.6,3220.0000000000005,3691.2142857142862,161.75555043101565,3684.1366666666668,139.33625288421882
2018-06-29,3449.6,0,4,29,6,2,180,26,2018,-0.433883739117558,-0.9009688679024191,0.04514101777397193,-0.9989806246941579,1.2246467991473532e-16,-1.0,3398.9000000000005,3883.6,3844.4,3089.0000000000005,3629.214285714286,158.87434687589223,3670.976666666667,142.2904622372037
2018-06-30,3540.5,0,5,30,6,2,181,26,2018,-0.9749279121818236,-0.2225209339563146,0.02795029824021032,-0.999609314096404,1.2246467991473532e-16,-1.0,3449.6,3816.4,3857.900000000001,3121.5000000000005,3589.8,137.479501502358,3660.396666666667,139.68886975465256
2018-07-01,3466.4,0,6,1,7,3,182,26,2018,-0.7818314824680299,0.6234898018587334,0.01075130776352193,-0.9999422030204416,-0.4999999999999997,-0.8660254037844388,3540.5,3670.8,3722.900000000001,3112.0,3560.600000000001,139.1053317933467,3651.8466666666664,143.5283697376209
2018-07-02,3565.3,0,0,2,7,3,183,27,2018,0.0,1.0,-0.00645086419810515,-0.9999791929590823,-0.4999999999999997,-0.8660254037844388,3466.4,3770.7,3510.1,3000.6,3531.257142857143,104.84497853408858,3653.686666666667,141.99417601784756
2018-07-03,3492.4,0,1,3,7,3,184,27,2018,0.7818314824680298,0.6234898018587336,-0.023651127245231586,-0.9997202729664083,-0.4999999999999997,-0.8660254037844388,3565.3,3714.500000000001,3500.1000000000004,3176.1,3499.528571428572,66.88277591644832,3653.43,142.28802540063856
2018-07-04,3479.1,0,2,4,7,3,185,27,2018,0.9749279121818236,-0.22252093395631434,-0.04084439154329611,-0.9991655196610109,-0.4999999999999997,-0.8660254037844388,3492.4,3583.600000000001,3733.1,3248.3,3484.6,55.721210802866864,3644.963333333333,144.91658595570235
2018-07-05,3598.0000000000005,0,3,5,7,3,186,27,2018,0.43388373911755823,-0.900968867902419,-0.05802556932878035,-0.9983150972033183,-0.4999999999999997,-0.8660254037844388,3479.1,3398.9000000000005,3784.099999999999,3287.0999999999995,3513.042857142857,55.49957528798674,3638.76,142.72179255097848
2018-07-06,3686.9,0,4,6,7,3,187,27,2018,-0.433883739117558,-0.9009688679024191,-0.07518957641475855,-0.9971692572470178,-0.4999999999999997,-0.8660254037844388,3598.0000000000005,3449.6,3675.400000000001,3324.1,3546.9428571428575,78.14309219084379,3639.143333333333,142.83899226976746
2018-07-07,3733.1,0,5,7,7,3,188,27,2018,-0.9749279121818236,-0.2225209339563146,-0.09233133369539122,-0.9957283388645872,-0.4999999999999997,-0.8660254037844388,3686.9,3540.5,3712.8,3367.9999999999995,3574.457142857143,104.84256224046867,3639.82,143.24745505351694
2018-07-08,3644.8,0,6,8,7,3,189,27,2018,-0.7818314824680299,0.6234898018587334,-0.10944576864891556,-0.993992768446958,-0.4999999999999997,-0.8660254037844388,3733.1,3466.4,3700.0,3438.9,3599.942857142857,95.46107159716858,3637.9800000000005,142.8016188452589
2018-07-09,3749.2,0,0,9,7,3,190,28,2018,0.0,1.0,-0.12652781683868314,-0.9919630595773397,-0.4999999999999997,-0.8660254037844388,3644.8,3565.3,3495.1,3388.9000000000005,3626.214285714286,108.72223674073392,3646.45,141.56511052247433
2018-07-10,3804.500000000001,0,1,10,7,3,191,28,2018,0.7818314824680298,0.6234898018587336,-0.1435724234118113,-0.9896398128792412,-0.4999999999999997,-0.8660254037844388,3749.2,3492.4,3362.6,3456.7,3670.7999999999997,108.69489408432801,3661.18,133.78824338844007
2018-07-11,3719.6,0,2,11,7,3,192,28,2018,0.9749279121818236,-0.22252093395631434,-0.16057454459499376,-0.9870237158387383,-0.4999999999999997,-0.8660254037844388,3804.500000000001,3479.1,3581.9,3417.3,3705.1571428571433,68.62596343328069,3665.77,133.3358558238361
2018-07-12,3638.3,0,3,12,7,3,193,28,2018,0.43388373911755823,-0.900968867902419,-0.17752914918703497,-0.984115542601034,-0.4999999999999997,-0.8660254037844388,3719.6,3598.0000000000005,3642.4,3326.8000000000006,3710.914285714286,59.17818935419708,3665.633333333333,133.3627341147956
2018-07-13,3562.600000000001,0,4,13,7,3,194,28,2018,-0.433883739117558,-0.9009688679024191,-0.19443122004766195,-0.9809161537413774,-0.4999999999999997,-0.8660254037844388,3638.3,3686.9,3673.8,3331.8,3693.1571428571433,81.8795631225888,3661.9266666666667,134.6668864229419
2018-07-14,3477.0,0,5,14,7,3,195,28,2018,-0.9749279121818236,-0.2225209339563146,-0.2112757555821793,-0.9774264960104055,-0.4999999999999997,-0.8660254037844388,3562.600000000001,3733.1,3733.999999999998,3353.7,3656.571428571429,112.53477557754773,3653.36,138.05566243741498
2018-07-15,3424.7000000000003,0,6,15,7,3,196,28,2018,-0.7818314824680299,0.6234898018587334,-0.2280577712215198,-0.9736476020539838,-0.4999999999999997,-0.8660254037844388,3477.0,3644.8,3799.0,3353.7,3625.128571428572,142.99747916527227,3640.883333333333,141.31476015187033
2018-07-16,3503.3,0,0,16,7,3,197,29,2018,0.0,1.0,-0.24477230089725957,-0.9695805901076308,-0.4999999999999997,-0.8660254037844388,3424.7000000000003,3749.2,3743.599999999999,3237.5,3590.0000000000005,137.53789780761124,3632.8733333333334,142.09996950503685
2018-07-17,3509.0999999999995,0,1,17,7,3,198,29,2018,0.7818314824680298,0.6234898018587336,-0.2614143985111562,-0.965226663665613,-0.4999999999999997,-0.8660254037844388,3503.3,3804.500000000001,3494.9,3342.3,3547.8,101.29883184586592,3633.346666666667,141.64746363427076
2018-07-18,3603.8,0,2,18,7,3,199,29,2018,0.9749279121818236,-0.22252093395631434,-0.2779791393987801,-0.9605871111248129,-0.4999999999999997,-0.8660254037844388,3509.0999999999995,3719.6,3653.9,3318.7000000000007,3531.2571428571428,74.46902839758249,3631.676666666667,141.69211567224633
2018-07-19,3648.4,0,3,19,7,3,200,29,2018,0.43388373911755823,-0.900968867902419,-0.2944616217868012,-0.9556633054034704,-0.4999999999999997,-0.8660254037844388,3603.8,3638.3,3753.499999999999,3329.7000000000003,3532.7000000000003,76.94534857072532,3628.1733333333336,139.86367237626007
2018-07-20,3638.8,0,4,20,7,3,201,29,2018,-0.433883739117558,-0.9009688679024191,-0.3108569682435036,-0.9504567035349151,-0.4999999999999997,-0.8660254037844388,3648.4,3562.600000000001,3853.000000000001,3306.6,3543.585714285714,86.6575910999251,3621.0333333333338,133.30417209843694
2018-07-21,3499.1,0,5,21,7,3,202,29,2018,-0.9749279121818236,-0.2225209339563146,-0.3271603271220951,-0.9449688462364056,-0.4999999999999997,-0.8660254037844388,3638.8,3477.0,3857.1,3372.9999999999995,3546.742857142857,84.19498910552758,3609.1,127.33314978622784
2018-07-22,3311.1,0,6,22,7,3,203,29,2018,-0.7818314824680299,0.6234898018587334,-0.34336687399638804,-0.939201357453208,-0.4999999999999997,-0.8660254037844388,3499.1,3424.7000000000003,3883.6,3329.4,3530.514285714286,116.42043675936736,3590.016666666667,127.6750646227996
2018-07-23,3477.2999999999997,0,0,23,7,3,204,30,2018,0.0,1.0,-0.3594718130884232,-0.9331559438780432,-0.4999999999999997,-0.8660254037844388,3311.1,3503.3,3816.4,3216.6000000000004,3526.7999999999997,117.83949535987685,3578.7133333333336,121.81804048869395
2018-07-24,3581.3,0,1,24,7,3,205,30,2018,0.7818314824680298,0.6234898018587336,-0.3754703786876202,-0.9268343944460494,-0.4999999999999997,-0.8660254037844388,3477.2999999999997,3509.0999999999995,3670.8,3253.1000000000004,3537.1142857142854,119.18413524979678,3575.7300000000005,120.57465036376499
2018-07-25,3549.6000000000004,0,2,25,7,3,206,30,2018,0.9749279121818236,-0.22252093395631434,-0.3913578365610259,-0.9202385798054075,-0.4999999999999997,-0.8660254037844388,3581.3,3603.8,3770.7,3324.6,3529.371428571429,115.84356857830366,3568.36,114.86860739782921
2018-07-26,3375.4,0,3,26,7,3,207,30,2018,0.43388373911755823,-0.900968867902419,-0.4071294853542516,-0.9133704517637858,-0.4999999999999997,-0.8660254037844388,3549.6000000000004,3648.4,3714.500000000001,3377.9000000000005,3490.371428571428,115.04404539547552,3557.056666666667,116.66232049375638
2018-07-27,3385.1000000000004,0,4,27,7,3,208,30,2018,-0.433883739117558,-0.9009688679024191,-0.4227806579826773,-0.9062320427107697,-0.4999999999999997,-0.8660254037844388,3375.4,3638.8,3583.600000000001,3412.3,3454.128571428572,99.38730157464603,3550.44,120.66538971826809
2018-07-28,3439.0,0,5,28,7,3,209,30,2018,-0.9749279121818236,-0.2225209339563146,-0.4383067230125192,-0.898825465016444,-0.4999999999999997,-0.8660254037844388,3385.1000000000004,3499.1,3398.9000000000005,3452.4000000000005,3445.5428571428574,97.43156328322705,3551.7766666666666,119.14130319262178
2018-07-29,3442.4,0,6,29,7,3,210,30,2018,-0.7818314824680299,0.6234898018587334,-0.45370308603134424,-0.8911529104063088,-0.4999999999999997,-0.8660254037844388,3439.0,3311.1,3449.6,3459.8,3464.2999999999997,77.92051505650191,3551.536666666667,119.36127565687387
2018-07-30,3605.7,0,0,30,7,3,211,31,2018,0.0,1.0,-0.46896519100763184,-0.8832166493127127,-0.4999999999999997,-0.8660254037844388,3442.4,3477.2999999999997,3540.5,3338.4000000000005,3482.6428571428573,94.77990042099275,3553.71,119.74635074707211
2018-07-31,3686.5,0,1,31,7,3,212,31,2018,0.7818314824680298,0.6234898018587336,-0.48408852163897587,-0.8750190302029955,-0.4999999999999997,-0.8660254037844388,3605.7,3581.3,3466.4,3423.7000000000003,3497.671428571429,118.42217858558455,3561.046666666667,120.94909368973053
2018-08-01,3689.0,0,2,1,8,3,213,31,2018,0.9749279121818236,-0.22252093395631434,-0.4990686026885319,-0.8665624788845385,-0.8660254037844384,-0.5000000000000004,3686.5,3549.6000000000004,3565.3,3365.6000000000004,3517.585714285714,138.6102861571789,3565.17,123.1869511394525
2018-08-02,3740.4,0,3,2,8,3,214,31,2018,0.43388373911755823,-0.900968867902419,-0.5139010013093103,-0.8578494977869301,-0.8660254037844384,-0.5000000000000004,3689.0,3375.4,3492.4,3381.5,3569.7285714285717,144.7262670732433,3573.436666666667,126.41416191761374
2018-08-03,3785.4,0,4,3,8,3,215,31,2018,-0.433883739117558,-0.9009688679024191,-0.5285813283559292,-0.8488826652214553,-0.8660254037844384,-0.5000000000000004,3740.4,3385.1000000000004,3479.1,3408.9,3626.914285714286,138.5695785345442,3583.646666666667,130.8246252611179
2018-08-04,3828.2,0,5,4,8,3,216,31,2018,-0.9749279121818236,-0.2225209339563146,-0.5431052396834317,-0.8396646346181327,-0.8660254037844384,-0.5000000000000004,3785.4,3439.0,3598.0000000000005,3452.2000000000003,3682.5142857142855,128.30550038316463,3591.32,138.2365922911698
2018-08-05,3718.7,0,6,5,8,3,217,31,2018,-0.7818314824680299,0.6234898018587334,-0.5574684374327892,-0.8301981337405212,-0.8660254037844384,-0.5000000000000004,3828.2,3442.4,3686.9,3496.299999999999,3721.985714285714,72.48262846071523,3592.38,139.11391115147796
2018-08-06,3743.8,0,0,6,8,3,218,32,2018,0.0,1.0,-0.5716666713027052,-0.8204859638785327,-0.8660254037844384,-0.5000000000000004,3718.7,3605.7,3733.1,3435.6000000000004,3741.714285714286,51.2369797630642,3592.7366666666667,139.5003163593798
2018-08-07,3708.7,0,1,7,8,3,219,32,2018,0.7818314824680298,0.6234898018587336,-0.5856957398073508,-0.8105309990194823,-0.8660254037844384,-0.5000000000000004,3743.8,3686.5,3644.8,3403.0,3744.8857142857146,47.82309165288917,3594.866666666667,140.80441395249287
2018-08-08,3648.9,0,2,8,8,3,220,32,2018,0.9749279121818236,-0.22252093395631434,-0.5995514915196489,-0.8003361849976323,-0.8660254037844384,-0.5000000000000004,3708.7,3689.0,3749.2,3469.9999999999995,3739.1571428571433,57.12941032263582,3591.523333333333,138.17980461086958
2018-08-09,3737.2,0,3,9,8,3,221,32,2018,0.43388373911755823,-0.900968867902419,-0.6132298262997502,-0.7899045386224707,-0.8660254037844384,-0.5000000000000004,3648.9,3740.4,3804.500000000001,3478.5,3738.7,57.13061059247689,3589.28,135.11524429678005
2018-08-10,3855.7,0,4,10,8,3,222,32,2018,-0.433883739117558,-0.9009688679024191,-0.6267266965083301,-0.7792391467859886,-0.8660254037844384,-0.5000000000000004,3737.2,3785.4,3719.6,3461.3,3748.7428571428572,71.16358753237994,3593.8166666666666,141.76311247101796
2018-08-11,3774.9,0,5,11,8,3,223,32,2018,-0.9749279121818236,-0.2225209339563146,-0.6400381082043503,-0.7683431655492202,-0.8660254037844384,-0.5000000000000004,3855.7,3828.2,3638.3,3511.4,3741.128571428572,63.70564376585171,3598.3700000000003,145.38854517796346
2018-08-12,3562.3,0,6,12,8,3,224,32,2018,-0.7818314824680299,0.6234898018587334,-0.65316012232693,-0.7572198192083127,-0.8660254037844384,-0.5000000000000004,3774.9,3718.7,3562.600000000001,3445.5000000000005,3718.785714285714,93.39222716715093,3598.36,145.39110061461892
2018-08-13,3661.7,0,0,13,8,3,225,33,2018,0.0,1.0,-0.666088855860977,-0.7458723993404063,-0.8660254037844384,-0.5000000000000004,3562.3,3743.8,3477.0,3345.7,3707.057142857143,94.87078681279536,3604.516666666667,143.9785857720471
2018-08-14,3754.7999999999993,0,1,14,8,3,226,33,2018,0.7818314824680298,0.6234898018587336,-0.6788204829862355,-0.734304263829602,-0.8660254037844384,-0.5000000000000004,3661.7,3708.7,3424.7000000000003,3416.1,3713.6428571428573,96.58836812549168,3615.52,142.36718044888246
2018-08-15,3510.3,0,2,15,8,3,227,33,2018,0.9749279121818236,-0.22252093395631434,-0.6913512362094071,-0.722518835873311,-0.8660254037844384,-0.5000000000000004,3754.7999999999993,3648.9,3503.3,3293.5000000000005,3693.8428571428567,122.73839194459723,3615.7533333333336,142.18253138091262
2018-08-16,3532.8,0,3,16,8,3,228,33,2018,0.43388373911755823,-0.900968867902419,-0.7036774074790128,-0.7105196029692745,-0.8660254037844384,-0.5000000000000004,3510.3,3737.2,3509.0999999999995,3430.0,3664.6428571428573,134.45864118932263,3616.5433333333335,141.6342903233586
2018-08-17,3619.9,0,4,17,8,3,229,33,2018,-0.433883739117558,-0.9009688679024191,-0.7157953492826642,-0.6983101158835584,-0.8660254037844384,-0.5000000000000004,3532.8,3855.7,3603.8,3613.900000000001,3630.957142857143,104.9053201247637,3617.08,141.61484044577355
2018-08-18,3630.4,0,5,18,8,3,230,33,2018,-0.9749279121818236,-0.2225209339563146,-0.7277014757264236,-0.6858939875998223,-0.8660254037844384,-0.5000000000000004,3619.9,3774.9,3648.4,3642.499999999999,3610.3142857142852,83.99268675649363,3616.48,141.51566356584667
2018-08-19,3507.1,0,6,19,8,3,231,33,2018,-0.7818314824680299,0.6234898018587334,-0.7393922635959241,-0.673274892250183,-0.8660254037844384,-0.5000000000000004,3630.4,3562.3,3638.8,3487.3,3602.4285714285716,91.50697085079797,3612.0899999999997,142.8359858791478
2018-08-20,3568.6,0,0,20,8,3,232,34,2018,0.0,1.0,-0.7508642533989489,-0.6604565640279754,-0.8660254037844384,-0.5000000000000004,3507.1,3661.7,3499.1,3273.0,3589.128571428571,88.1610215134152,3614.406666666667,141.49754215809105
2018-08-21,3628.599999999999,0,1,21,8,3,233,34,2018,0.7818314824680298,0.6234898018587336,-0.7621140503891487,-0.6474427960827475,-0.8660254037844384,-0.5000000000000004,3568.6,3754.7999999999993,3311.1,3368.799999999999,3571.0999999999995,55.48266996702596,3624.99,129.38466932048613
2018-08-22,3704.3,0,2,22,8,3,234,34,2018,0.9749279121818236,-0.22252093395631434,-0.7731383255706026,-0.6342374393978054,-0.8660254037844384,-0.5000000000000004,3628.599999999999,3510.3,3477.2999999999997,3444.7000000000003,3598.8142857142857,67.25447763463701,3632.5566666666664,127.06657142896299
2018-08-23,3627.5,0,3,23,8,3,235,34,2018,0.43388373911755823,-0.900968867902419,-0.7839338166829201,-0.620844401650647,-0.8660254037844384,-0.5000000000000004,3704.3,3532.8,3581.3,3440.1000000000004,3612.342857142857,60.99565167954667,3634.0966666666664,126.70338286677338
2018-08-24,3630.9,0,4,24,8,3,236,34,2018,-0.433883739117558,-0.9009688679024191,-0.7944973291665992,-0.6072676460566135,-0.8660254037844384,-0.5000000000000004,3627.5,3619.9,3549.6000000000004,3462.0,3613.9142857142856,61.36338290795102,3636.8066666666664,125.69926873661058
2018-08-25,3603.2,0,5,25,8,3,237,34,2018,-0.9749279121818236,-0.2225209339563146,-0.8048257371083452,-0.593511190196115,-0.8660254037844384,-0.5000000000000004,3630.9,3630.4,3375.4,3306.399999999999,3610.0285714285715,61.00562035000372,3644.4,115.85887372440983
2018-08-26,3401.6,0,6,26,8,3,238,34,2018,-0.7818314824680299,0.6234898018587334,-0.8149159841660791,-0.5795791048257612,-0.8660254037844384,-0.5000000000000004,3603.2,3507.1,3385.1000000000004,3289.9,3594.9571428571426,94.50595849193506,3644.95,114.61800950743897
2018-08-27,3549.5999999999995,0,0,27,8,3,239,35,2018,0.0,1.0,-0.8247650844733614,-0.5654755126737576,-0.8660254037844384,-0.5000000000000004,3401.6,3568.6,3439.0,3228.199999999999,3592.2428571428572,95.65498518362426,3648.6366666666668,109.42637733869448
2018-08-28,3604.7,0,1,28,8,3,240,35,2018,0.7818314824680298,0.6234898018587336,-0.8343701235229537,-0.5512045872199277,-0.8660254037844384,-0.5000000000000004,3549.5999999999995,3628.599999999999,3442.4,3276.1000000000004,3588.828571428571,94.56126258122613,3654.0466666666666,102.68274788221608
2018-08-29,3612.7999999999993,0,2,29,8,3,241,35,2018,0.9749279121818236,-0.22252093395631434,-0.8437282590292712,-0.5367705514607103,-0.8660254037844384,-0.5000000000000004,3604.7,3704.3,3605.7,3230.4999999999995,3575.7571428571423,81.33873323216191,3654.2833333333333,102.57560065909331
2018-08-30,3687.8,0,3,30,8,3,242,35,2018,0.43388373911755823,-0.900968867902419,-0.8528367217694595,-0.522177676659508,-0.8660254037844384,-0.5000000000000004,3612.7999999999993,3627.5,3686.5,3262.1,3584.371428571428,90.41826353649809,3654.3266666666664,102.58995357593119
2018-08-31,3711.7999999999993,0,4,31,8,3,243,35,2018,-0.433883739117558,-0.9009688679024191,-0.8616928164028521,-0.5074302810827518,-0.8660254037844384,-0.5000000000000004,3687.8,3630.9,3689.0,3288.2,3595.9285714285716,101.80940877094245,3655.0866666666666,102.939532747618
2018-09-01,3610.6,0,5,1,9,3,244,35,2018,-0.9749279121818236,-0.2225209339563146,-0.8702939222685674,-0.49253272872205434,-1.0,-1.8369701987210297e-16,3711.7999999999993,3603.2,3740.4,3182.7,3596.985714285714,101.93583649486521,3650.76,101.9531623361625
2018-09-02,3411.2000000000003,0,6,2,9,3,245,35,2018,-0.7818314824680299,0.6234898018587334,-0.8786374941610001,-0.4774894280028391,-1.0,-1.8369701987210297e-16,3610.6,3401.6,3785.4,3159.9999999999995,3598.3571428571427,98.88804877475991,3638.2866666666664,107.64445221168215
2018-09-03,3785.4,0,0,3,9,3,246,36,2018,0.0,1.0,-0.886721063082993,-0.46230483047981086,-1.0,-1.8369701987210297e-16,3411.2000000000003,3549.5999999999995,3828.2,3111.4999999999995,3632.0428571428565,117.85425826196985,3636.8599999999997,105.29870680673869
2018-09-04,3832.500000000001,0,1,4,9,3,247,36,2018,0.7818314824680298,0.6234898018587336,-0.8945422369764496,-0.4469834295196741,-1.0,-1.8369701987210297e-16,3785.4,3604.7,3718.7,3308.9999999999995,3664.5857142857144,138.66021333427807,3640.653333333333,110.2805598691654
2018-09-05,3723.000000000001,0,2,5,9,3,248,36,2018,0.9749279121818236,-0.22252093395631434,-0.9020987014301837,-0.43152975897147144,-1.0,-1.8369701987210297e-16,3832.500000000001,3612.7999999999993,3743.8,3360.8000000000006,3680.3285714285716,138.05526326181248,3639.9599999999996,109.67342934114619
2018-09-06,3748.499999999999,0,3,6,9,3,249,36,2018,0.43388373911755823,-0.900968867902419,-0.9093882203647925,-0.4159483918249421,-1.0,-1.8369701987210297e-16,3723.000000000001,3687.8,3708.7,3407.4999999999995,3689.0,140.48766256627624,3641.2866666666664,110.76886694850936
2018-09-07,3704.099999999999,0,4,7,9,3,250,36,2018,-0.433883739117558,-0.9009688679024191,-0.9164086366943458,-0.4002439388573056,-1.0,-1.8369701987210297e-16,3748.499999999999,3711.7999999999993,3648.9,3431.3,3687.9,140.30941997362794,3643.1266666666666,111.35660311571267
2018-09-08,3648.9,0,5,8,9,3,251,36,2018,-0.9749279121818236,-0.2225209339563146,-0.9231578729647039,-0.38442104726885545,-1.0,-1.8369701987210297e-16,3704.099999999999,3610.6,3737.2,3441.1,3693.371428571428,137.5115475670616,3640.183333333333,109.9423268349554
2018-09-09,3737.2,0,6,9,9,3,252,36,2018,-0.7818314824680299,0.6234898018587334,-0.9296339319682695,-0.3684843993077793,-1.0,-1.8369701987210297e-16,3648.9,3411.2000000000003,3855.7,3487.6,3739.942857142857,58.55837136691144,3636.233333333333,103.89465265630288
2018-09-10,3667.8,0,0,10,9,3,253,37,2018,0.0,1.0,-0.9358348973349941,-0.35243871088460327,-1.0,-1.8369701987210297e-16,3737.2,3785.4,3774.9,3450.9,3723.1428571428573,60.19005613176654,3632.663333333333,100.75825108108347
2018-09-11,3795.4,0,1,11,9,3,254,37,2018,0.7818314824680298,0.6234898018587336,-0.9417589340994617,-0.33628873017668287,-1.0,-1.8369701987210297e-16,3667.8,3832.500000000001,3562.3,3543.4,3717.8428571428567,49.669804950410985,3640.4333333333334,104.07814813657731
2018-09-12,3794.000000000001,0,2,12,9,3,255,37,2018,0.9749279121818236,-0.22252093395631434,-0.9474042892438845,-0.32003923622313857,-1.0,-1.8369701987210297e-16,3795.4,3723.000000000001,3661.7,3553.2000000000003,3727.985714285714,57.5263831811724,3644.8433333333332,107.74852165825445
2018-09-13,3765.1,0,3,13,9,3,256,37,2018,0.43388373911755823,-0.900968867902419,-0.9527692922168511,-0.30369503751065885,-1.0,-1.8369701987210297e-16,3794.000000000001,3748.499999999999,3754.7999999999993,3563.6000000000004,3730.3571428571427,58.840146644490616,3645.1866666666665,108.12671918771026
2018-09-14,3869.4,0,4,14,9,3,257,37,2018,-0.433883739117558,-0.9009688679024191,-0.9578523554276669,-0.28726097055059635,-1.0,-1.8369701987210297e-16,3765.1,3704.099999999999,3510.3,3536.0,3753.9714285714285,76.93396983314894,3657.1566666666668,112.46900165526678
2018-09-15,3865.1,0,5,15,9,3,258,37,2018,-0.9749279121818236,-0.2225209339563146,-0.9626519747161487,-0.2707418984477642,-1.0,-1.8369701987210297e-16,3869.4,3648.9,3532.8,3523.0,3784.8571428571436,70.8814469647135,3668.2333333333327,116.10400905885751
2018-09-16,3788.6,0,6,16,9,3,259,37,2018,-0.7818314824680299,0.6234898018587334,-0.9671667297977312,-0.2541427094613622,-1.0,-1.8369701987210297e-16,3865.1,3737.2,3619.9,3499.1,3792.2000000000003,67.71319418450581,3673.8566666666666,117.7559506757058
2018-09-17,3817.2,0,0,17,9,3,260,38,2018,0.0,1.0,-0.97139528468375,-0.23746831555846842,-1.0,-1.8369701987210297e-16,3788.6,3667.8,3630.4,3288.4,3813.542857142857,39.73134183250463,3680.0833333333335,120.29033005917867
2018-09-18,3882.7999999999993,0,1,18,9,3,261,38,2018,0.7818314824680298,0.6234898018587336,-0.9753363880767837,-0.2207236509605022,-1.0,-1.8369701987210297e-16,3817.2,3795.4,3507.1,3344.2,3826.0285714285715,46.27384842025529,3692.6066666666666,121.21353894259293
2018-09-19,3926.400000000001,0,2,19,9,3,262,38,2018,0.9749279121818236,-0.22252093395631434,-0.9789888737409319,-0.20391367068311472,-1.0,-1.8369701987210297e-16,3882.7999999999993,3794.000000000001,3568.6,3425.8000000000006,3844.9428571428575,56.85061879297797,3704.533333333333,126.09564605497675
2018-09-20,3887.8,0,3,20,9,3,263,38,2018,0.43388373911755823,-0.900968867902419,-0.9823516608469237,-0.18704334906991657,-1.0,-1.8369701987210297e-16,3926.400000000001,3765.1,3628.599999999999,3479.4999999999995,3862.4714285714285,46.01277772844458,3713.173333333333,129.54623175113394
2018-09-21,3750.599999999999,0,4,21,9,3,264,38,2018,-0.433883739117558,-0.9009688679024191,-0.9854237542919524,-0.17011767832049052,-1.0,-1.8369701987210297e-16,3887.8,3869.4,3704.3,3461.1,3845.5,62.120930450224854,3714.7166666666667,129.7125630884976
2018-09-22,3499.3,0,5,22,9,3,265,38,2018,-0.9749279121818236,-0.2225209339563146,-0.9882042449941422,-0.15314166701312007,-1.0,-1.8369701987210297e-16,3750.599999999999,3865.1,3627.5,3370.1,3793.242857142857,143.473968105059,3710.4433333333336,134.70080173668126
2018-09-23,3342.3,0,6,23,9,3,266,38,2018,-0.7818314824680299,0.6234898018587334,-0.9906923101615609,-0.13612033862266704,-1.0,-1.8369701987210297e-16,3499.3,3788.6,3630.9,3290.5000000000005,3729.4857142857145,223.00290303470732,3700.8233333333333,150.01274815559634
2018-09-24,3484.899999999999,0,0,24,9,3,267,39,2018,0.0,1.0,-0.9928872135356962,-0.11905873003404988,-1.0,-1.8369701987210297e-16,3342.3,3817.2,3603.2,3295.5,3682.0142857142855,236.19744162156812,3696.88,154.16482312659448
2018-09-25,3583.9999999999995,0,1,25,9,3,268,39,2018,0.7818314824680298,0.6234898018587336,-0.994788305609327,-0.10196189005174576,-1.0,-1.8369701987210297e-16,3484.899999999999,3882.7999999999993,3401.6,3384.7000000000003,3639.328571428571,220.33035586202976,3702.96,145.46946734979633
2018-09-26,3620.6,0,2,26,9,3,269,39,2018,0.9749279121818236,-0.22252093395631434,-0.9963950238187231,-0.08483487790576538,-1.0,-1.8369701987210297e-16,3583.9999999999995,3926.400000000001,3549.5999999999995,3432.2,3595.6428571428564,180.6721049963514,3705.3266666666664,143.45195743506952
2018-09-27,3675.099999999999,0,3,27,9,3,270,39,2018,0.43388373911755823,-0.900968867902419,-0.9977068927101168,-0.06768276175455162,-1.0,-1.8369701987210297e-16,3620.6,3887.8,3604.7,3431.6000000000004,3565.2571428571423,135.6152997408948,3707.673333333333,142.32044691186988
2018-09-28,3709.6,0,4,28,9,3,271,39,2018,-0.433883739117558,-0.9009688679024191,-0.9987235240803972,-0.050510617185222886,-1.0,-1.8369701987210297e-16,3675.099999999999,3750.599999999999,3612.7999999999993,3406.1000000000004,3559.4,126.88038986910723,3710.8999999999996,141.18813567425335
2018-09-29,3729.9,0,5,29,9,3,272,39,2018,-0.9749279121818236,-0.2225209339563146,-0.9994446170919858,-0.033323525711631344,-1.0,-1.8369701987210297e-16,3709.6,3499.3,3687.8,3320.7999999999997,3592.3428571428567,138.11433496857828,3712.3033333333337,141.15983966175466
2018-09-30,3658.4,0,6,30,9,3,273,39,2018,-0.7818314824680299,0.6234898018587334,-0.9998699583618592,-0.016126573270657762,-1.0,-1.8369701987210297e-16,3729.9,3342.3,3711.7999999999993,3198.4,3637.4999999999995,83.6872750183852,3710.523333333333,141.5026713122572
2018-10-01,3752.6,0,0,1,10,4,274,40,2018,0.0,1.0,-0.9999994220246925,0.001075151282798226,-0.8660254037844386,0.5000000000000001,3658.4,3484.899999999999,3610.6,3154.7000000000003,3675.742857142857,60.20104808455359,3715.2566666666667,140.41573908080298
2018-10-02,3715.4,0,1,2,10,4,275,40,2018,0.7818314824680298,0.6234898018587336,-0.999832969770105,0.018276557681691223,-0.8660254037844386,0.5000000000000001,3752.6,3583.9999999999995,3411.2000000000003,3190.0000000000005,3694.5142857142855,45.52356271105295,3725.3966666666665,128.14939956626543
2018-10-03,3799.8,0,2,3,10,4,276,40,2018,0.9749279121818236,-0.22252093395631434,-0.9993706508539969,0.03547255575312556,-0.8660254037844386,0.5000000000000001,3715.4,3620.6,3785.4,3335.600000000001,3720.1142857142854,47.3789836872886,3725.8766666666666,128.40860612293758
2018-10-04,3809.6,0,3,4,10,4,277,40,2018,0.43388373911755823,-0.900968867902419,-0.9986126020839734,0.052658056924614005,-0.8660254037844386,0.5000000000000001,3799.8,3675.099999999999,3832.500000000001,3401.7999999999997,3739.3285714285716,53.01838405328083,3725.1133333333337,127.81963513653025
2018-10-05,3823.8,0,4,5,10,4,278,40,2018,-0.433883739117558,-0.9009688679024191,-0.9975590477788613,0.06982797572987089,-0.8660254037844386,0.5000000000000001,3809.6,3709.6,3723.000000000001,3434.1,3755.6428571428573,59.51783646223115,3728.473333333333,129.08081118466404
2018-10-06,3797.2,0,5,6,10,4,279,40,2018,-0.9749279121818236,-0.2225209339563146,-0.9962102997023297,0.0869772313136861,-0.8660254037844386,0.5000000000000001,3823.8,3729.9,3748.499999999999,3441.5,3765.257142857143,60.099219549659395,3730.096666666667,129.64634251083106
2018-10-07,3705.999999999999,0,6,7,10,4,280,40,2018,-0.7818314824680299,0.6234898018587334,-0.9945667569706337,0.1041007489354256,-0.8660254037844386,0.5000000000000001,3797.2,3658.4,3704.099999999999,3433.1000000000004,3772.0571428571425,47.33000659002146,3730.1600000000003,129.63366846617794
2018-10-08,3817.9,0,0,8,10,4,281,41,2018,0.0,1.0,-0.9926289059345095,0.121193461470736,-0.8660254037844386,0.5000000000000001,3705.999999999999,3752.6,3648.9,3309.4,3781.3857142857146,49.25208721709155,3735.7933333333335,129.65269770809797
2018-10-09,3818.7999999999993,0,1,9,10,4,282,41,2018,0.7818314824680298,0.6234898018587336,-0.9903973200352558,0.1382503109109819,-0.8660254037844386,0.5000000000000001,3817.9,3715.4,3737.2,3376.1,3796.157142857143,40.97348155182806,3738.5133333333333,130.53616418800755
2018-10-10,3823.6,0,2,10,10,4,283,41,2018,0.9749279121818236,-0.22252093395631434,-0.9878726596350429,0.15526624985999563,-0.8660254037844386,0.5000000000000001,3818.7999999999993,3799.8,3667.8,3373.8,3799.5571428571425,42.29238927369763,3743.7066666666665,130.7249361045518
2018-10-11,3723.6,0,3,11,10,4,284,41,2018,0.43388373911755823,-0.900968867902419,-0.9850556718215013,0.172236243027682,-0.8660254037844386,0.5000000000000001,3823.6,3809.6,3795.4,3358.2,3787.2714285714283,50.56997509347057,3741.313333333333,130.40275735748727
2018-10-12,3736.2,0,4,12,10,4,285,41,2018,-0.433883739117558,-0.9009688679024191,-0.981947190186646,0.18915526872004093,-0.8660254037844386,0.5000000000000001,3723.6,3823.8,3794.000000000001,3348.2,3774.7571428571423,50.86196539469788,3739.3866666666663,130.0239228209411
2018-10-13,3726.499999999999,0,5,13,10,4,286,41,2018,-0.9749279121818236,-0.2225209339563146,-0.9785481345802031,0.20601832032517084,-0.8660254037844386,0.5000000000000001,3736.2,3797.2,3765.1,3356.5,3764.657142857142,52.65079477537042,3738.1,129.95166475429514
2018-10-14,3609.500000000001,0,6,14,10,4,287,41,2018,-0.7818314824680299,0.6234898018587334,-0.9748595108374125,0.22282040779479959,-0.8660254037844386,0.5000000000000001,3726.499999999999,3705.999999999999,3869.4,3337.4999999999995,3750.871428571428,77.39013103073528,3729.4366666666665,129.5592381708121
2018-10-15,3705.9,0,0,15,10,4,288,42,2018,0.0,1.0,-0.9708824104813836,0.23955655912092708,-0.8660254037844386,0.5000000000000001,3609.500000000001,3817.9,3865.1,3240.2000000000003,3734.871428571428,72.65557363997931,3724.13,127.046950729461
2018-10-16,3699.7,0,1,16,10,4,289,42,2018,0.7818314824680298,0.6234898018587336,-0.9666180104000972,0.2562218218071163,-0.8660254037844386,0.5000000000000001,3705.9,3818.7999999999993,3788.6,3288.4000000000005,3717.8571428571427,63.03387600181121,3721.1666666666665,126.52707311039792
2018-10-17,3651.4,0,2,17,10,4,290,42,2018,0.9749279121818236,-0.22252093395631434,-0.9620675724981452,0.27281126433401914,-0.8660254037844386,0.5000000000000001,3699.7,3823.6,3817.2,3325.1,3693.257142857143,46.25742668817447,3715.64,125.80671710590195
2018-10-18,3503.5999999999995,0,3,18,10,4,291,42,2018,0.43388373911755823,-0.900968867902419,-0.957232443323312,0.28931997761869527,-0.8660254037844386,0.5000000000000001,3651.4,3723.6,3882.7999999999993,3258.9,3661.828571428571,82.63711261264444,3703.0,127.47115698097322
2018-10-19,3464.4,0,4,19,10,4,292,42,2018,-0.433883739117558,-0.9009688679024191,-0.9521140536681102,0.3057430764672831,-0.8660254037844386,0.5000000000000001,3503.5999999999995,3736.2,3926.400000000001,3080.1000000000004,3622.9999999999995,103.17192770647131,3687.6,127.45865861200393
2018-10-20,3567.6,0,5,20,10,4,293,42,2018,-0.9749279121818236,-0.2225209339563146,-0.9467139181463862,0.3220757010206104,-0.8660254037844386,0.5000000000000001,3464.4,3726.499999999999,3887.8,3063.2000000000003,3600.3,93.64521699835757,3676.9266666666667,123.45988300918899
2018-10-21,3529.899999999999,0,6,21,10,4,294,42,2018,-0.7818314824680299,0.6234898018587334,-0.9410336347451197,0.3383130181923076,-0.8660254037844386,0.5000000000000001,3567.6,3609.500000000001,3750.599999999999,3046.3,3588.928571428571,97.11068795085629,3669.5699999999997,125.47748843297451
2018-10-22,3626.7,0,0,22,10,4,295,43,2018,0.0,1.0,-0.9350748843515574,0.3544502230989869,-0.8660254037844386,0.5000000000000001,3529.899999999999,3705.9,3499.3,3029.4,3577.6142857142854,85.07955940514933,3673.816666666666,121.61249108748953
2018-10-23,3669.2,0,1,23,10,4,296,43,2018,0.7818314824680298,0.6234898018587336,-0.9288394302558068,0.3704825404820963,-0.8660254037844386,0.5000000000000001,3626.7,3699.7,3342.3,3191.7,3573.2571428571428,78.29571842580185,3684.713333333333,104.29636728996856
2018-10-24,3662.2,0,2,24,10,4,297,43,2018,0.9749279121818236,-0.22252093395631434,-0.9223291176290545,0.3864052261209853,-0.8660254037844386,0.5000000000000001,3669.2,3651.4,3484.899999999999,3228.9999999999995,3574.7999999999997,80.17603548860204,3690.6233333333334,97.37730983788427
2018-10-25,3674.3,0,3,25,10,4,298,43,2018,0.43388373911755823,-0.900968867902419,-0.9155458729775467,0.40221356823680365,-0.8660254037844386,0.5000000000000001,3662.2,3503.5999999999995,3583.9999999999995,3274.6,3599.1857142857143,80.86753424731641,3693.6333333333328,95.34221243113306
2018-10-26,3650.099999999999,0,4,26,10,4,299,43,2018,-0.433883739117558,-0.9009688679024191,-0.9084917035725082,0.41790288888678667,-0.8660254037844386,0.5000000000000001,3674.3,3464.4,3620.6,3259.4,3625.714285714286,55.880927830886705,3694.616666666667,94.71304422900457
2018-10-27,3620.7,0,5,27,10,4,300,43,2018,-0.9749279121818236,-0.2225209339563146,-0.9011686968561569,0.4334685453485363,-0.8660254037844386,0.5000000000000001,3650.099999999999,3567.6,3675.099999999999,3252.0000000000005,3633.2999999999997,49.96855677993216,3692.803333333333,95.61604065157687
2018-10-28,3483.2,0,6,28,10,4,301,43,2018,-0.7818314824680299,0.6234898018587334,-0.8935790198239952,0.4489059314938798,-0.8660254037844386,0.5000000000000001,3620.7,3529.899999999999,3709.6,3233.5999999999995,3626.628571428571,66.4680804167561,3685.2566666666667,102.90156891445547
2018-10-29,3563.0,0,0,29,10,4,302,44,2018,0.0,1.0,-0.8857249183835637,0.4642104791518923,-0.8660254037844386,0.5000000000000001,3483.2,3626.7,3729.9,3127.499999999998,3617.528571428571,70.68351326597828,3679.693333333333,104.89705933661932
2018-10-30,3574.9,0,1,30,10,4,303,44,2018,0.7818314824680298,0.6234898018587336,-0.8776087166898392,0.4793776594606945,-0.8660254037844386,0.5000000000000001,3563.0,3669.2,3658.4,3169.2000000000003,3604.0571428571425,68.13449584323834,3676.9100000000003,106.5758960585771
2018-10-31,3617.3,0,2,31,10,4,304,44,2018,0.9749279121818236,-0.22252093395631434,-0.8692328164574792,0.49440298420761813,-0.8660254037844386,0.5000000000000001,3574.9,3662.2,3752.6,3167.7,3597.6428571428573,63.71896256593451,3672.4,106.12426028335196
2018-11-01,3570.9,0,3,1,11,4,305,44,2018,0.43388373911755823,-0.900968867902419,-0.8605996962501181,0.5092820071573356,-0.5000000000000004,0.8660254037844384,3617.3,3674.3,3715.4,3121.1000000000004,3582.871428571428,54.27113149998397,3667.5833333333335,107.37713775586803
2018-11-02,3556.7000000000007,0,4,2,11,4,306,44,2018,-0.433883739117558,-0.9009688679024191,-0.8517119107469189,0.5240103253675756,-0.5000000000000004,0.8660254037844384,3570.9,3650.099999999999,3799.8,3146.6,3569.5285714285715,45.80970473187929,3659.48,106.22188682836648
2018-11-03,3510.9,0,5,3,11,4,307,44,2018,-0.9749279121818236,-0.2225209339563146,-0.8425720899866032,0.5385835804920232,-0.5000000000000004,0.8660254037844384,3556.7000000000007,3620.7,3809.6,3162.8,3553.8428571428567,44.13554339168351,3649.523333333333,105.66301895512753
2018-11-04,3412.100000000001,0,6,4,11,4,308,44,2018,-0.7818314824680299,0.6234898018587334,-0.8331829385891785,0.5529974600700271,-0.5000000000000004,0.8660254037844384,3510.9,3483.2,3823.8,3138.1,3543.6857142857148,65.91171945798219,3635.8,108.93261441256983
2018-11-05,3510.9999999999995,0,0,5,11,4,309,45,2018,0.0,1.0,-0.8235472349556007,0.5672476988027229,-0.5000000000000004,0.8660254037844384,3412.100000000001,3563.0,3797.2,3030.4,3536.257142857143,66.30127844779878,3626.2599999999998,106.82209702955711
2018-11-06,3436.4,0,1,6,11,4,310,45,2018,0.7818314824680298,0.6234898018587336,-0.8136678304455991,0.5813300798152042,-0.5000000000000004,0.8660254037844384,3510.9999999999995,3574.9,3705.999999999999,3128.5000000000005,3516.471428571429,73.15851999338241,3617.273333333333,111.13573537867983
2018-11-07,3170.7000000000003,0,2,7,11,4,311,45,2018,0.9749279121818236,-0.22252093395631434,-0.8035476485339116,0.5952404359043674,-0.5000000000000004,0.8660254037844384,3436.4,3617.3,3817.9,3141.2,3452.671428571429,137.24152328755676,3595.7,131.7518330697544
2018-11-08,3059.5999999999995,0,3,8,11,4,312,45,2018,0.43388373911755823,-0.900968867902419,-0.7931896839451843,0.6089746507720486,-0.5000000000000004,0.8660254037844384,3170.7000000000003,3570.9,3818.7999999999993,3185.7999999999997,3379.628571428572,189.82086041218608,3570.393333333333,157.76615154941112
2018-11-09,3172.6000000000004,0,4,9,11,4,313,45,2018,-0.433883739117558,-0.9009688679024191,-0.7825970017677834,0.6225286602431057,-0.5000000000000004,0.8660254037844384,3059.5999999999995,3556.7000000000007,3823.6,3214.5,3324.7571428571428,185.5721679665709,3548.6933333333336,166.27913990580785
2018-11-10,3256.2000000000003,0,5,10,11,4,314,45,2018,-0.9749279121818236,-0.2225209339563146,-0.7717727365467837,0.6358984534680745,-0.5000000000000004,0.8660254037844384,3172.6000000000004,3510.9,3723.6,3212.2999999999997,3288.371428571429,167.0357518046845,3533.1133333333332,171.15144883050436
2018-11-11,3249.6000000000004,0,6,11,11,4,315,45,2018,-0.7818314824680299,0.6234898018587334,-0.7607200913564104,0.6490800741100398,-0.5000000000000004,0.8660254037844384,3256.2000000000003,3412.100000000001,3736.2,3162.5,3265.157142857143,158.02309807054579,3516.8933333333334,174.2703704678098
2018-11-12,3366.1000000000004,0,0,12,11,4,316,46,2018,0.0,1.0,-0.7494423368521953,0.6620696215153815,-0.5000000000000004,0.8660254037844384,3249.6000000000004,3510.9999999999995,3726.499999999999,3084.0,3244.457142857143,126.87205966568627,3504.8799999999997,171.72640308712164
2018-11-13,3407.7000000000003,0,1,13,11,4,317,46,2018,0.7818314824680298,0.6234898018587336,-0.7379428103031386,0.6748632518680403,-0.5000000000000004,0.8660254037844384,3366.1000000000004,3436.4,3609.500000000001,3128.7,3240.3571428571436,119.9080322183637,3498.1533333333336,171.4391351397646
2018-11-14,3396.3,0,2,14,11,4,318,46,2018,0.9749279121818236,-0.22252093395631434,-0.7262249146041543,0.6874571793269664,-0.5000000000000004,0.8660254037844384,3407.7000000000003,3170.7000000000003,3705.9,3161.4999999999995,3272.5857142857144,128.10341432572596,3487.8333333333335,167.7817020423536
2018-11-15,3401.4999999999995,0,3,15,11,4,319,46,2018,0.43388373911755823,-0.900968867902419,-0.7142921172691032,0.699847677146407,-0.5000000000000004,0.8660254037844384,3396.3,3059.5999999999995,3699.7,3144.3,3321.4285714285716,94.00311544991119,3477.893333333333,163.5776878245387
2018-11-16,3339.1000000000004,0,4,16,11,4,320,46,2018,-0.433883739117558,-0.9009688679024191,-0.7021479494046978,0.7120310787787131,-0.5000000000000004,0.8660254037844384,3401.4999999999995,3172.6000000000004,3651.4,3182.7000000000003,3345.214285714286,67.3566732297178,3467.483333333333,162.08555868223613
2018-11-17,3350.7,0,5,17,11,4,321,46,2018,-0.9749279121818236,-0.2225209339563146,-0.6897960046655887,0.7240037789593305,-0.5000000000000004,0.8660254037844384,3339.1000000000004,3256.2000000000003,3503.5999999999995,3211.3000000000006,3358.714285714286,54.85181335721682,3462.3866666666663,163.3100261578494
2018-11-18,3260.2,0,6,18,11,4,322,46,2018,-0.7818314824680299,0.6234898018587334,-0.6772399381909491,0.7357622347736527,-0.5000000000000004,0.8660254037844384,3350.7,3249.6000000000004,3464.4,3183.6000000000004,3360.2285714285717,51.373492331057726,3455.58,167.42679800334977
2018-11-19,3355.0,0,0,19,11,4,323,47,2018,0.0,1.0,-0.6644834655228552,0.7473029667054297,-0.5000000000000004,0.8660254037844384,3260.2,3366.1000000000004,3567.6,3072.6,3358.6428571428573,51.33335034016768,3448.493333333333,167.0206964943884
2018-11-20,3374.2000000000003,0,1,20,11,4,324,47,2018,0.7818314824680298,0.6234898018587336,-0.6515303615068021,0.75862255966641,-0.5000000000000004,0.8660254037844384,3355.0,3407.7000000000003,3529.899999999999,3133.2000000000007,3353.8571428571427,47.40917130485482,3443.3033333333337,166.82283082676912
2018-11-21,3375.8,0,2,21,11,4,325,47,2018,0.9749279121818236,-0.22252093395631434,-0.6383844591746642,0.769717664006921,-0.5000000000000004,0.8660254037844384,3374.2000000000003,3396.3,3626.7,3158.7,3350.9285714285716,44.91813717890136,3434.9400000000005,163.56901443353507
2018-11-22,3346.8,0,3,22,11,4,326,47,2018,0.43388373911755823,-0.900968867902419,-0.6250496486104377,0.7805849965070866,-0.5000000000000004,0.8660254037844384,3375.8,3401.4999999999995,3669.2,3167.7,3343.1142857142854,39.02556549120517,3424.1933333333336,158.1483413920516
2018-11-23,3324.0000000000005,0,4,23,11,4,327,47,2018,-0.433883739117558,-0.9009688679024191,-0.6115298757991053,0.7912213413483807,-0.5000000000000004,0.8660254037844384,3346.8,3339.1000000000004,3662.2,3166.3,3340.9571428571426,39.696005556559996,3412.9199999999996,152.55241360447627
2018-11-24,3314.4,0,5,24,11,4,328,47,2018,-0.9749279121818236,-0.2225209339563146,-0.5978291414589552,0.801623551065242,-0.5000000000000004,0.8660254037844384,3324.0000000000005,3350.7,3674.3,3180.8,3335.7714285714287,40.57247483564831,3400.9233333333336,145.26598833799883
2018-11-25,3219.9000000000005,0,6,25,11,4,329,47,2018,-0.7818314824680299,0.6234898018587334,-0.5839514998576998,0.8117885474764613,-0.5000000000000004,0.8660254037844384,3314.4,3260.2,3650.099999999999,3156.1000000000004,3330.014285714286,53.78954138034977,3386.5833333333335,140.99099771539034
2018-11-26,3328.7,0,0,26,11,4,330,48,2018,0.0,1.0,-0.5699010576127624,0.821713322596059,-0.5000000000000004,0.8660254037844384,3219.9000000000005,3355.0,3620.7,3035.7000000000003,3326.257142857143,52.66010055516227,3376.85,134.18632375454015
2018-11-27,3334.7000000000003,0,1,27,11,4,331,48,2018,0.7818314824680298,0.6234898018587336,-0.5556819724760489,0.8313949395234058,-0.5000000000000004,0.8660254037844384,3328.7,3374.2000000000003,3483.2,3095.7000000000003,3320.6142857142863,48.628504280669105,3371.9000000000005,132.86035448207684
2018-11-28,3362.399999999999,0,2,28,11,4,332,48,2018,0.9749279121818236,-0.22252093395631434,-0.5412984521036173,0.8408305333122887,-0.5000000000000004,0.8660254037844384,3334.7000000000003,3375.8,3563.0,3149.5,3318.7000000000003,46.302123781423724,3365.2133333333336,127.86496576961208
2018-11-29,3350.8,0,3,29,11,4,333,48,2018,0.43388373911755823,-0.900968867902419,-0.5267547528105542,0.8500173118187018,-0.5000000000000004,0.8660254037844384,3362.399999999999,3346.8,3574.9,3145.8,3319.2714285714287,46.72942378868652,3357.7433333333333,121.58426248925976
2018-11-30,3367.7,0,4,30,11,4,334,48,2018,-0.433883739117558,-0.9009688679024191,-0.5120551783114646,0.8589525565270845,-0.5000000000000004,0.8660254037844384,3350.8,3324.0000000000005,3617.3,3095.4,3325.514285714286,50.252675834974404,3349.423333333333,111.31689057118226
2018-12-01,3322.4,0,5,1,12,4,335,48,2018,-0.9749279121818236,-0.2225209339563146,-0.4972040784469378,0.8676336233547726,-2.4492935982947064e-16,1.0,3367.7,3314.4,3570.9,3058.4,3326.657142857143,50.048338538654605,3341.14,103.21921633440878
2018-12-02,3198.7,0,6,2,12,4,336,48,2018,-0.7818314824680299,0.6234898018587334,-0.4822058478963526,0.8760579434344281,-2.4492935982947064e-16,1.0,3322.4,3219.9000000000005,3556.7000000000007,3062.6,3323.628571428571,57.64944967319874,3329.206666666667,98.0012136917566
2018-12-03,3306.8,0,0,3,12,4,337,49,2018,0.0,1.0,-0.46706492487743034,0.8842230238742036,-2.4492935982947064e-16,1.0,3198.7,3328.7,3510.9,2953.8,3320.5,57.921958990843606,3322.403333333333,91.84393240459671
2018-12-04,3341.0999999999995,0,1,4,12,4,338,49,2018,0.7818314824680298,0.6234898018587336,-0.451785789832884,0.8921264484954345,-2.4492935982947064e-16,1.0,3306.8,3334.7000000000003,3412.100000000001,3042.2000000000003,3321.414285714286,58.233135715344424,3320.036666666667,90.35561346732906
2018-12-05,3354.1,0,2,5,12,4,339,49,2018,0.9749279121818236,-0.22252093395631434,-0.4363729641045924,0.8997658785476209,-2.4492935982947064e-16,1.0,3341.0999999999995,3362.399999999999,3510.9999999999995,3002.2000000000003,3320.2285714285713,57.337123352060104,3314.806666666667,83.17673304200017
2018-12-06,3376.4,0,3,6,12,4,340,49,2018,0.43388373911755823,-0.900968867902419,-0.42083100859565564,0.9071390534005044,-2.4492935982947064e-16,1.0,3354.1,3350.8,3436.4,3000.2000000000003,3323.8857142857146,60.34935593615224,3312.8066666666664,80.84073287615573
2018-12-07,3354.2000000000007,0,4,7,12,4,341,49,2018,-0.433883739117558,-0.9009688679024191,-0.4051645224207563,0.9142437912130223,-2.4492935982947064e-16,1.0,3376.4,3367.7,3170.7000000000003,3079.7000000000003,3321.957142857143,58.91448200977275,3318.923333333333,76.54572527235722
2018-12-08,3364.0,0,5,8,12,4,342,49,2018,-0.9749279121818236,-0.2225209339563146,-0.3893781415452015,0.9210779895789526,-2.4492935982947064e-16,1.0,3354.2000000000007,3322.4,3059.5999999999995,3164.9,3327.9000000000005,61.02687932381621,3329.07,59.19368063895068
2018-12-09,3252.0,0,6,9,12,4,343,49,2018,-0.7818314824680299,0.6234898018587334,-0.37347653741307074,0.9276396261490467,-2.4492935982947064e-16,1.0,3364.0,3198.7,3172.6000000000004,3110.4,3335.514285714286,42.83302575398671,3331.7166666666667,53.45305438408903
2018-12-10,3336.5999999999995,0,0,10,12,4,344,50,2018,0.0,1.0,-0.3574644155648614,0.9339267592294762,-2.4492935982947064e-16,1.0,3252.0,3306.8,3256.2000000000003,3047.2,3339.7714285714287,40.94267188345139,3334.396666666667,51.51673637214074
2018-12-11,3365.6,0,1,11,12,4,345,50,2018,0.7818314824680298,0.6234898018587336,-0.34134651424503615,0.9399375283564133,-2.4492935982947064e-16,1.0,3336.5999999999995,3341.0999999999995,3249.6000000000004,3098.6000000000004,3343.2714285714283,42.10584734874655,3338.2633333333333,49.2354966100337
2018-12-12,3340.4999999999995,0,2,12,12,4,346,50,2018,0.9749279121818236,-0.22252093395631434,-0.3251276029999093,0.9456701548465688,-2.4492935982947064e-16,1.0,3365.6,3354.1,3366.1000000000004,3067.6000000000004,3341.328571428571,41.835818556462925,3337.4099999999994,48.95746464868709
2018-12-13,3338.3,0,3,13,12,4,347,50,2018,0.43388373911755823,-0.900968867902419,-0.30881248126625377,0.9511229423235357,-2.4492935982947064e-16,1.0,3340.4999999999995,3376.4,3407.7000000000003,3172.1,3335.8857142857137,38.88703419618193,3335.0966666666664,47.12702192375584
2018-12-14,3326.5999999999995,0,4,14,12,4,348,50,2018,-0.433883739117558,-0.9009688679024191,-0.29240597695107734,0.9562942772197719,-2.4492935982947064e-16,1.0,3338.3,3354.2000000000007,3396.3,3181.9,3331.942857142857,38.11210906190397,3332.773333333333,45.70223667154027
2018-12-15,3306.8,0,5,15,12,4,349,50,2018,-0.9749279121818236,-0.2225209339563146,-0.27591294500296043,0.9611826292540837,-2.4492935982947064e-16,1.0,3326.5999999999995,3364.0,3401.4999999999995,3181.4,3323.7714285714283,36.176176059519534,3329.616666666667,44.03151757809133
2018-12-16,3188.9,0,6,16,12,4,350,50,2018,-0.7818314824680299,0.6234898018587334,-0.2593382659754056,0.9657865518844574,-2.4492935982947064e-16,1.0,3306.8,3252.0,3339.1000000000004,3165.2000000000003,3314.7571428571428,58.198879059765346,3324.61,50.917007185119886
2018-12-17,3221.499999999999,0,0,17,12,4,351,51,2018,0.0,1.0,-0.2426868445825954,0.9701046827361175,-2.4492935982947064e-16,1.0,3188.9,3336.5999999999995,3350.7,3097.1,3298.3142857142852,66.64566573985529,3320.3033333333337,54.004555895509235
2018-12-18,3233.2000000000007,0,1,18,12,4,352,51,2018,0.7818314824680298,0.6234898018587336,-0.22596360824801906,0.974135744004672,-2.4492935982947064e-16,1.0,3221.499999999999,3365.6,3260.2,3171.8,3279.4,63.058332782727014,3319.403333333333,55.251322239339366
2018-12-19,3302.2000000000003,0,2,19,12,4,353,51,2018,0.9749279121818236,-0.22252093395631434,-0.20917350564635637,0.9778785428342386,-2.4492935982947064e-16,1.0,3233.2000000000007,3340.4999999999995,3355.0,3194.7000000000007,3273.9285714285716,58.35979535853049,3317.6433333333334,54.918263298087645
2018-12-20,3344.1000000000004,0,3,20,12,4,354,51,2018,0.43388373911755823,-0.900968867902419,-0.19232150523909483,0.9813319716704275,-2.4492935982947064e-16,1.0,3302.2000000000003,3338.3,3374.2000000000003,3217.1000000000004,3274.7571428571428,59.45689915515865,3316.64,54.1185008839949
2018-12-21,3375.9999999999995,0,4,21,12,4,355,51,2018,-0.433883739117558,-0.9009688679024191,-0.17541259380427843,0.9844950085880858,-2.4492935982947064e-16,1.0,3344.1000000000004,3326.5999999999995,3375.8,3224.4,3281.8142857142857,68.82895293340283,3316.6466666666665,54.12605168737406
2018-12-22,3358.400000000001,0,5,22,12,4,356,51,2018,-0.9749279121818236,-0.2225209339563146,-0.15845177496083632,0.9873667175937016,-2.4492935982947064e-16,1.0,3375.9999999999995,3306.8,3346.8,3233.6000000000004,3289.1857142857148,74.48184182677402,3317.0333333333333,54.38968166172964
2018-12-23,3225.4,0,6,23,12,4,357,51,2018,-0.7818314824680299,0.6234898018587334,-0.14144406768794202,0.9899462489023779,-2.4492935982947064e-16,1.0,3358.400000000001,3188.9,3324.0000000000005,3203.2000000000003,3294.4,67.21401143613689,3313.746666666667,56.87644038847978
2018-12-24,3331.3,0,0,24,12,4,358,52,2018,0.0,1.0,-0.12439450483979998,0.9922328391893008,-2.4492935982947064e-16,1.0,3225.4,3221.499999999999,3314.4,3112.3,3310.0857142857144,59.76516344751753,3314.31,56.96675588325172
2018-12-25,3341.9,0,1,25,12,4,359,52,2018,0.7818314824680298,0.6234898018587336,-0.10730813165636247,0.9942258118156161,-2.4492935982947064e-16,1.0,3331.3,3233.2000000000007,3219.9000000000005,3160.8,3325.6142857142863,49.73936833041242,3318.3766666666666,54.28626347704152
2018-12-26,3409.5999999999995,0,2,26,12,4,360,52,2018,0.9749279121818236,-0.22252093395631434,-0.09019000427034513,0.9959245770286599,-2.4492935982947064e-16,1.0,3341.9,3302.2000000000003,3328.7,3237.9000000000005,3340.957142857143,57.30267175690657,3321.0733333333337,56.769321081829645
2018-12-27,3420.8,0,3,27,12,4,361,52,2018,0.43388373911755823,-0.900968867902419,-0.07304518821104743,0.9973286321364752,-2.4492935982947064e-16,1.0,3409.5999999999995,3344.1000000000004,3334.7000000000003,3238.5000000000005,3351.914285714286,64.8410474049808,3323.943333333333,59.58839671436392
2018-12-28,3419.0,0,4,28,12,4,362,52,2018,-0.433883739117558,-0.9009688679024191,-0.05587875690537313,0.9984375616565666,-2.4492935982947064e-16,1.0,3420.8,3375.9999999999995,3362.399999999999,3230.399999999999,3358.057142857143,69.3810698760575,3325.83,61.70636892183133
2018-12-29,3352.2,0,5,29,12,4,363,52,2018,-0.9749279121818236,-0.2225209339563146,-0.03869579017652689,0.9992510374388481,-2.4492935982947064e-16,1.0,3419.0,3358.400000000001,3350.8,3232.6,3357.1714285714284,69.4155293453074,3325.8766666666666,61.72643028235318
2018-12-30,3244.8,0,6,30,12,4,364,52,2018,-0.7818314824680299,0.6234898018587334,-0.021501372740813793,0.999768818762748,-2.4492935982947064e-16,1.0,3352.2,3225.4,3367.7,3219.7000000000003,3359.942857142857,63.40472792949294,3321.7799999999997,62.92172696404514
2018-12-31,3328.4,0,0,31,12,4,365,1,2018,0.0,1.0,-0.004300592702981974,0.9999907524084426,-2.4492935982947064e-16,1.0,3244.8,3331.3,3322.4,3115.9,3359.5285714285715,63.63213848066517,3321.9800000000005,62.933300214290234
2019-01-01,3294.4,0,1,1,1,1,1,1,2019,0.7818314824680298,0.6234898018587336,0.017201575418260506,0.9998520419557735,0.49999999999999994,0.8660254037844387,3328.4,3341.9,3198.7,3122.500000000002,3352.7428571428572,68.1944977532135,3325.1699999999996,58.755725473029244
2019-01-02,3316.4,0,2,2,1,1,2,1,2019,0.9749279121818236,-0.22252093395631434,0.03439806061360801,0.9994082116062598,0.49999999999999994,0.8660254037844387,3294.4,3409.5999999999995,3306.8,3208.8,3339.4285714285716,64.22631117869533,3325.4900000000002,58.67831855945964
2019-01-03,3367.3,0,3,3,1,1,3,1,2019,0.43388373911755823,-0.900968867902419,0.051584366869408364,0.9986686402879997,0.49999999999999994,0.8660254037844387,3316.4,3420.8,3341.0999999999995,3294.9,3331.785714285714,55.52286101455569,3326.3633333333332,59.11202971875667
2019-01-04,3403.4,0,4,4,1,1,4,1,2019,-0.433883739117558,-0.9009688679024191,0.06875540848113941,0.9976335468520451,0.49999999999999994,0.8660254037844387,3367.3,3419.0,3354.1,3258.3000000000006,3329.5571428571425,51.61433447999791,3328.0066666666667,60.57683598101811
2019-01-05,3366.8,0,5,5,1,1,5,1,2019,-0.9749279121818236,-0.2225209339563146,0.08590610426133272,0.9963032375991965,0.49999999999999994,0.8660254037844387,3403.4,3352.2,3376.4,3273.0,3331.6428571428573,52.95928804732713,3327.686666666667,60.33726322375949
2019-01-06,3256.5000000000005,0,6,6,1,1,6,1,2019,-0.7818314824680299,0.6234898018587334,0.10303137904317879,0.9946781061893646,0.49999999999999994,0.8660254037844387,3366.8,3244.8,3354.2000000000007,3244.4000000000005,3333.3142857142857,49.85533834915097,3324.4300000000003,61.48265328669804
2019-01-07,3338.000000000001,0,0,7,1,1,7,2,2019,0.0,1.0,0.1201261651823505,0.9927586335250793,0.49999999999999994,0.8660254037844387,3256.5000000000005,3328.4,3364.0,3138.9,3334.6857142857148,49.82965745325089,3323.5633333333335,61.0876164624008
2019-01-08,3392.899999999999,0,1,8,1,1,8,2,2019,0.7818314824680298,0.6234898018587336,0.13718540405660057,0.9905453876091833,0.49999999999999994,0.8660254037844387,3338.000000000001,3294.4,3252.0,3251.800000000001,3348.7571428571428,50.46103635954884,3328.26,60.81166857176884
2019-01-09,3386.0999999999995,0,2,9,1,1,9,2,2019,0.9749279121818236,-0.22252093395631434,0.1542040475626894,0.988039023376751,0.49999999999999994,0.8660254037844387,3392.899999999999,3316.4,3336.5999999999995,3300.3,3358.714285714286,49.88551655448961,3329.9100000000003,61.71065604063379
2019-01-10,3413.7,0,3,10,1,1,10,2,2019,0.43388373911755823,-0.900968867902419,0.17117705961019986,0.985240282501282,0.49999999999999994,0.8660254037844387,3386.0999999999995,3367.3,3365.6,3308.7,3365.3428571428567,54.11952380746095,3331.513333333334,63.27493774889334
2019-01-11,3438.0000000000005,0,4,11,1,1,11,2,2019,-0.433883739117558,-0.9009688679024191,0.18809941761179758,0.9821499931752291,0.49999999999999994,0.8660254037844387,3413.7,3403.4,3340.4999999999995,3317.4,3370.285714285714,59.48841423819351,3334.763333333334,66.18927657357513
2019-01-12,3404.0,0,5,12,1,1,12,2,2019,-0.9749279121818236,-0.2225209339563146,0.20496611396949532,0.9787690698649216,0.49999999999999994,0.8660254037844387,3438.0000000000005,3366.8,3338.3,3355.6000000000004,3375.5999999999995,60.772855782853135,3336.9533333333334,67.38640880736936
2019-01-13,3293.8,0,6,13,1,1,13,2,2019,-0.7818314824680299,0.6234898018587334,0.22177215755648186,0.975098513039961,0.49999999999999994,0.8660254037844387,3404.0,3256.5000000000005,3326.5999999999995,3333.899999999999,3380.9285714285716,49.10484410207593,3335.86,67.82484337844231
2019-01-14,3278.9,0,0,14,1,1,14,3,2019,0.0,1.0,0.23851257519407648,0.9711394088771653,0.49999999999999994,0.8660254037844387,3293.8,3338.000000000001,3306.8,3121.7,3372.485714285714,61.28581751575905,3334.93,68.42566643874281
2019-01-15,3281.3,0,1,15,1,1,15,3,2019,0.7818314824680298,0.6234898018587336,0.2551824131233728,0.9668929289391521,0.49999999999999994,0.8660254037844387,3278.9,3392.899999999999,3188.9,3166.9000000000005,3356.5428571428574,69.10689442556638,3338.01,63.53030962760368
2019-01-16,3325.7000000000003,0,2,16,1,1,16,3,2019,0.9749279121818236,-0.22252093395631434,0.2717767384711357,0.9623603298276545,0.49999999999999994,0.8660254037844387,3281.3,3386.0999999999995,3221.499999999999,3243.9,3347.914285714286,68.5699989930604,3341.483333333333,59.672075623320424
2019-01-17,3362.5999999999995,0,3,17,1,1,17,3,2019,0.43388373911755823,-0.900968867902419,0.2882906407095177,0.9575429528116719,0.49999999999999994,0.8660254037844387,3325.7000000000003,3413.7,3233.2000000000007,3300.8,3340.6142857142863,62.88342199585131,3345.796666666667,56.14772070378061
2019-01-18,3409.2000000000003,0,4,18,1,1,18,3,2019,-0.433883739117558,-0.9009688679024191,0.3047192331091634,0.9524422234305676,0.49999999999999994,0.8660254037844387,3362.5999999999995,3438.0000000000005,3302.2000000000003,3312.2,3336.5,56.01708072844283,3349.3633333333337,56.67880150664577
2019-01-19,3399.3,0,5,19,1,1,19,3,2019,-0.9749279121818236,-0.2225209339563146,0.321057654185271,0.9470596510722283,0.49999999999999994,0.8660254037844387,3409.2000000000003,3404.0,3344.1000000000004,3303.7000000000003,3335.8285714285716,55.09372965794386,3351.2033333333334,57.39353251641257
2019-01-20,3298.2,0,6,20,1,1,20,3,2019,-0.7818314824680299,0.6234898018587334,0.3373010691361842,0.9413968285264122,0.49999999999999994,0.8660254037844387,3399.3,3293.8,3375.9999999999995,3303.6000000000004,3336.4571428571426,54.55678561963138,3348.61,57.98906763793596
2019-01-21,3304.1000000000004,0,0,21,1,1,21,4,2019,0.0,1.0,0.3534446712740877,0.9354554315134164,0.49999999999999994,0.8660254037844387,3298.2,3278.9,3358.400000000001,3190.6,3340.057142857143,50.829940558163244,3346.8,58.51797248237629
2019-01-22,3244.8,0,1,22,1,1,22,4,2019,0.7818314824680298,0.6234898018587336,0.3694836834473831,0.9292372181882051,0.49999999999999994,0.8660254037844387,3304.1000000000004,3281.3,3225.4,3278.1,3334.8428571428567,59.06676609690437,3347.4466666666663,57.22301642866506
2019-01-23,3337.4,0,2,23,1,1,23,4,2019,0.9749279121818236,-0.22252093395631434,0.38541335945432564,0.9227440286201427,0.49999999999999994,0.8660254037844387,3244.8,3325.7000000000003,3331.3,3254.5,3336.514285714286,58.93030993109557,3347.65,57.17448038151655
2019-01-24,3334.8,0,3,24,1,1,24,4,2019,0.43388373911755823,-0.900968867902419,0.4012289854475009,0.9159777842484877,0.49999999999999994,0.8660254037844387,3337.4,3362.5999999999995,3341.9,3233.6000000000004,3332.542857142857,57.805358954106396,3347.4133333333334,57.21378380662421
2019-01-25,3289.5999999999995,0,4,25,1,1,25,4,2019,-0.433883739117558,-0.9009688679024191,0.4169258813287287,0.908940487313808,0.49999999999999994,0.8660254037844387,3334.8,3409.2000000000003,3409.5999999999995,3250.4000000000005,3315.4571428571426,48.258120461532464,3343.413333333333,56.91018170423527
2019-01-26,3084.3000000000006,0,5,26,1,1,26,4,2019,-0.9749279121818236,-0.2225209339563146,0.4324994021339788,0.901634220265486,0.49999999999999994,0.8660254037844387,3289.5999999999995,3399.3,3420.8,3104.4999999999995,3270.457142857143,87.75161645508186,3332.196666666667,72.2306911715949
2019-01-27,3078.3,0,6,27,1,1,27,4,2019,-0.7818314824680299,0.6234898018587334,0.44794493940789115,0.8940611451454876,0.49999999999999994,0.8660254037844387,3084.3000000000006,3298.2,3419.0,3187.8,3239.042857142857,112.13739871461185,3320.8400000000006,83.94587583059342
2019-01-28,3243.7000000000003,0,0,28,1,1,28,5,2019,0.0,1.0,0.4632579225674917,0.88622350294858,0.49999999999999994,0.8660254037844387,3078.3,3304.1000000000004,3352.2,3147.4,3230.414285714286,108.56401227804915,3317.2233333333334,84.88026326510726
2019-01-29,3298.4,0,1,29,1,1,29,5,2019,0.7818314824680298,0.6234898018587336,0.4784338202547012,0.8781236129591848,0.49999999999999994,0.8660254037844387,3243.7000000000003,3244.8,3244.8,3242.5,3238.0714285714284,111.59566470502344,3319.01,83.86124150992579
2019-01-30,3350.5,0,2,30,1,1,30,5,2019,0.9749279121818236,-0.22252093395631434,0.49346814167723735,0.8697638720650646,0.49999999999999994,0.8660254037844387,3298.4,3337.4,3328.4,3265.7,3239.942857142857,113.63029022732667,3319.7466666666664,84.04344005389027
2019-01-31,3349.9,0,3,31,1,1,31,5,2019,0.43388373911755823,-0.900968867902419,0.5083564379375122,0.8611467540480452,0.49999999999999994,0.8660254037844387,3350.5,3334.8,3294.4,3272.8,3242.1,115.8527657560965,3321.596666666667,84.07709714522562
2019-02-01,3345.3,0,4,1,2,1,32,5,2019,-0.433883739117558,-0.9009688679024191,0.5230943033491326,0.8522748088519838,0.8660254037844386,0.5000000000000001,3349.9,3289.5999999999995,3316.4,3270.3,3250.057142857143,121.43719717263937,3322.56,84.18100203399914
2019-02-02,3340.6,0,5,2,2,1,33,5,2019,-0.9749279121818236,-0.2225209339563146,0.5376773767406141,0.8431506618282,0.8660254037844386,0.5000000000000001,3345.3,3084.3000000000006,3367.3,3287.7,3286.671428571429,99.8501329374312,3321.67,83.83209882320338
2019-02-03,3247.1000000000004,0,6,3,2,1,34,5,2019,-0.7818314824680299,0.6234898018587334,0.5521013427459208,0.8337770129585915,0.8660254037844386,0.5000000000000001,3340.6,3078.3,3403.4,3282.5,3310.785714285714,48.12665334207635,3316.46,83.43351100499478
2019-02-04,3338.1,0,0,4,2,1,35,6,2019,0.0,1.0,0.5663619330814524,0.8241566360566663,0.8660254037844386,0.5000000000000001,3247.1000000000004,3243.7000000000003,3366.8,3167.6,3324.2714285714287,38.44817786262457,3315.503333333333,82.99981089855144
2019-02-05,3421.699999999999,0,1,5,2,1,36,6,2019,0.7818314824680298,0.6234898018587336,0.580454927809098,0.8142923779467267,0.8660254037844386,0.5000000000000001,3338.1,3298.4,3256.5000000000005,3254.1000000000004,3341.8857142857137,50.86047675004332,3321.01,84.41823773373174
2019-02-06,3415.1000000000017,0,2,6,2,1,37,6,2019,0.9749279121818236,-0.22252093395631434,0.5943761565849831,0.804187157621448,0.8660254037844386,0.5000000000000001,3421.699999999999,3350.5,3338.000000000001,3304.4,3351.1142857142854,58.03833298124384,3323.58,86.10996337882939
2019-02-07,3297.8000000000006,0,3,7,2,1,38,6,2019,0.43388373911755823,-0.900968867902419,0.6081214998935418,0.7938439653781019,0.8660254037844386,0.5000000000000001,3415.1000000000017,3349.9,3392.899999999999,3297.8,3343.671428571429,61.459816527733636,3320.4100000000003,85.21589761832267
2019-02-08,3309.5,0,4,8,2,1,39,6,2019,-0.433883739117558,-0.9009688679024191,0.6216868902665479,0.7832658619336791,0.8660254037844386,0.5000000000000001,3297.8000000000006,3345.3,3386.0999999999995,3285.9000000000005,3338.557142857143,62.77711518124916,3317.8566666666666,84.32265488252068
2019-02-09,3288.0000000000005,0,5,9,2,1,40,6,2019,-0.9749279121818236,-0.2225209339563146,0.6350683134867438,0.7724559775191742,0.8660254037844386,0.5000000000000001,3309.5,3340.6,3413.7,3315.5,3331.0428571428574,65.57743151277849,3313.6666666666665,82.49927620720418
2019-02-10,3207.4,0,6,10,2,1,41,6,2019,-0.7818314824680299,0.6234898018587334,0.6482618097757122,0.7614175109532997,0.8660254037844386,0.5000000000000001,3288.0000000000005,3247.1000000000004,3438.0000000000005,3305.6,3325.371428571429,75.07595518954582,3305.9800000000005,81.24867489635591
2019-02-11,3325.4,0,0,11,2,1,42,7,2019,0.0,1.0,0.6612634749656386,0.7501537286959042,0.8660254037844386,0.5000000000000001,3207.4,3338.1,3404.0,3089.7000000000003,3323.557142857143,74.87026239088412,3303.36,79.22085061657533
2019-02-12,3395.4,0,1,12,2,1,43,7,2019,0.7818314824680298,0.6234898018587336,0.6740694616546161,0.7386679638813748,0.8660254037844386,0.5000000000000001,3325.4,3421.699999999999,3293.8,3100.3000000000006,3319.8,69.59873083136664,3306.7466666666664,80.95086518816575
2019-02-13,3413.3,0,2,13,2,1,44,7,2019,0.9749279121818236,-0.22252093395631434,0.6866759803451553,0.726963615332308,0.8660254037844386,0.5000000000000001,3395.4,3415.1000000000017,3278.9,3156.9,3319.5428571428574,69.19007291859025,3311.226666666667,83.04844839976917
2019-02-14,3379.5,0,3,14,2,1,45,7,2019,0.43388373911755823,-0.900968867902419,0.6990793005655562,0.7150441465537444,0.8660254037844386,0.5000000000000001,3413.3,3297.8000000000006,3281.3,3177.2000000000003,3331.2142857142862,71.75438264367601,3314.5,83.76043424450177
2019-02-15,3348.3,0,4,15,2,1,46,7,2019,-0.433883739117558,-0.9009688679024191,0.7112757519738152,0.7029130847082615,0.8660254037844386,0.5000000000000001,3379.5,3309.5,3325.7000000000003,3232.2000000000007,3336.757142857143,71.29457335926651,3315.2533333333336,83.96601830434128
2019-02-16,3313.7,0,5,16,2,1,47,7,2019,-0.9749279121818236,-0.2225209339563146,0.7232617254437388,0.6905740195722294,0.8660254037844386,0.5000000000000001,3348.3,3288.0000000000005,3362.5999999999995,3285.4,3340.428571428572,68.9897507916166,3313.6233333333334,83.48848230840491
2019-02-17,3268.0000000000005,0,6,17,2,1,48,7,2019,-0.7818314824680299,0.6234898018587334,0.7350336741329412,0.6780306024735382,0.8660254037844386,0.5000000000000001,3313.7,3207.4,3409.2000000000003,3281.7000000000003,3349.0857142857144,50.96107758451611,3308.9166666666665,81.87911225085696
2019-02-18,3360.8,0,0,18,2,1,49,8,2019,0.0,1.0,0.746588114532413,0.6652865452111116,0.8660254037844386,0.5000000000000001,3268.0000000000005,3325.4,3399.3,3185.7,3354.1428571428573,49.965616749385724,3307.633333333333,80.70696390639681
2019-02-19,3438.4000000000005,0,1,19,2,1,50,8,2019,0.7818314824680298,0.6234898018587336,0.7579216274973472,0.6523456189565257,0.8660254037844386,0.5000000000000001,3360.8,3395.4,3298.2,3276.7,3360.2857142857147,57.896961019052995,3312.3066666666664,84.1285016008791
2019-02-20,3452.6000000000004,0,2,20,2,1,51,8,2019,0.9749279121818236,-0.22252093395631434,0.7690308592589181,0.6392116531380588,0.8660254037844386,0.5000000000000001,3438.4000000000005,3413.3,3304.1000000000004,3346.9,3365.9,65.32370677380702,3317.256666666667,87.9126395656632
2019-02-21,3484.1,0,3,21,2,1,52,8,2019,0.43388373911755823,-0.900968867902419,0.7799125224167177,0.6258885343075018,0.8660254037844386,0.5000000000000001,3452.6000000000004,3379.5,3244.8,3351.0,3380.842857142857,79.40022789942006,3325.233333333334,91.87852675223309
2019-02-22,3510.9999999999995,0,4,22,2,1,53,8,2019,-0.433883739117558,-0.9009688679024191,0.7905633969115482,0.612380204990065,0.8660254037844386,0.5000000000000001,3484.1,3348.3,3337.4,3379.8,3404.085714285714,91.22007141290275,3331.02,97.93821204877194
2019-02-23,3497.9,0,5,23,2,1,54,8,2019,-0.9749279121818236,-0.2225209339563146,0.8009803309782905,0.5986906625177214,0.8660254037844386,0.5000000000000001,3510.9999999999995,3313.7,3334.8,3388.8,3430.4,87.28407644011402,3336.4566666666665,102.57257038507989
2019-02-24,3376.6,0,6,24,2,1,55,8,2019,-0.7818314824680299,0.6234898018587334,0.8111602420785621,0.5848239578463322,0.8660254037844386,0.5000000000000001,3497.9,3268.0000000000005,3289.5999999999995,3355.3000000000006,3445.914285714286,58.519068931205105,3339.356666666667,102.43189051951623
2019-02-25,3440.0,0,0,25,2,1,56,9,2019,0.0,1.0,0.8211001178128892,0.5707841943569036,0.8660254037844386,0.5000000000000001,3376.6,3360.8,3084.3000000000006,3311.0,3457.2285714285713,45.536312040935414,3351.2133333333336,91.93967937554497
2019-02-26,3448.2999999999997,0,1,26,2,1,57,9,2019,0.7818314824680298,0.6234898018587336,0.8307970168121247,0.5565755266413303,0.8660254037844386,0.5000000000000001,3440.0,3438.4000000000005,3078.3,3361.899999999999,3458.6428571428573,45.004698167486794,3363.5466666666666,77.79616041111845
2019-02-27,3420.4,0,2,27,2,1,58,9,2019,0.9749279121818236,-0.22252093395631434,0.8402480696078469,0.5422021592729844,0.8660254037844386,0.5000000000000001,3448.2999999999997,3452.6000000000004,3243.7000000000003,3428.5,3454.042857142857,47.31176235511188,3369.436666666667,75.05017853976362
2019-02-28,3423.6,0,3,28,2,1,59,9,2019,0.43388373911755823,-0.900968867902419,0.8494504794814806,0.527668345562516,0.8660254037844386,0.5000000000000001,3420.4,3484.1,3298.4,3456.6000000000004,3445.4,46.423521337109385,3373.61,74.4423653481034
2019-03-01,3486.1,0,4,1,3,1,60,9,2019,-0.433883739117558,-0.9009688679024191,0.8584015232918917,0.512978386299228,1.0,6.123233995736766e-17,3423.6,3510.9999999999995,3350.5,3426.4,3441.842857142857,41.221792664559295,3378.13,77.06140028440252
2019-03-02,3464.7999999999997,0,5,2,3,1,61,9,2019,-0.9749279121818236,-0.2225209339563146,0.8670985522812081,0.4981366284784055,1.0,6.123233995736766e-17,3486.1,3497.9,3349.9,3123.5,3437.1142857142854,35.174632363515556,3381.96,78.45271187154593
2019-03-03,3287.0000000000005,0,6,3,3,1,62,9,2019,-0.7818314824680299,0.6234898018587334,0.8755389928586302,0.4831474640149687,1.0,6.123233995736766e-17,3464.7999999999997,3376.6,3345.3,3190.1,3424.3142857142852,64.74175439319244,3380.016666666667,80.09695884421427
2019-03-04,3414.3,0,0,4,3,1,63,10,2019,0.0,1.0,0.8837203473619977,0.4680153284438345,1.0,6.123233995736766e-17,3287.0000000000005,3440.0,3340.6,3293.4999999999995,3420.6428571428573,64.43195007509767,3382.473333333334,79.9764574554677
2019-03-05,3490.3000000000006,0,1,5,3,1,64,10,2019,0.7818314824680298,0.6234898018587336,0.8916401947968874,0.45274469960737107,1.0,6.123233995736766e-17,3414.3,3448.2999999999997,3247.1000000000004,3358.2000000000003,3426.6428571428573,69.21471079532083,3390.58,78.08480977271557
2019-03-06,3505.6000000000004,0,2,6,3,1,65,10,2019,0.9749279121818236,-0.22252093395631434,0.8992961915530253,0.4373400963303323,1.0,6.123233995736766e-17,3490.3000000000006,3420.4,3338.1,3419.5000000000005,3438.8142857142857,75.16904124643663,3396.1633333333334,80.16365365810049
2019-03-07,3549.4,0,3,7,3,1,66,10,2019,0.43388373911755823,-0.900968867902419,0.9066860720977985,0.4218060770826634,1.0,6.123233995736766e-17,3505.6000000000004,3423.6,3421.699999999999,3440.4999999999995,3456.785714285714,85.28308602477115,3400.42,84.82149776299882
2019-03-08,3570.000000000002,0,4,8,3,1,67,10,2019,-0.433883739117558,-0.9009688679024191,0.9138076496466615,0.40614723863057883,1.0,6.123233995736766e-17,3549.4,3486.1,3415.1000000000017,3456.7000000000003,3468.7714285714287,95.38673412808967,3405.583333333334,90.28460396237824
2019-03-09,3533.399999999999,0,5,9,3,1,68,10,2019,-0.9749279121818236,-0.2225209339563146,0.9206588168102428,0.3903682146763026,1.0,6.123233995736766e-17,3570.000000000002,3464.7999999999997,3297.8000000000006,3458.9,3478.571428571429,98.38747742619239,3413.436666666667,90.83095129218603
2019-03-10,3444.6,0,6,10,3,1,69,10,2019,-0.7818314824680299,0.6234898018587334,0.9272375462179537,0.374473674486883,1.0,6.123233995736766e-17,3533.399999999999,3287.0000000000005,3309.5,3437.499999999999,3501.0857142857144,56.253545920015306,3417.9400000000005,88.82713005879761
2019-03-11,3568.399999999999,0,0,11,3,1,70,11,2019,0.0,1.0,0.9335418911179212,0.35846832151248087,1.0,6.123233995736766e-17,3444.6,3414.3,3288.0000000000005,3347.0,3523.100000000001,45.814517349895,3427.286666666667,89.43317957668272
2019-03-12,3628.0,0,1,12,3,1,71,11,2019,0.7818314824680298,0.6234898018587336,0.9395699859530622,0.342356891994542,1.0,6.123233995736766e-17,3568.399999999999,3490.3000000000006,3207.4,3458.3,3542.7714285714287,57.46482153708955,3441.3066666666664,86.69991820118244
2019-03-13,3618.1,0,2,13,3,1,72,11,2019,0.9749279121818236,-0.22252093395631434,0.945320046913132,0.3261441535642696,1.0,6.123233995736766e-17,3628.0,3505.6000000000004,3325.4,3498.7000000000003,3558.842857142857,60.961568690009074,3451.063333333333,89.62664891315568
2019-03-14,3578.3,0,3,14,3,1,73,11,2019,0.43388373911755823,-0.900968867902419,0.9507903724625832,0.3098349038318025,1.0,6.123233995736766e-17,3618.1,3549.4,3395.4,3500.9,3562.9714285714285,61.19364657344928,3457.1600000000003,91.90152750972346
2019-03-15,3576.6000000000004,0,4,15,3,1,74,11,2019,-0.433883739117558,-0.9009688679024191,0.9559793438440766,0.2934339689665273,1.0,6.123233995736766e-17,3578.3,3570.000000000002,3413.3,3485.4,3563.9142857142856,61.370580046484264,3462.6033333333335,94.02570258778292
2019-03-16,3593.1,0,5,16,3,1,75,11,2019,-0.9749279121818236,-0.2225209339563146,0.9608854255574977,0.27694620226893646,1.0,6.123233995736766e-17,3576.6000000000004,3533.399999999999,3379.5,3425.2,3572.442857142857,60.56624079314608,3469.723333333334,95.59009717622787
2019-03-17,3464.9,0,6,17,3,1,76,11,2019,-0.7818314824680299,0.6234898018587334,0.9655071658143364,0.2603764827344581,1.0,6.123233995736766e-17,3593.1,3444.6,3348.3,3316.6,3575.342857142857,53.49831328007779,3473.61,92.81293514933277
2019-03-18,3565.1,0,0,18,3,1,77,12,2019,0.0,1.0,0.969843196967294,0.24372971360968387,1.0,6.123233995736766e-17,3464.9,3568.399999999999,3313.7,3235.3,3574.871428571428,53.584161661410754,3481.9900000000002,89.15416075153256
2019-03-19,3660.000000000001,0,1,19,3,1,78,12,2019,0.7818314824680298,0.6234898018587336,0.9738922359149924,0.22701082094141847,1.0,6.123233995736766e-17,3565.1,3628.0,3268.0000000000005,3393.2999999999997,3579.442857142857,59.86862999223131,3495.056666666667,85.35507452475343
2019-03-20,3609.8,0,2,20,3,1,79,12,2019,0.9749279121818236,-0.22252093395631434,0.9776530844816641,0.2102247521189836,1.0,6.123233995736766e-17,3660.000000000001,3618.1,3360.8,3445.8,3578.257142857143,59.052035165155004,3503.3566666666666,83.94449185410234
2019-03-21,3264.4,0,3,21,3,1,80,12,2019,0.43388373911755823,-0.900968867902419,0.981124629771712,0.19337647441020586,1.0,6.123233995736766e-17,3609.8,3578.3,3438.4000000000005,3449.0000000000005,3533.414285714286,132.50974088185103,3497.556666666667,93.9965835158037
2019-03-22,3409.1,0,4,22,3,1,81,12,2019,-0.433883739117558,-0.9009688679024191,0.984305844499033,0.17647097349152166,1.0,6.123233995736766e-17,3264.4,3576.6000000000004,3452.6000000000004,3479.6000000000004,3509.4857142857145,138.403991134319,3496.1066666666666,95.0436884419132
2019-03-23,3546.799999999999,0,5,23,3,1,82,12,2019,-0.9749279121818236,-0.2225209339563146,0.9871957872910085,0.15951325197263655,1.0,6.123233995736766e-17,3409.1,3593.1,3484.1,3523.0999999999995,3502.871428571428,134.80155432198444,3498.1966666666663,95.45903430207557
2019-03-24,3511.9000000000005,0,6,24,3,1,83,12,2019,-0.7818314824680299,0.6234898018587334,0.9897936029670716,0.14250832791617088,1.0,6.123233995736766e-17,3546.799999999999,3464.9,3510.9999999999995,3516.2000000000003,3509.585714285714,133.7615219781408,3498.226666666667,95.46333809133228
2019-03-25,3643.7,0,0,25,3,1,84,13,2019,0.0,1.0,0.992098522791769,0.12546123335273648,1.0,6.123233995736766e-17,3511.9000000000005,3565.1,3497.9,3387.2,3520.8142857142857,142.22933861165436,3503.086666666667,99.08860797228324
2019-03-26,3672.8,0,1,26,3,1,85,13,2019,0.7818314824680298,0.6234898018587336,0.9941098647022418,0.10837701279187609,1.0,6.123233995736766e-17,3643.7,3660.000000000001,3376.6,3522.2,3522.6428571428573,144.38299596494517,3512.96,100.79293762889263
2019-03-27,3713.7,0,2,27,3,1,86,13,2019,0.9749279121818236,-0.22252093395631434,0.9958270335100595,0.09126072172931188,1.0,6.123233995736766e-17,3672.8,3609.8,3440.0,3560.4000000000005,3537.485714285714,159.39625077745274,3522.0833333333335,106.20305886669857
2019-03-28,3733.900000000001,0,3,28,3,1,87,13,2019,0.43388373911755823,-0.900968867902419,0.9972495210773451,0.07411742515094437,1.0,6.123233995736766e-17,3713.7,3264.4,3448.2999999999997,3593.5,3604.557142857143,118.99279890178286,3531.6033333333335,112.00323420001824
2019-03-29,3788.0,0,4,29,3,1,88,13,2019,-0.433883739117558,-0.9009688679024191,0.998376906467142,0.056952196034039754,1.0,6.123233995736766e-17,3733.900000000001,3409.1,3420.4,3594.6,3658.6857142857143,99.91178490002447,3543.8566666666666,119.28894992710933
2019-03-30,3796.2,0,5,30,3,1,89,13,2019,-0.9749279121818236,-0.2225209339563146,0.9992088560679753,0.03977011384605572,1.0,6.123233995736766e-17,3788.0,3546.799999999999,3423.6,3514.6,3694.3142857142857,97.80949900312375,3556.2766666666666,125.56816443485967
2019-03-31,3590.8000000000006,0,6,31,3,1,90,13,2019,-0.7818314824680299,0.6234898018587334,0.9997451236925734,0.022576263041545485,1.0,6.123233995736766e-17,3796.2,3511.9000000000005,3486.1,3418.8,3705.5857142857144,75.2231220785344,3559.766666666667,125.0041718844034
2019-04-01,3648.900000000001,0,0,1,4,2,91,14,2019,0.0,1.0,0.9999855506507186,0.005375731557583884,0.8660254037844387,-0.4999999999999998,3590.8000000000006,3643.7,3464.7999999999997,3343.6,3706.3285714285716,74.53262628511324,3565.9033333333336,124.6998561604483
2019-04-02,3761.3000000000006,0,1,2,4,2,92,14,2019,0.7818314824680298,0.6234898018587336,0.9999300657962057,-0.011826390691832589,0.8660254037844387,-0.4999999999999998,3648.900000000001,3672.8,3287.0000000000005,3350.2000000000003,3718.971428571429,75.39835794602139,3581.7133333333336,118.00725791043507
2019-04-03,3824.6,0,2,3,4,2,93,14,2019,0.9749279121818236,-0.22252093395631434,0.9995786855478958,-0.029025013321975237,0.8660254037844387,-0.4999999999999998,3761.3000000000006,3713.7,3414.3,3494.6,3734.814285714286,85.1294196811072,3595.39,121.65537064550928
2019-04-04,3847.5,0,3,4,4,2,94,14,2019,0.43388373911755823,-0.900968867902419,0.9989315138848577,-0.046215046983708354,0.8660254037844387,-0.4999999999999998,3824.6,3733.900000000001,3490.3000000000006,3557.0000000000005,3751.0428571428574,95.16282287294159,3607.296666666667,128.31310434685193
2019-04-05,3812.2,0,4,5,4,2,95,14,2019,-0.433883739117558,-0.9009688679024191,0.9979887423155984,-0.06339140486951038,0.8660254037844387,-0.4999999999999998,3847.5,3788.0,3505.6000000000004,3543.2,3754.5,97.14806568671689,3617.516666666667,132.08840321681336
2019-04-06,3724.499999999999,0,5,6,4,2,96,14,2019,-0.9749279121818236,-0.2225209339563146,0.9967506498213929,-0.08054900421874167,0.8660254037844387,-0.4999999999999998,3812.2,3796.2,3549.4,3502.1,3744.2571428571428,95.78898435526669,3623.3533333333335,132.84118008522964
2019-04-07,3483.7,0,6,7,4,2,97,14,2019,-0.7818314824680299,0.6234898018587334,0.9952176027737294,-0.09768276782171598,0.8660254037844387,-0.4999999999999998,3724.499999999999,3590.8000000000006,3570.000000000002,3386.7,3728.957142857143,127.64238921225801,3620.4766666666665,134.95399135115954
2019-04-08,3656.8,0,0,8,4,2,98,15,2019,0.0,1.0,0.9933900548258936,-0.11478762552212701,0.8660254037844387,-0.4999999999999998,3483.7,3648.900000000001,3533.399999999999,3265.8,3730.085714285714,126.84903663505747,3624.5899999999997,134.086213516424
2019-04-09,3727.6,0,1,9,4,2,99,15,2019,0.7818314824680298,0.6234898018587336,0.9912685467787256,-0.13185851571739118,0.8660254037844387,-0.4999999999999998,3656.8,3761.3000000000006,3444.6,3361.8,3725.2714285714287,126.10423881703218,3634.023333333333,130.90392550509438
2019-04-10,3770.4,0,2,10,4,2,100,15,2019,0.9749279121818236,-0.22252093395631434,0.9888537064205885,-0.1488903868564548,0.8660254037844387,-0.4999999999999998,3727.6,3824.6,3568.399999999999,3449.8,3717.528571428571,120.52968810334549,3640.7566666666667,132.59626739254915
2019-04-11,3796.7,0,3,11,4,2,101,15,2019,0.43388373911755823,-0.900968867902419,0.986146248341595,-0.16587819893463143,0.8660254037844387,-0.4999999999999998,3770.4,3847.5,3628.0,3375.5,3710.2714285714283,112.67306265307187,3646.3799999999997,135.58026862850994
2019-04-12,3832.7,0,4,12,4,2,102,15,2019,-0.433883739117558,-0.9009688679024191,0.9831469737221499,-0.1828169249850199,0.8660254037844387,-0.4999999999999998,3796.7,3812.2,3618.1,3370.9,3713.2000000000003,115.98175143819255,3653.5333333333333,139.6372821803412
2019-04-13,3804.4,0,5,13,4,2,103,15,2019,-0.9749279121818236,-0.2225209339563146,0.9798567700958665,-0.1997015525660636,0.8660254037844387,-0.4999999999999998,3832.7,3724.499999999999,3578.3,3469.4,3724.6142857142854,121.0979965231002,3661.07,141.52557987381743
2019-04-14,3688.599999999999,0,6,14,4,2,104,15,2019,-0.7818314824680299,0.6234898018587334,0.9762766110869321,-0.21652708524481437,0.8660254037844387,-0.4999999999999998,3804.4,3483.7,3576.6000000000004,3469.2,3753.8857142857137,64.86905858657744,3664.8033333333337,140.69529189322267
2019-04-15,3786.999999999999,0,0,15,4,2,105,16,2019,0.0,1.0,0.9724075561219968,-0.23328854407545518,0.8660254037844387,-0.4999999999999998,3688.599999999999,3656.8,3593.1,3359.1,3772.485714285714,49.15480405727218,3671.266666666667,141.7376409094433
2019-04-16,3576.1,0,1,16,4,2,106,16,2019,0.7818314824680298,0.6234898018587336,0.9682507501166718,-0.2499809690726521,0.8660254037844387,-0.4999999999999998,3786.999999999999,3727.6,3464.9,3522.4999999999995,3750.8428571428562,89.22900980331583,3674.9733333333334,137.5467968850344
2019-04-17,3392.9,0,2,17,4,2,107,16,2019,0.9749279121818236,-0.22252093395631434,0.9638074231367307,-0.26659942067929354,0.8660254037844387,-0.4999999999999998,3576.1,3770.4,3565.1,3582.8,3696.9142857142856,160.8070627446924,3669.233333333333,145.6447386109675
2019-04-18,3450.4999999999995,0,3,18,4,2,108,16,2019,0.43388373911755823,-0.900968867902419,0.9590788900341131,-0.28313898122818354,0.8660254037844387,-0.4999999999999998,3392.9,3796.7,3660.000000000001,3568.8,3647.4571428571426,177.3857459243749,3662.25,151.02583873469075
2019-04-19,3507.0,0,4,19,4,2,109,16,2019,-0.433883739117558,-0.9009688679024191,0.9540665500578387,-0.2995947563972602,0.8660254037844387,-0.4999999999999998,3450.4999999999995,3832.7,3609.8,3649.400000000001,3600.928571428571,162.8154140357204,3658.8233333333337,153.40442533591806
2019-04-20,3582.2,0,5,20,4,2,110,16,2019,-0.9749279121818236,-0.2225209339563146,0.9487718864399473,-0.31596187665790293,0.8660254037844387,-0.4999999999999998,3507.0,3804.4,3264.4,3573.1000000000004,3569.1857142857143,135.9840852032892,3669.4166666666665,135.11035357691043
2019-04-21,3484.2000000000003,0,6,21,4,2,111,16,2019,-0.7818314824680299,0.6234898018587334,0.9431964659565866,-0.33223549871590435,0.8660254037844387,-0.4999999999999998,3582.2,3688.599999999999,3409.1,3592.9999999999995,3539.9857142857145,127.76563738048698,3671.92,130.74611723647237
2019-04-22,3670.8000000000006,0,0,22,4,2,112,17,2019,0.0,1.0,0.9373419384643772,-0.3484108069446808,0.8660254037844387,-0.4999999999999998,3484.2000000000003,3786.999999999999,3546.799999999999,3438.8,3523.3857142857146,93.1949109585686,3676.0533333333337,128.59661263660396
2019-04-23,3711.8,0,1,23,4,2,113,17,2019,0.7818314824680298,0.6234898018587336,0.9312100364121947,-0.3644830148102912,0.8660254037844387,-0.4999999999999998,3670.8000000000006,3576.1,3511.9000000000005,3582.2000000000003,3542.7714285714283,117.04860406809568,3682.7166666666667,124.92412616804714
2019-04-24,3815.599999999999,0,2,24,4,2,114,17,2019,0.9749279121818236,-0.22252093395631434,0.9248025743285089,-0.38044736628785164,0.8660254037844387,-0.4999999999999998,3711.8,3392.9,3643.7,3617.000000000001,3603.157142857143,134.56794884795892,3688.4466666666663,126.99793300879082
2019-04-25,3935.8000000000006,0,3,25,4,2,115,17,2019,0.43388373911755823,-0.900968867902419,0.9181214482844365,-0.39629913726891813,0.8660254037844387,-0.4999999999999998,3815.599999999999,3450.4999999999995,3672.8,3639.2,3672.4857142857145,164.49574896809793,3697.213333333333,134.72308696329344
2019-04-26,3962.2,0,4,26,4,2,116,17,2019,-0.433883739117558,-0.9009688679024191,0.9111686353326631,-0.41203363695942635,0.8660254037844387,-0.4999999999999998,3935.8000000000006,3507.0,3713.7,3650.999999999999,3737.5142857142855,177.62364171258875,3705.4966666666664,143.14770641045666
2019-04-27,3932.0,0,5,27,4,2,117,17,2019,-0.9749279121818236,-0.2225209339563146,0.9039461929224011,-0.42764620926777464,0.8660254037844387,-0.4999999999999998,3962.2,3582.2,3733.900000000001,3674.8,3787.4857142857145,175.842310310238,3712.1,148.9544711741081
2019-04-28,3799.599999999999,0,6,28,4,2,118,17,2019,-0.7818314824680299,0.6234898018587334,0.8964562582905575,-0.44313223418263453,0.8660254037844387,-0.4999999999999998,3932.0,3484.2000000000003,3788.0,3682.4,3832.542857142857,115.09171498047444,3712.4866666666667,149.17318732296206
2019-04-29,3949.1,0,0,29,4,2,119,18,2019,0.0,1.0,0.8887010478292915,-0.45848712914008766,0.8660254037844387,-0.4999999999999998,3799.599999999999,3670.8000000000006,3796.2,3539.2000000000007,3872.2999999999997,96.46849226562978,3717.5833333333335,154.64366400241406
2019-04-30,3944.0,0,1,30,4,2,120,18,2019,0.7818314824680298,0.6234898018587336,0.8806828564301475,-0.47370635037968,0.8660254037844387,-0.4999999999999998,3949.1,3711.8,3590.8000000000006,3521.6000000000004,3905.4714285714285,67.71909416323844,3729.3566666666666,158.06560986814335
2019-05-01,3737.2999999999993,0,2,1,5,2,121,18,2019,0.9749279121818236,-0.22252093395631434,0.8724040568049612,-0.48878539428899265,0.49999999999999994,-0.8660254037844387,3944.0,3815.599999999999,3648.900000000001,3428.2,3894.285714285714,88.35927471734526,3732.303333333333,157.33630898949036
2019-05-02,3793.8,0,3,2,5,2,122,18,2019,0.43388373911755823,-0.900968867902419,0.8638670987837349,-0.503719798736334,0.49999999999999994,-0.8660254037844387,3737.2999999999993,3935.8000000000006,3761.3000000000006,3474.4,3873.9999999999995,93.39659165803207,3733.3866666666663,157.65441633048326
2019-05-03,3694.2,0,4,3,5,2,123,18,2019,-0.433883739117558,-0.9009688679024191,0.8550745085896932,-0.518505144391157,0.49999999999999994,-0.8660254037844387,3793.8,3962.2,3824.6,3327.6,3835.7142857142853,105.37691759540435,3729.04,156.8484280422024
2019-05-04,3708.9,0,5,4,5,2,124,18,2019,-0.9749279121818236,-0.2225209339563146,0.8460288880917339,-0.533137056031809,0.49999999999999994,-0.8660254037844387,3694.2,3932.0,3847.5,3476.0000000000005,3803.842857142857,105.13973015538299,3724.4199999999996,155.27217127487268
2019-05-05,3645.0,0,6,5,5,2,125,18,2019,-0.7818314824680299,0.6234898018587334,0.8367329140344921,-0.5476112038402312,0.49999999999999994,-0.8660254037844387,3708.9,3799.599999999999,3812.2,3606.2999999999993,3781.7571428571428,121.19184319559947,3718.8466666666664,155.01327136361638
2019-05-06,3857.099999999999,0,0,6,5,2,126,19,2019,0.0,1.0,0.8271893372462497,-0.5619233046832195,0.49999999999999994,-0.8660254037844387,3645.0,3949.1,3724.499999999999,3479.6,3768.6142857142854,103.75335221207072,3723.266666666667,157.05701212448574
2019-05-07,3932.0,0,1,7,5,2,127,19,2019,0.7818314824680298,0.6234898018587336,0.8174009818249189,-0.5760691233798758,0.49999999999999994,-0.8660254037844387,3857.099999999999,3944.0,3483.7,3624.6,3766.9,100.41805946477244,3738.21,154.78779322360688
2019-05-08,3970.500000000001,0,2,8,5,2,128,19,2019,0.9749279121818236,-0.22252093395631434,0.8073707443023492,-0.5900444739548627,0.49999999999999994,-0.8660254037844387,3932.0,3737.2999999999993,3656.8,3580.4,3800.214285714286,124.706741712609,3748.6666666666665,159.61909040897373
2019-05-09,4009.4,0,3,9,5,2,129,19,2019,0.43388373911755823,-0.900968867902419,0.7971015927871943,-0.6038452208771035,0.49999999999999994,-0.8660254037844387,3970.500000000001,3793.8,3727.6,3579.3,3831.014285714286,147.41532517089956,3758.0599999999995,166.48085651571634
2019-05-10,4024.6,0,4,10,5,2,130,19,2019,-0.433883739117558,-0.9009688679024191,0.7865965660866021,-0.6174672802835514,0.49999999999999994,-0.8660254037844387,4009.4,3694.2,3770.4,3606.499999999999,3878.214285714286,149.19230798505907,3766.5333333333333,173.4535381162838
2019-05-11,3977.2999999999993,0,5,11,5,2,131,19,2019,-0.9749279121818236,-0.2225209339563146,0.7758587728069828,-0.6309066211876704,0.49999999999999994,-0.8660254037844387,4024.6,3708.9,3796.7,3650.7,3916.5571428571425,131.9150592508179,3772.5533333333337,177.62058698118267
2019-05-12,3820.400000000001,0,6,12,5,2,132,19,2019,-0.7818314824680299,0.6234898018587334,0.7648913904341226,-0.6441592666722685,0.49999999999999994,-0.8660254037844387,3977.2999999999993,3645.0,3832.7,3616.2,3941.6142857142854,76.93870782583146,3772.143333333333,177.4911123240334
2019-05-13,3879.8,0,0,13,5,2,133,20,2019,0.0,1.0,0.753697664392914,-0.6572212950663319,0.49999999999999994,-0.8660254037844387,3820.400000000001,3857.099999999999,3804.4,3392.9,3944.8571428571427,73.16888813204731,3774.6566666666668,178.49463564494772
2019-05-14,3866.9,0,1,14,5,2,134,20,2019,0.7818314824680298,0.6234898018587336,0.742280907086982,-0.6700888411055113,0.49999999999999994,-0.8660254037844387,3879.8,3932.0,3688.599999999999,3369.7,3935.557142857143,78.9817459320827,3780.5999999999995,178.4988264232637
2019-05-15,3873.2,0,2,15,5,2,135,20,2019,0.9749279121818236,-0.22252093395631434,0.7306444969184916,-0.6827580970759147,0.49999999999999994,-0.8660254037844387,3866.9,3970.500000000001,3786.999999999999,3559.9,3921.657142857143,80.35715809526073,3783.4733333333334,179.29740451096185
2019-05-16,3887.8,0,3,16,5,2,136,20,2019,0.43388373911755823,-0.900968867902419,0.7187918772884232,-0.6952253139408722,0.49999999999999994,-0.8660254037844387,3873.2,4009.4,3576.1,3574.2000000000003,3904.285714285714,70.80344691638932,3793.8633333333332,175.8644667866724
2019-05-17,3869.600000000001,0,4,17,5,2,137,20,2019,-0.433883739117558,-0.9009688679024191,0.7067265555776158,-0.7074868024503348,0.49999999999999994,-0.8660254037844387,3887.8,4024.6,3392.9,3663.1,3882.1428571428573,47.21263450758404,3809.753333333333,159.12592006578103
2019-05-18,3803.6,0,5,18,5,2,138,20,2019,-0.9749279121818236,-0.2225209339563146,0.6944521021088763,-0.719538934232584,0.49999999999999994,-0.8660254037844387,3869.600000000001,3977.2999999999993,3450.4999999999995,3684.500000000001,3857.3285714285716,32.08856048952011,3821.5233333333335,143.9743288500274
2019-05-19,3768.400000000001,0,6,19,5,2,139,20,2019,-0.7818314824680299,0.6234898018587334,0.6819721490904629,-0.7313781428679254,0.49999999999999994,-0.8660254037844387,3803.6,3820.400000000001,3507.0,3680.4,3849.9000000000005,45.34376105563497,3830.2366666666667,131.66691382196993
2019-05-20,3970.7,0,0,20,5,2,140,21,2019,0.0,1.0,0.6692903895412567,-0.7430009249440493,0.49999999999999994,-0.8660254037844387,3768.400000000001,3879.8,3582.2,3591.3,3862.8857142857146,64.36169742356051,3843.1866666666665,125.38572138180871
2019-05-21,4047.9,0,1,21,5,2,141,21,2019,0.7818314824680298,0.6234898018587336,0.6564105761979381,-0.7544038410927472,0.49999999999999994,-0.8660254037844387,3970.7,3866.9,3484.2000000000003,3753.7,3888.7428571428572,95.20906569481765,3861.976666666667,111.16467959071156
2019-05-22,4046.0,0,2,22,5,2,142,21,2019,0.9749279121818236,-0.22252093395631434,0.6433365204044917,-0.765583517007675,0.49999999999999994,-0.8660254037844387,4047.9,3873.2,3670.8000000000006,3825.499999999999,3913.4285714285716,111.51317880691502,3874.483333333333,110.01466386063113
2019-05-23,4086.6,0,3,23,5,2,143,21,2019,0.43388373911755823,-0.900968867902419,0.6300720909843687,-0.7765366444428655,0.49999999999999994,-0.8660254037844387,4046.0,3887.8,3711.8,3829.6,3941.828571428571,127.99526962986978,3886.9766666666665,112.16346963044649
2019-05-24,3943.7,0,4,24,5,2,144,21,2019,-0.433883739117558,-0.9009688679024191,0.6166212130956382,-0.7872599821916922,0.49999999999999994,-0.8660254037844387,4086.6,3869.600000000001,3815.599999999999,3831.900000000001,3952.414285714286,124.0288061778748,3891.246666666667,111.79022760736113
2019-05-25,3918.2,0,5,25,5,2,145,21,2019,-0.9749279121818236,-0.2225209339563146,0.6029878670694714,-0.7977503570459932,0.49999999999999994,-0.8660254037844387,3943.7,3803.6,3935.8000000000006,3805.099999999999,3968.785714285714,107.58533711388783,3890.6600000000003,111.59436272994844
2019-05-26,3836.4,0,6,26,5,2,146,21,2019,-0.7818314824680299,0.6234898018587334,0.5891760872322963,-0.8080046647350754,0.49999999999999994,-0.8660254037844387,3918.2,3768.400000000001,3962.2,3782.8000000000006,3978.5,87.7103186632236,3886.4666666666667,111.17622027224546
2019-05-27,4020.2,0,0,27,5,2,147,22,2019,0.0,1.0,0.5751899607119775,-0.8180198708443175,0.49999999999999994,-0.8660254037844387,3836.4,3970.7,3932.0,3725.400000000001,3985.5714285714284,88.96311434684583,3889.4066666666668,113.5624419862699
2019-05-28,4118.799999999999,0,1,28,5,2,148,22,2019,0.7818314824680298,0.6234898018587336,0.5610336262283677,-0.8277930117131022,0.49999999999999994,-0.8660254037844387,4020.2,4047.9,3799.599999999999,3828.999999999999,3995.7,100.52653049487775,3900.0466666666666,119.64836334264903
2019-05-29,4123.0,0,2,29,5,2,149,22,2019,0.9749279121818236,-0.22252093395631434,0.5467112728685939,-0.8373211953118121,0.49999999999999994,-0.8660254037844387,4118.799999999999,4046.0,3949.1,3843.6,4006.7,110.6508773877142,3905.8433333333332,126.1430651484945
2019-05-30,4139.7,0,3,30,5,2,150,22,2019,0.43388373911755823,-0.900968867902419,0.5322271388474397,-0.8466016020976267,0.49999999999999994,-0.8660254037844387,4123.0,4086.6,3944.0,3844.4,4014.285714285714,118.57760368316785,3912.366666666667,133.05514888074802
2019-05-31,4111.899999999999,0,4,31,5,2,151,22,2019,-0.433883739117558,-0.9009688679024191,0.5175855102531889,-0.8556314858488706,0.49999999999999994,-0.8660254037844387,4139.7,3943.7,3737.2999999999993,3857.900000000001,4038.3142857142852,118.93169508269226,3924.8533333333335,133.63540397440397
2019-06-01,4031.5,0,5,1,6,2,152,22,2019,-0.9749279121818236,-0.2225209339563146,0.5027907197793043,-0.8644081744776648,1.2246467991473532e-16,-1.0,4111.899999999999,3918.2,3793.8,3722.900000000001,4054.4999999999995,106.96856235987181,3932.7766666666666,132.6402151617705
2019-06-02,3944.9,0,6,2,6,2,153,22,2019,-0.7818314824680299,0.6234898018587334,0.4878471454423119,-0.8729290708206411,1.2246467991473532e-16,-1.0,4031.5,3836.4,3694.2,3510.1,4070.0,72.3607167829193,3941.133333333333,124.75389658300672
2019-06-03,3917.9,0,0,3,6,2,154,23,2019,0.0,1.0,0.47275920928627757,-0.881191653407483,1.2246467991473532e-16,-1.0,3944.9,4020.2,3708.9,3500.1000000000004,4055.3857142857137,91.81119083156047,3948.1,116.92820373026379
2019-06-04,4028.499999999999,0,1,4,6,2,155,23,2019,0.7818314824680298,0.6234898018587336,0.4575313760742512,-0.8891934772070711,1.2246467991473532e-16,-1.0,3917.9,4118.799999999999,3645.0,3733.1,4042.485714285714,87.6663833057414,3960.883333333333,102.75281381610101
2019-06-05,4092.500000000001,0,2,5,6,2,156,23,2019,0.9749279121818236,-0.22252093395631434,0.44216815196707204,-0.8969321743510065,1.2246467991473532e-16,-1.0,4028.499999999999,4123.0,3857.099999999999,3784.099999999999,4038.128571428572,83.66436346671217,3968.73,103.5392550911367
2019-06-06,4015.099999999999,0,3,6,6,2,157,23,2019,0.43388373911755823,-0.900968867902419,0.42667408318992467,-0.9044054548343001,1.2246467991473532e-16,-1.0,4092.500000000001,4139.7,3932.0,3675.400000000001,4020.328571428571,70.70364710741629,3971.5,103.63427738096962
2019-06-07,3965.4,0,4,7,6,2,158,23,2019,-0.433883739117558,-0.9009688679024191,0.4110537546870351,-0.9116111071930239,1.2246467991473532e-16,-1.0,4015.099999999999,4111.899999999999,3970.500000000001,3712.8,3999.4,59.94416846814723,3971.33,103.64015714197699
2019-06-08,3995.4,0,5,8,6,2,159,23,2019,-0.9749279121818236,-0.2225209339563146,0.3953117887649151,-0.9185469991587165,1.2246467991473532e-16,-1.0,3965.4,4031.5,4009.4,3700.0,3994.2428571428572,58.25123338162418,3970.8633333333337,103.4942426629023
2019-06-09,3938.000000000001,0,6,9,6,2,160,23,2019,-0.7818314824680299,0.6234898018587334,0.37945284372454435,-0.925211078289358,1.2246467991473532e-16,-1.0,3995.4,3944.9,4024.6,3495.1,3993.2571428571428,59.274751711672515,3967.976666666667,103.15088942178653
2019-06-10,4053.9,0,0,10,6,2,161,24,2019,0.0,1.0,0.36348161248290634,-0.9316013725767187,1.2246467991473532e-16,-1.0,3938.000000000001,3917.9,3977.2999999999993,3362.6,4012.6857142857148,52.341106489792246,3970.5299999999997,104.33093616650432
2019-06-11,4124.199999999999,0,1,11,6,2,162,24,2019,0.7818314824680298,0.6234898018587336,0.3474028211842774,-0.9377159910299093,1.2246467991473532e-16,-1.0,4053.9,4028.499999999999,3820.400000000001,3581.9,4026.3571428571427,67.47164483801504,3980.6566666666668,103.99972706639649
2019-06-12,3938.6,0,2,12,6,2,163,24,2019,0.9749279121818236,-0.22252093395631434,0.3312212278016865,-0.9435531242349544,1.2246467991473532e-16,-1.0,4124.199999999999,4092.500000000001,3879.8,3642.4,4004.371428571429,67.40100677504712,3982.616666666667,102.57777565082591
2019-06-13,3897.7,0,3,13,6,2,164,24,2019,0.43388373911755823,-0.900968867902419,0.31494162072895193,-0.9491110448902284,1.2246467991473532e-16,-1.0,3938.6,4015.099999999999,3866.9,3673.8,3987.5999999999995,78.05137197173924,3983.6433333333334,101.52843557292199
2019-06-14,4088.3,0,4,14,6,2,165,24,2019,-0.433883739117558,-0.9009688679024191,0.2985688173637202,-0.9543881083175908,1.2246467991473532e-16,-1.0,3897.7,3965.4,3873.2,3733.999999999998,4005.1571428571433,85.67572307143828,3990.813333333333,101.05404744861558
2019-06-15,4056.5,0,5,15,6,2,166,24,2019,-0.9749279121818236,-0.2225209339563146,0.2821076626819194,-0.9593827529490743,1.2246467991473532e-16,-1.0,4088.3,3995.4,3887.8,3799.0,4013.8857142857146,87.60664793215797,3996.436666666667,99.81016976493768
2019-06-16,3855.0,0,6,16,6,2,167,24,2019,-0.7818314824680299,0.6234898018587334,0.26556302780405594,-0.9640935007889755,1.2246467991473532e-16,-1.0,4056.5,3938.000000000001,3869.600000000001,3743.599999999999,4002.0285714285715,103.72353822038966,3995.95,100.48326589108194
2019-06-17,3944.2,0,0,17,6,2,168,25,2019,0.0,1.0,0.24893980855376657,-0.9685189578512204,1.2246467991473532e-16,-1.0,3855.0,4053.9,3803.6,3494.9,3986.357142857142,102.86380732379583,4000.6366666666663,94.29051030370596
2019-06-18,3841.7,0,1,18,6,2,169,25,2019,0.7818314824680298,0.6234898018587336,0.23224292400907015,-0.9726578145718654,1.2246467991473532e-16,-1.0,3944.2,4124.199999999999,3768.400000000001,3653.9,3946.0,94.87704323669253,4003.08,88.85831573838227
2019-06-19,3934.7,0,2,19,6,2,170,25,2019,0.9749279121818236,-0.22252093395631434,0.21547731504673012,-0.976508846196619,1.2246467991473532e-16,-1.0,3841.7,3938.6,3970.7,3753.499999999999,3945.442857142857,94.93917100164755,4001.8799999999997,89.55105806186752
2019-06-20,3959.900000000001,0,3,20,6,2,171,25,2019,0.43388373911755823,-0.900968867902419,0.19864794288017112,-0.9800709131432666,1.2246467991473532e-16,-1.0,3934.7,3897.7,4047.9,3853.000000000001,3954.3285714285716,92.60814784684446,3998.9466666666663,89.43283256293435
2019-06-21,3944.8,0,4,21,6,2,172,25,2019,-0.433883739117558,-0.9009688679024191,0.18175978759137534,-0.9833429613388902,1.2246467991473532e-16,-1.0,3959.900000000001,4088.3,4046.0,3857.1,3933.828571428571,71.48229884120144,3995.5733333333333,89.50538004763305
2019-06-22,3891.8,0,5,22,6,2,173,25,2019,-0.9749279121818236,-0.2225209339563146,0.16481784665719793,-0.9863240225317866,1.2246467991473532e-16,-1.0,3944.8,4056.5,4086.6,3883.6,3910.2999999999997,47.43641358004346,3989.0800000000004,89.73972479842199
2019-06-23,3755.500000000001,0,6,23,6,2,174,25,2019,-0.7818314824680299,0.6234898018587334,0.14782713347053048,-0.9890132145779883,1.2246467991473532e-16,-1.0,3891.8,3855.0,3943.7,3816.4,3896.085714285714,74.15289224686312,3982.8066666666664,99.11034579537146
2019-06-24,3868.3,0,0,24,6,2,175,26,2019,0.0,1.0,0.13079267585675922,-0.9914097417023038,1.2246467991473532e-16,-1.0,3755.500000000001,3944.2,3918.2,3670.8,3885.2428571428577,71.44461391278045,3981.143333333333,100.63894386860608
2019-06-25,3985.6,0,1,25,6,2,176,26,2019,0.7818314824680298,0.6234898018587336,0.11371951458594969,-0.9935128947338007,1.2246467991473532e-16,-1.0,3868.3,3841.7,3836.4,3770.7,3905.8,77.2910085327104,3986.116666666667,96.8548365742054
2019-06-26,4005.9,0,2,26,6,2,177,26,2019,0.9749279121818236,-0.22252093395631434,0.0966127018812031,-0.9953220513156602,1.2246467991473532e-16,-1.0,3985.6,3934.7,4020.2,3714.500000000001,3915.971428571429,85.93019869418796,3985.64,96.71640234602694
2019-06-27,4020.5,0,3,27,6,2,178,26,2019,0.43388373911755823,-0.900968867902419,0.07947729992362097,-0.9968366760893436,1.2246467991473532e-16,-1.0,4005.9,3959.900000000001,4118.799999999999,3583.600000000001,3924.628571428572,93.7868809995442,3982.3633333333332,93.66656741108145
2019-06-28,4002.900000000001,0,4,28,6,2,179,26,2019,-0.433883739117558,-0.9009688679024191,0.062318379354325076,-0.998056320853012,1.2246467991473532e-16,-1.0,4020.5,3944.8,4123.0,3398.9000000000005,3932.928571428572,98.33037364393606,3978.36,89.94090627011498
2019-06-29,3968.6,0,5,29,6,2,180,26,2019,-0.9749279121818236,-0.2225209339563146,0.04514101777397193,-0.9989806246941579,1.2246467991473532e-16,-1.0,4002.900000000001,3891.8,4139.7,3449.6,3943.9000000000005,97.25521408474937,3972.656666666667,84.62502557767971
2019-06-30,3811.500000000001,0,6,30,6,2,181,26,2019,-0.7818314824680299,0.6234898018587334,0.02795029824021032,-0.999609314096404,1.2246467991473532e-16,-1.0,3968.6,3755.500000000001,4111.899999999999,3540.5,3951.9000000000005,79.93607862955562,3962.6433333333334,85.35023456458597
2019-07-01,3897.4,0,0,1,7,3,182,27,2019,0.0,1.0,0.01075130776352193,-0.9999422030204416,-0.4999999999999997,-0.8660254037844388,3811.500000000001,3868.3,4031.5,3466.4,3956.057142857143,75.49721533813937,3958.173333333333,85.13098197456662
2019-07-02,3858.7,0,1,2,7,3,183,27,2019,0.7818314824680298,0.6234898018587336,-0.00645086419810515,-0.9999791929590823,-0.4999999999999997,-0.8660254037844388,3897.4,3985.6,3944.9,3565.3,3937.928571428572,82.16253635907391,3955.3,87.02800183531875
2019-07-03,3899.8,0,2,3,7,3,184,27,2019,0.9749279121818236,-0.22252093395631434,-0.023651127245231586,-0.9997202729664083,-0.4999999999999997,-0.8660254037844388,3858.7,4005.9,3917.9,3492.4,3922.7714285714287,77.16820835652493,3954.696666666667,87.35833648841395
2019-07-04,3892.999999999999,0,3,4,7,3,185,27,2019,0.43388373911755823,-0.900968867902419,-0.04084439154329611,-0.9991655196610109,-0.4999999999999997,-0.8660254037844388,3899.8,4020.5,4028.499999999999,3479.1,3904.557142857143,64.21673865755783,3950.1800000000003,86.91264500674768
2019-07-05,3801.4,0,4,5,7,3,186,27,2019,-0.433883739117558,-0.9009688679024191,-0.05802556932878035,-0.9983150972033183,-0.4999999999999997,-0.8660254037844388,3892.999999999999,4002.900000000001,4092.500000000001,3598.0000000000005,3875.7714285714283,57.608584843080266,3940.476666666667,86.72514921144321
2019-07-06,3694.1,0,5,6,7,3,187,27,2019,-0.9749279121818236,-0.2225209339563146,-0.07518957641475855,-0.9971692572470178,-0.4999999999999997,-0.8660254037844388,3801.4,3968.6,4015.099999999999,3686.9,3836.557142857143,74.7613281749278,3929.7766666666666,96.45696086260722
2019-07-07,3557.8,0,6,7,7,3,188,27,2019,-0.7818314824680299,0.6234898018587334,-0.09233133369539122,-0.9957283388645872,-0.4999999999999997,-0.8660254037844388,3694.1,3811.500000000001,3965.4,3733.1,3800.3142857142857,130.01179983078794,3916.1900000000005,117.6455968078526
2019-07-08,3760.9,0,0,8,7,3,189,28,2019,0.0,1.0,-0.10944576864891556,-0.993992768446958,-0.4999999999999997,-0.8660254037844388,3557.8,3897.4,3995.4,3644.8,3780.8142857142852,123.07484753287619,3908.3733333333334,119.96865376029447
2019-07-09,3720.900000000001,0,1,9,7,3,190,28,2019,0.7818314824680298,0.6234898018587336,-0.12652781683868314,-0.9919630595773397,-0.4999999999999997,-0.8660254037844388,3760.9,3858.7,3938.000000000001,3749.2,3761.128571428571,119.50966089660498,3901.1366666666668,124.57919371125763
2019-07-10,3750.499999999999,0,2,10,7,3,191,28,2019,0.9749279121818236,-0.22252093395631434,-0.1435724234118113,-0.9896398128792412,-0.4999999999999997,-0.8660254037844388,3720.900000000001,3899.8,4053.9,3804.500000000001,3739.7999999999997,102.78959091271008,3891.0233333333335,124.06417606065467
2019-07-11,3733.8,0,3,11,7,3,192,28,2019,0.43388373911755823,-0.900968867902419,-0.16057454459499376,-0.9870237158387383,-0.4999999999999997,-0.8660254037844388,3750.499999999999,3892.999999999999,4124.199999999999,3719.6,3717.0571428571425,77.8238364757976,3878.01,119.1396003825356
2019-07-12,3809.899999999999,0,4,12,7,3,193,28,2019,-0.433883739117558,-0.9009688679024191,-0.17752914918703497,-0.984115542601034,-0.4999999999999997,-0.8660254037844388,3733.8,3801.4,3938.6,3638.3,3718.2714285714287,79.40933434398328,3873.7200000000003,119.19974369331362
2019-07-13,3815.9,0,5,13,7,3,194,28,2019,-0.9749279121818236,-0.2225209339563146,-0.19443122004766195,-0.9809161537413774,-0.4999999999999997,-0.8660254037844388,3809.899999999999,3694.1,3897.7,3562.600000000001,3735.6714285714284,86.27747319523587,3870.9933333333333,119.56730303064849
2019-07-14,3665.6,0,6,14,7,3,195,28,2019,-0.7818314824680299,0.6234898018587334,-0.2112757555821793,-0.9774264960104055,-0.4999999999999997,-0.8660254037844388,3815.9,3557.8,4088.3,3477.0,3751.0714285714284,52.0807934619033,3856.9033333333336,117.97168708644851
2019-07-15,3759.1,0,0,15,7,3,196,29,2019,0.0,1.0,-0.2280577712215198,-0.9736476020539838,-0.4999999999999997,-0.8660254037844388,3665.6,3760.9,4056.5,3424.7000000000003,3750.8142857142852,52.02859561728667,3846.99,113.01215787509827
2019-07-16,3745.3,0,1,16,7,3,197,29,2019,0.7818314824680298,0.6234898018587336,-0.24477230089725957,-0.9695805901076308,-0.4999999999999997,-0.8660254037844388,3759.1,3720.900000000001,3855.0,3503.3,3754.2999999999997,50.48488222563021,3843.3333333333335,114.50888335765055
2019-07-17,3805.000000000001,0,2,17,7,3,198,29,2019,0.9749279121818236,-0.22252093395631434,-0.2614143985111562,-0.965226663665613,-0.4999999999999997,-0.8660254037844388,3745.3,3750.499999999999,3944.2,3509.0999999999995,3762.0857142857144,53.888880379665785,3838.6933333333336,113.09222947583982
2019-07-18,3879.099999999999,0,3,18,7,3,199,29,2019,0.43388373911755823,-0.900968867902419,-0.2779791393987801,-0.9605871111248129,-0.4999999999999997,-0.8660254037844388,3805.000000000001,3733.8,3841.7,3603.8,3782.842857142857,67.45407961825222,3839.9400000000005,113.33239972570124
2019-07-19,3902.7,0,4,19,7,3,200,29,2019,-0.433883739117558,-0.9009688679024191,-0.2944616217868012,-0.9556633054034704,-0.4999999999999997,-0.8660254037844388,3879.099999999999,3809.899999999999,3934.7,3648.4,3796.0999999999995,81.34668606240893,3838.873333333334,112.55772138630952
2019-07-20,3871.1,0,5,20,7,3,201,29,2019,-0.9749279121818236,-0.2225209339563146,-0.3108569682435036,-0.9504567035349151,-0.4999999999999997,-0.8660254037844388,3902.7,3815.9,3959.900000000001,3638.8,3803.9857142857145,86.12139549442763,3835.913333333333,110.41242975171804
2019-07-21,3742.7999999999993,0,6,21,7,3,202,29,2019,-0.7818314824680299,0.6234898018587334,-0.3271603271220951,-0.9449688462364056,-0.4999999999999997,-0.8660254037844388,3871.1,3665.6,3944.8,3499.1,3815.0142857142855,68.60885337846526,3829.18,109.70020086109882
2019-07-22,3922.9,0,0,22,7,3,203,30,2019,0.0,1.0,-0.34336687399638804,-0.939201357453208,-0.4999999999999997,-0.8660254037844388,3742.7999999999993,3759.1,3891.8,3311.1,3838.414285714286,74.07546666682576,3830.2166666666667,110.45670421367386
2019-07-23,4002.9,0,1,23,7,3,204,30,2019,0.7818314824680298,0.6234898018587336,-0.3594718130884232,-0.9331559438780432,-0.4999999999999997,-0.8660254037844388,3922.9,3745.3,3755.500000000001,3477.2999999999997,3875.214285714286,83.49515811455849,3838.463333333333,113.8687310877756
2019-07-24,3993.8000000000006,0,2,24,7,3,205,30,2019,0.9749279121818236,-0.22252093395631434,-0.3754703786876202,-0.9268343944460494,-0.4999999999999997,-0.8660254037844388,4002.9,3805.000000000001,3868.3,3581.3,3902.185714285714,87.43470761226432,3842.646666666667,117.25757010584165
2019-07-25,3753.599999999999,0,3,25,7,3,206,30,2019,0.43388373911755823,-0.900968867902419,-0.3913578365610259,-0.9202385798054075,-0.4999999999999997,-0.8660254037844388,3993.8000000000006,3879.099999999999,3985.6,3549.6000000000004,3884.2571428571428,104.21428016582033,3834.913333333333,115.13564933210898
2019-07-26,3635.8,0,4,26,7,3,207,30,2019,-0.433883739117558,-0.9009688679024191,-0.4071294853542516,-0.9133704517637858,-0.4999999999999997,-0.8660254037844388,3753.599999999999,3902.7,4005.9,3375.4,3846.128571428571,139.27071616443948,3822.576666666667,116.00746017430025
2019-07-27,3506.6,0,5,27,7,3,208,30,2019,-0.9749279121818236,-0.2225209339563146,-0.4227806579826773,-0.9062320427107697,-0.4999999999999997,-0.8660254037844388,3635.8,3871.1,4020.5,3385.1000000000004,3794.0571428571425,187.99558378805725,3805.446666666667,123.47534930121617
2019-07-28,3377.9,0,6,28,7,3,209,30,2019,-0.7818314824680299,0.6234898018587334,-0.4383067230125192,-0.898825465016444,-0.4999999999999997,-0.8660254037844388,3506.6,3742.7999999999993,4002.900000000001,3439.0,3741.9285714285716,246.16789469984656,3784.6133333333332,140.5563078561782
2019-07-29,3537.6000000000004,0,0,29,7,3,210,31,2019,0.0,1.0,-0.45370308603134424,-0.8911529104063088,-0.4999999999999997,-0.8660254037844388,3377.9,3922.9,3968.6,3442.4,3686.8857142857137,241.9997550175892,3770.2466666666664,143.10577889806817
2019-07-30,3619.0,0,1,30,7,3,211,31,2019,0.7818314824680298,0.6234898018587336,-0.46896519100763184,-0.8832166493127127,-0.4999999999999997,-0.8660254037844388,3537.6000000000004,4002.9,3811.500000000001,3605.7,3632.042857142857,197.9362511613543,3763.83,145.4881394620802
2019-07-31,3662.8,0,2,31,7,3,212,31,2019,0.9749279121818236,-0.22252093395631434,-0.48408852163897587,-0.8750190302029955,-0.4999999999999997,-0.8660254037844388,3619.0,3993.8000000000006,3897.4,3686.5,3584.757142857143,122.13295838474635,3756.01,144.36169935747867
2019-08-01,3700.7000000000007,0,3,1,8,3,213,31,2019,0.43388373911755823,-0.900968867902419,-0.4990686026885319,-0.8665624788845385,-0.8660254037844384,-0.5000000000000004,3662.8,3753.599999999999,3858.7,3689.0,3577.2000000000003,111.08091645283035,3750.7433333333333,143.3648027870183
2019-08-02,3623.6,0,4,2,8,3,214,31,2019,-0.433883739117558,-0.9009688679024191,-0.5139010013093103,-0.8578494977869301,-0.8660254037844384,-0.5000000000000004,3700.7000000000007,3635.8,3899.8,3740.4,3575.457142857143,110.09961939296996,3741.536666666667,142.3273533293823
2019-08-03,3564.0000000000005,0,5,3,8,3,215,31,2019,-0.9749279121818236,-0.2225209339563146,-0.5285813283559292,-0.8488826652214553,-0.8660254037844384,-0.5000000000000004,3623.6,3506.6,3892.999999999999,3785.4,3583.6571428571433,106.18445989790717,3730.57,142.92815689878054
2019-08-04,3481.7,0,6,4,8,3,216,31,2019,-0.7818314824680299,0.6234898018587334,-0.5431052396834317,-0.8396646346181327,-0.8660254037844384,-0.5000000000000004,3564.0000000000005,3377.9,3801.4,3828.2,3598.4857142857145,75.46620498765648,3719.9133333333334,149.24381055342087
2019-08-05,3806.999999999999,0,0,5,8,3,217,32,2019,0.0,1.0,-0.5574684374327892,-0.8301981337405212,-0.8660254037844384,-0.5000000000000004,3481.7,3537.6000000000004,3694.1,3718.7,3636.971428571429,102.93523391411509,3723.6766666666667,149.99202434734897
2019-08-06,3694.1,0,1,6,8,3,218,32,2019,0.7818314824680298,0.6234898018587336,-0.5716666713027052,-0.8204859638785327,-0.8660254037844384,-0.5000000000000004,3806.999999999999,3619.0,3557.8,3743.8,3647.7000000000003,104.64938286169989,3728.22,146.82514442179996
2019-08-07,3562.1000000000004,0,2,7,8,3,219,32,2019,0.9749279121818236,-0.22252093395631434,-0.5856957398073508,-0.8105309990194823,-0.8660254037844384,-0.5000000000000004,3694.1,3662.8,3760.9,3708.7,3633.3142857142852,109.05630699431948,3721.5933333333332,149.7563030354656
2019-08-08,3756.4,0,3,8,8,3,220,32,2019,0.43388373911755823,-0.900968867902419,-0.5995514915196489,-0.8003361849976323,-0.8660254037844384,-0.5000000000000004,3562.1000000000004,3700.7000000000007,3720.900000000001,3648.9,3641.2714285714283,116.56594291481655,3722.776666666666,149.8908308100238
2019-08-09,3720.900000000001,0,4,9,8,3,221,32,2019,-0.433883739117558,-0.9009688679024191,-0.6132298262997502,-0.7899045386224707,-0.8660254037844384,-0.5000000000000004,3756.4,3623.6,3750.499999999999,3737.2,3655.171428571429,119.86219468325734,3721.79,149.7994414381177
2019-08-10,3745.9,0,5,10,8,3,222,32,2019,-0.9749279121818236,-0.2225209339563146,-0.6267266965083301,-0.7792391467859886,-0.8660254037844384,-0.5000000000000004,3720.900000000001,3564.0000000000005,3733.8,3855.7,3681.1571428571433,116.47196883289618,3722.1933333333336,149.84917459377755
2019-08-11,3733.8,0,6,11,8,3,223,32,2019,-0.7818314824680299,0.6234898018587334,-0.6400381082043503,-0.7683431655492202,-0.8660254037844384,-0.5000000000000004,3745.9,3481.7,3809.899999999999,3774.9,3717.171428571429,76.70640378061198,3719.6566666666668,148.95471351441202
2019-08-12,3751.6,0,0,12,8,3,224,33,2019,0.0,1.0,-0.65316012232693,-0.7572198192083127,-0.8660254037844384,-0.5000000000000004,3733.8,3806.999999999999,3815.9,3562.3,3709.2571428571428,68.28974684249013,3717.513333333334,147.9815313111573
2019-08-13,3688.3,0,1,13,8,3,225,33,2019,0.7818314824680298,0.6234898018587336,-0.666088855860977,-0.7458723993404063,-0.8660254037844384,-0.5000000000000004,3751.6,3694.1,3665.6,3661.7,3708.4285714285716,68.5390330222196,3718.2699999999995,147.76480881501377
2019-08-14,3633.9,0,2,14,8,3,226,33,2019,0.9749279121818236,-0.22252093395631434,-0.6788204829862355,-0.734304263829602,-0.8660254037844384,-0.5000000000000004,3688.3,3562.1000000000004,3759.1,3754.7999999999993,3718.6857142857148,43.95374191776371,3714.096666666667,148.33878159954128
2019-08-15,3318.6,0,3,15,8,3,227,33,2019,0.43388373911755823,-0.900968867902419,-0.6913512362094071,-0.722518835873311,-0.8660254037844384,-0.5000000000000004,3633.9,3756.4,3745.3,3510.3,3656.1428571428573,154.30302283864816,3699.8733333333334,164.7885059042666
2019-08-16,3502.0000000000005,0,4,16,8,3,228,33,2019,-0.433883739117558,-0.9009688679024191,-0.7036774074790128,-0.7105196029692745,-0.8660254037844384,-0.5000000000000004,3318.6,3720.900000000001,3805.000000000001,3532.8,3624.871428571429,161.0267857043882,3689.773333333333,167.3880726054705
2019-08-17,3427.1,0,5,17,8,3,229,33,2019,-0.9749279121818236,-0.2225209339563146,-0.7157953492826642,-0.6983101158835584,-0.8660254037844384,-0.5000000000000004,3502.0000000000005,3745.9,3879.099999999999,3619.9,3579.328571428571,166.09450838088122,3674.7066666666665,170.07977830566833
2019-08-18,3270.2,0,6,18,8,3,230,33,2019,-0.7818314824680299,0.6234898018587334,-0.7277014757264236,-0.6858939875998223,-0.8660254037844384,-0.5000000000000004,3427.1,3733.8,3902.7,3630.4,3513.1,185.52618862755483,3653.6233333333334,179.76961057157843
2019-08-19,3494.600000000001,0,0,19,8,3,231,34,2019,0.0,1.0,-0.7393922635959241,-0.673274892250183,-0.8660254037844384,-0.5000000000000004,3270.2,3751.6,3871.1,3507.1,3476.3857142857146,153.04913621199637,3641.0733333333337,177.18717150834
2019-08-20,3642.900000000001,0,1,20,8,3,232,34,2019,0.7818314824680298,0.6234898018587336,-0.7508642533989489,-0.6604565640279754,-0.8660254037844384,-0.5000000000000004,3494.600000000001,3688.3,3742.7999999999993,3568.6,3469.9000000000005,143.21843456762164,3637.7433333333333,176.14510805569785
2019-08-21,3684.7500000000005,1,2,21,8,3,233,34,2019,0.9749279121818236,-0.22252093395631434,-0.7621140503891487,-0.6474427960827475,-0.8660254037844384,-0.5000000000000004,3642.900000000001,3633.9,3922.9,3628.599999999999,3477.164285714286,153.82037878178443,3629.805,168.0302376062101
2019-08-22,3726.6,0,3,22,8,3,234,34,2019,0.43388373911755823,-0.900968867902419,-0.7731383255706026,-0.6342374393978054,-0.8660254037844384,-0.5000000000000004,3684.7500000000005,3318.6,4002.9,3704.3,3535.4500000000007,160.86185843760657,3620.5950000000003,153.84893304236874
2019-08-23,3768.7999999999984,0,4,23,8,3,235,34,2019,-0.433883739117558,-0.9009688679024191,-0.7839338166829201,-0.620844401650647,-0.8660254037844384,-0.5000000000000004,3726.6,3502.0000000000005,3993.8000000000006,3627.5,3573.5642857142852,181.85326207844656,3613.0950000000003,139.87809738951154
2019-08-24,3690.4,0,5,24,8,3,236,34,2019,-0.9749279121818236,-0.2225209339563146,-0.7944973291665992,-0.6072676460566135,-0.8660254037844384,-0.5000000000000004,3768.7999999999984,3427.1,3753.599999999999,3630.9,3611.1785714285716,173.5504774245428,3610.9883333333337,138.1543175678669
2019-08-25,3537.1,0,6,25,8,3,237,34,2019,-0.7818314824680299,0.6234898018587334,-0.8048257371083452,-0.593511190196115,-0.8660254037844384,-0.5000000000000004,3690.4,3270.2,3635.8,3603.2,3649.307142857143,99.80259026603872,3607.6983333333337,138.71715111826347
2019-08-26,3702.8,0,0,26,8,3,238,35,2019,0.0,1.0,-0.8149159841660791,-0.5795791048257612,-0.8660254037844384,-0.5000000000000004,3537.1,3494.600000000001,3506.6,3401.6,3679.05,73.59581623073565,3614.2383333333332,138.4110941358546
2019-08-27,3854.5,0,1,27,8,3,239,35,2019,0.7818314824680298,0.6234898018587336,-0.8247650844733614,-0.5654755126737576,-0.8660254037844384,-0.5000000000000004,3702.8,3642.900000000001,3377.9,3549.5999999999995,3709.2785714285715,96.24411608485043,3630.125,137.69901882178448
2019-08-28,3936.7,0,2,28,8,3,240,35,2019,0.9749279121818236,-0.22252093395631434,-0.8343701235229537,-0.5512045872199277,-0.8660254037844384,-0.5000000000000004,3854.5,3684.7500000000005,3537.6000000000004,3604.7,3745.2714285714287,127.55915901110777,3643.4283333333337,147.3896511148139
2019-08-29,3998.4,0,3,29,8,3,241,35,2019,0.43388373911755823,-0.900968867902419,-0.8437282590292712,-0.5367705514607103,-0.8660254037844384,-0.5000000000000004,3936.7,3726.6,3619.0,3612.7999999999993,3784.0999999999995,158.53489626367963,3656.075,160.88093302833755
2019-08-30,3986.6,0,4,30,8,3,242,35,2019,-0.433883739117558,-0.9009688679024191,-0.8528367217694595,-0.522177676659508,-0.8660254037844384,-0.5000000000000004,3998.4,3768.7999999999984,3662.8,3687.8,3815.214285714286,175.49707906944576,3666.8683333333333,171.83635282529235
2019-08-31,3920.6,0,5,31,8,3,243,35,2019,-0.9749279121818236,-0.2225209339563146,-0.8616928164028521,-0.5074302810827518,-0.8660254037844384,-0.5000000000000004,3986.6,3690.4,3700.7000000000007,3711.7999999999993,3848.1,169.68235029019013,3674.1983333333333,177.9119835099264
2019-09-01,3636.9,0,6,1,9,3,244,35,2019,-0.7818314824680299,0.6234898018587334,-0.8702939222685674,-0.49253272872205434,-1.0,-1.8369701987210297e-16,3920.6,3537.1,3623.6,3610.6,3862.3571428571427,140.9575451113292,3674.6416666666673,177.79808582971913
2019-09-02,3645.2,0,0,2,9,3,245,36,2019,0.0,1.0,-0.8786374941610001,-0.4774894280028391,-1.0,-1.8369701987210297e-16,3636.9,3702.8,3564.0000000000005,3411.2000000000003,3854.128571428571,152.9918049470469,3677.3483333333334,176.67016534976185
2019-09-03,3751.3000000000006,0,1,3,9,3,246,36,2019,0.7818314824680298,0.6234898018587336,-0.886721063082993,-0.46230483047981086,-1.0,-1.8369701987210297e-16,3645.2,3854.5,3481.7,3785.4,3839.3857142857146,157.84542468896854,3686.335,173.19769905196816
2019-09-04,3740.099999999999,0,2,4,9,3,247,36,2019,0.9749279121818236,-0.22252093395631434,-0.8945422369764496,-0.4469834295196741,-1.0,-1.8369701987210297e-16,3751.3000000000006,3936.7,3806.999999999999,3832.500000000001,3811.2999999999997,155.11125039790824,3684.105,172.01716952696478
2019-09-05,3749.000000000001,0,3,5,9,3,248,36,2019,0.43388373911755823,-0.900968867902419,-0.9020987014301837,-0.43152975897147144,-1.0,-1.8369701987210297e-16,3740.099999999999,3998.4,3694.1,3723.000000000001,3775.671428571429,131.87501297676283,3685.935,172.4187250561829
2019-09-06,3788.0,0,4,6,9,3,249,36,2019,-0.433883739117558,-0.9009688679024191,-0.9093882203647925,-0.4159483918249421,-1.0,-1.8369701987210297e-16,3749.000000000001,3986.6,3562.1000000000004,3748.499999999999,3747.2999999999997,95.19513292881872,3693.4649999999997,171.755581724286
2019-09-07,3764.9,0,5,7,9,3,250,36,2019,-0.9749279121818236,-0.2225209339563146,-0.9164086366943458,-0.4002439388573056,-1.0,-1.8369701987210297e-16,3788.0,3920.6,3756.4,3704.099999999999,3725.057142857143,59.42269087207492,3693.748333333334,171.86995408684936
2019-09-08,3629.3,0,6,8,9,3,251,36,2019,-0.7818314824680299,0.6234898018587334,-0.9231578729647039,-0.38442104726885545,-1.0,-1.8369701987210297e-16,3764.9,3636.9,3720.900000000001,3648.9,3723.9714285714285,61.34035415304529,3690.6949999999997,172.1843280294845
2019-09-09,3801.8000000000006,0,0,9,9,3,252,37,2019,0.0,1.0,-0.9296339319682695,-0.3684843993077793,-1.0,-1.8369701987210297e-16,3629.3,3645.2,3745.9,3737.2,3746.342857142857,56.16169682691501,3692.5583333333334,173.10236262224126
2019-09-10,3887.8,0,1,10,9,3,253,37,2019,0.7818314824680298,0.6234898018587336,-0.9358348973349941,-0.35243871088460327,-1.0,-1.8369701987210297e-16,3801.8000000000006,3751.3000000000006,3733.8,3667.8,3765.842857142857,77.72667618313838,3697.6916666666666,176.61533404906834
2019-09-11,3892.1,0,2,11,9,3,254,37,2019,0.9749279121818236,-0.22252093395631434,-0.9417589340994617,-0.33628873017668287,-1.0,-1.8369701987210297e-16,3887.8,3740.099999999999,3751.6,3795.4,3787.557142857143,89.65323673546446,3702.375,179.92592285581554
2019-09-12,3809.9,0,3,12,9,3,255,37,2019,0.43388373911755823,-0.900968867902419,-0.9474042892438845,-0.32003923622313857,-1.0,-1.8369701987210297e-16,3892.1,3749.000000000001,3688.3,3794.000000000001,3796.257142857143,88.23164317378037,3706.4283333333337,180.96460202697452
2019-09-13,3772.400000000001,0,4,13,9,3,256,37,2019,-0.433883739117558,-0.9009688679024191,-0.9527692922168511,-0.30369503751065885,-1.0,-1.8369701987210297e-16,3809.9,3788.0,3633.9,3765.1,3794.0285714285715,88.6708842534467,3711.045,180.81710341649296
2019-09-14,3777.400000000001,0,5,14,9,3,257,37,2019,-0.9749279121818236,-0.2225209339563146,-0.9578523554276669,-0.28726097055059635,-1.0,-1.8369701987210297e-16,3772.400000000001,3764.9,3318.6,3869.4,3795.8142857142857,88.11060149176447,3726.3383333333336,165.20867143650725
2019-09-15,3672.2000000000007,0,6,15,9,3,258,37,2019,-0.7818314824680299,0.6234898018587334,-0.9626519747161487,-0.2707418984477642,-1.0,-1.8369701987210297e-16,3777.400000000001,3629.3,3502.0000000000005,3865.1,3801.9428571428575,75.13480900229914,3732.0116666666668,160.0819745195932
2019-09-16,3806.000000000001,0,0,16,9,3,259,38,2019,0.0,1.0,-0.9671667297977312,-0.2541427094613622,-1.0,-1.8369701987210297e-16,3672.2000000000007,3801.8000000000006,3427.1,3788.6,3802.5428571428574,75.15024633234395,3744.641666666667,149.81351170782173
2019-09-17,3743.8,0,1,17,9,3,260,38,2019,0.7818314824680298,0.6234898018587336,-0.97139528468375,-0.23746831555846842,-1.0,-1.8369701987210297e-16,3806.000000000001,3887.8,3270.2,3817.2,3781.971428571429,67.21236776780522,3760.4283333333337,120.10165355556674
2019-09-18,3645.999999999999,0,2,18,9,3,261,38,2019,0.9749279121818236,-0.22252093395631434,-0.9753363880767837,-0.2207236509605022,-1.0,-1.8369701987210297e-16,3743.8,3892.1,3494.600000000001,3882.7999999999993,3746.814285714286,64.30755343327536,3765.475,111.41300669286608
2019-09-19,3627.1,0,3,19,9,3,262,38,2019,0.43388373911755823,-0.900968867902419,-0.9789888737409319,-0.20391367068311472,-1.0,-1.8369701987210297e-16,3645.999999999999,3809.9,3642.900000000001,3926.400000000001,3720.7000000000003,71.16972671018178,3764.9483333333337,112.0479534683101
2019-09-20,3695.5,0,4,20,9,3,263,38,2019,-0.433883739117558,-0.9009688679024191,-0.9823516608469237,-0.18704334906991657,-1.0,-1.8369701987210297e-16,3627.1,3772.400000000001,3684.7500000000005,3887.8,3709.7142857142862,67.71032487914943,3765.306666666667,111.7995463976149
2019-09-21,3668.9,0,5,21,9,3,264,38,2019,-0.9749279121818236,-0.2225209339563146,-0.9854237542919524,-0.17011767832049052,-1.0,-1.8369701987210297e-16,3695.5,3777.400000000001,3726.6,3750.599999999999,3694.214285714286,61.79378147170763,3763.383333333333,112.97849683513336
2019-09-22,3432.0,0,6,22,9,3,265,38,2019,-0.7818314824680299,0.6234898018587334,-0.9882042449941422,-0.15314166701312007,-1.0,-1.8369701987210297e-16,3668.9,3672.2000000000007,3768.7999999999984,3499.3,3659.9000000000005,117.57284266927807,3752.1566666666668,128.13846412574773
2019-09-23,3554.5000000000005,0,0,23,9,3,266,39,2019,0.0,1.0,-0.9906923101615609,-0.13612033862266704,-1.0,-1.8369701987210297e-16,3432.0,3806.000000000001,3690.4,3342.3,3623.971428571429,103.01145105093995,3747.6266666666666,132.71737649226003
2019-09-24,3517.1000000000004,0,1,24,9,3,267,39,2019,0.7818314824680298,0.6234898018587336,-0.9928872135356962,-0.11905873003404988,-1.0,-1.8369701987210297e-16,3554.5000000000005,3743.8,3537.1,3484.899999999999,3591.585714285714,94.33003107126414,3746.96,133.85670310267253
2019-09-25,3453.3,0,2,25,9,3,268,39,2019,0.9749279121818236,-0.22252093395631434,-0.994788305609327,-0.10196189005174576,-1.0,-1.8369701987210297e-16,3517.1000000000004,3645.999999999999,3702.8,3583.9999999999995,3564.0571428571425,103.47801468819469,3738.643333333334,144.05721728040734
2019-09-26,3372.5000000000005,0,3,26,9,3,269,39,2019,0.43388373911755823,-0.900968867902419,-0.9963950238187231,-0.08483487790576538,-1.0,-1.8369701987210297e-16,3453.3,3627.1,3854.5,3620.6,3527.6857142857148,120.90338330765827,3722.5766666666673,156.98847021870418
2019-09-27,3306.5,0,4,27,9,3,270,39,2019,-0.433883739117558,-0.9009688679024191,-0.9977068927101168,-0.06768276175455162,-1.0,-1.8369701987210297e-16,3372.5000000000005,3695.5,3936.7,3675.099999999999,3472.1142857142863,120.31207238637718,3701.57,169.04892201514488
2019-09-28,3182.8000000000006,0,5,28,9,3,271,39,2019,-0.9749279121818236,-0.2225209339563146,-0.9987235240803972,-0.050510617185222886,-1.0,-1.8369701987210297e-16,3306.5,3668.9,3998.4,3709.6,3402.671428571429,127.84882627913338,3674.383333333333,184.53944739181895
2019-09-29,2996.4,0,6,29,9,3,272,39,2019,-0.7818314824680299,0.6234898018587334,-0.9994446170919858,-0.033323525711631344,-1.0,-1.8369701987210297e-16,3182.8000000000006,3432.0,3986.6,3729.9,3340.442857142858,197.97368391735506,3641.3766666666666,213.1122719865379
2019-09-30,3126.7,0,0,30,9,3,273,40,2019,0.0,1.0,-0.9998699583618592,-0.016126573270657762,-1.0,-1.8369701987210297e-16,2996.4,3554.5000000000005,3920.6,3658.4,3279.328571428571,186.58435727828657,3614.9133333333334,226.13739603404215
2019-10-01,3219.2000000000003,0,1,1,10,4,274,40,2019,0.7818314824680298,0.6234898018587336,-0.9999994220246925,0.001075151282798226,-0.8660254037844386,0.5000000000000001,3126.7,3517.1000000000004,3636.9,3752.6,3236.7714285714287,154.53411397148207,3600.99,237.31946946301443
2019-10-02,3142.8,0,2,2,10,4,275,40,2019,0.9749279121818236,-0.22252093395631434,-0.999832969770105,0.018276557681691223,-0.8660254037844386,0.5000000000000001,3219.2000000000003,3453.3,3645.2,3715.4,3192.414285714286,123.46245621741222,3584.2433333333333,251.40058799389845
2019-10-03,3305.399999999999,0,3,3,10,4,276,40,2019,0.43388373911755823,-0.900968867902419,-0.9993706508539969,0.03547255575312556,-0.8660254037844386,0.5000000000000001,3142.8,3372.5000000000005,3751.3000000000006,3799.8,3182.8285714285716,108.89564904508622,3569.3799999999997,254.34727332581252
2019-10-04,3332.2,0,4,4,10,4,277,40,2019,-0.433883739117558,-0.9009688679024191,-0.9986126020839734,0.052658056924614005,-0.8660254037844386,0.5000000000000001,3305.399999999999,3306.5,3740.099999999999,3809.6,3186.5,114.07046068109933,3555.7833333333338,255.80478020301413
2019-10-05,3332.5,0,5,5,10,4,278,40,2019,-0.9749279121818236,-0.2225209339563146,-0.9975590477788613,0.06982797572987089,-0.8660254037844386,0.5000000000000001,3332.2,3182.8000000000006,3749.000000000001,3823.8,3207.8857142857137,126.60521880463628,3541.9000000000005,256.25868126589904
2019-10-06,3242.1,0,6,6,10,4,279,40,2019,-0.7818314824680299,0.6234898018587334,-0.9962102997023297,0.0869772313136861,-0.8660254037844386,0.5000000000000001,3332.5,2996.4,3788.0,3797.2,3242.985714285714,85.62868344526909,3523.7033333333334,257.5593744514375
2019-10-07,3227.9,0,0,7,10,4,280,41,2019,0.0,1.0,-0.9945667569706337,0.1041007489354256,-0.8660254037844386,0.5000000000000001,3242.1,3126.7,3764.9,3705.999999999999,3257.442857142857,69.8042228221782,3505.8033333333337,258.87552525241233
2019-10-08,3080.0999999999995,0,1,8,10,4,281,41,2019,0.7818314824680298,0.6234898018587336,-0.9926289059345095,0.121193461470736,-0.8660254037844386,0.5000000000000001,3227.9,3219.2000000000003,3629.3,3817.9,3237.5714285714284,97.00484033087066,3487.496666666667,269.0595030758104
2019-10-09,3262.2000000000003,0,2,9,10,4,282,41,2019,0.9749279121818236,-0.22252093395631434,-0.9903973200352558,0.1382503109109819,-0.8660254037844386,0.5000000000000001,3080.0999999999995,3142.8,3801.8000000000006,3818.7999999999993,3254.628571428572,87.60513140003759,3469.51,265.3341333306828
2019-10-10,3390.999999999999,0,3,10,10,4,283,41,2019,0.43388373911755823,-0.900968867902419,-0.9878726596350429,0.15526624985999563,-0.8660254037844386,0.5000000000000001,3262.2000000000003,3305.399999999999,3887.8,3823.6,3266.857142857142,100.84692785177808,3452.95,253.56996959963206
2019-10-11,3436.5,0,4,11,10,4,284,41,2019,-0.433883739117558,-0.9009688679024191,-0.9850556718215013,0.172236243027682,-0.8660254037844386,0.5000000000000001,3390.999999999999,3332.2,3892.1,3723.6,3281.7571428571423,118.30437942221405,3437.7633333333333,239.62132408035535
2019-10-12,3415.0,0,5,12,10,4,285,41,2019,-0.9749279121818236,-0.2225209339563146,-0.981947190186646,0.18915526872004093,-0.8660254037844386,0.5000000000000001,3436.5,3332.5,3809.9,3736.2,3293.5428571428565,127.9205854836323,3424.6,229.08869386150883
2019-10-13,3305.0,0,6,13,10,4,286,41,2019,-0.7818314824680299,0.6234898018587334,-0.9785481345802031,0.20601832032517084,-0.8660254037844386,0.5000000000000001,3415.0,3242.1,3772.400000000001,3726.499999999999,3302.528571428571,125.8979443078859,3409.0199999999995,220.3464738808493
2019-10-14,3453.1,0,0,14,10,4,287,42,2019,0.0,1.0,-0.9748595108374125,0.22282040779479959,-0.8660254037844386,0.5000000000000001,3305.0,3227.9,3777.400000000001,3609.500000000001,3334.7,132.26178586424507,3398.21,209.3304619742298
2019-10-15,3486.199999999999,0,1,15,10,4,288,42,2019,0.7818314824680298,0.6234898018587336,-0.9708824104813836,0.23955655912092708,-0.8660254037844386,0.5000000000000001,3453.1,3080.0999999999995,3672.2000000000007,3705.9,3392.7142857142853,81.16913265052101,3392.01,203.6119150872975
2019-10-16,3465.4,0,2,16,10,4,289,42,2019,0.9749279121818236,-0.22252093395631434,-0.9666180104000972,0.2562218218071163,-0.8660254037844386,0.5000000000000001,3486.199999999999,3262.2000000000003,3806.000000000001,3699.7,3421.742857142857,60.3892887064935,3380.6566666666668,188.68035126642775
2019-10-17,3468.6,0,3,17,10,4,290,42,2019,0.43388373911755823,-0.900968867902419,-0.9620675724981452,0.27281126433401914,-0.8660254037844386,0.5000000000000001,3465.4,3390.999999999999,3743.8,3651.4,3432.828571428571,60.92538371608743,3371.483333333333,176.7273783667018
2019-10-18,3413.7,0,4,18,10,4,291,42,2019,-0.433883739117558,-0.9009688679024191,-0.957232443323312,0.28931997761869527,-0.8660254037844386,0.5000000000000001,3468.6,3436.5,3645.999999999999,3503.5999999999995,3429.5714285714284,61.30466850862556,3363.74,169.21405460499327
2019-10-19,3307.6,0,5,19,10,4,292,42,2019,-0.9749279121818236,-0.2225209339563146,-0.9521140536681102,0.3057430764672831,-0.8660254037844386,0.5000000000000001,3413.7,3415.0,3627.1,3464.4,3414.2285714285713,76.9918332094538,3353.0899999999997,161.96626159960383
2019-10-20,3128.9000000000005,0,6,20,10,4,293,42,2019,-0.7818314824680299,0.6234898018587334,-0.9467139181463862,0.3220757010206104,-0.8660254037844386,0.5000000000000001,3307.6,3305.0,3695.5,3567.6,3389.0714285714284,129.4976153485156,3334.203333333333,153.47406718677308
2019-10-21,3138.4999999999995,0,0,21,10,4,294,43,2019,0.0,1.0,-0.9410336347451197,0.3383130181923076,-0.8660254037844386,0.5000000000000001,3128.9000000000005,3453.1,3668.9,3529.899999999999,3344.128571428571,155.5448243463979,3316.523333333333,143.83597622803148
2019-10-22,3175.9,0,1,22,10,4,295,43,2019,0.7818314824680298,0.6234898018587336,-0.9350748843515574,0.3544502230989869,-0.8660254037844386,0.5000000000000001,3138.4999999999995,3486.199999999999,3432.0,3626.7,3299.8,152.4940217407415,3307.9866666666667,144.34497407332705
2019-10-23,3151.2000000000003,0,2,23,10,4,296,43,2019,0.9749279121818236,-0.22252093395631434,-0.9288394302558068,0.3704825404820963,-0.8660254037844386,0.5000000000000001,3175.9,3465.4,3554.5000000000005,3669.2,3254.914285714286,141.46970734131318,3294.5433333333335,139.28638491607163
2019-10-24,3089.5,0,3,24,10,4,297,43,2019,0.43388373911755823,-0.900968867902419,-0.9223291176290545,0.3864052261209853,-0.8660254037844386,0.5000000000000001,3151.2000000000003,3468.6,3517.1000000000004,3662.2,3200.757142857143,116.3696675418806,3280.29,137.59470556674611
2019-10-25,3060.7,0,4,25,10,4,298,43,2019,-0.433883739117558,-0.9009688679024191,-0.9155458729775467,0.40221356823680365,-0.8660254037844386,0.5000000000000001,3089.5,3413.7,3453.3,3674.3,3150.328571428571,79.2900311994955,3267.203333333333,139.23265937552569
2019-10-26,2940.3,0,5,26,10,4,299,43,2019,-0.9749279121818236,-0.2225209339563146,-0.9084917035725082,0.41790288888678667,-0.8660254037844386,0.5000000000000001,3060.7,3307.6,3372.5000000000005,3650.099999999999,3097.8571428571427,79.40024889008235,3252.7966666666666,149.91240081974465
2019-10-27,2698.3,0,6,27,10,4,300,43,2019,-0.7818314824680299,0.6234898018587334,-0.9011686968561569,0.4334685453485363,-0.8660254037844386,0.5000000000000001,2940.3,3128.9000000000005,3306.5,3620.7,3036.342857142857,168.33527910237103,3232.523333333333,180.42004377397163
2019-10-28,2631.5,0,0,28,10,4,301,44,2019,0.0,1.0,-0.8935790198239952,0.4489059314938798,-0.8660254037844386,0.5000000000000001,2698.3,3138.4999999999995,3182.8000000000006,3483.2,2963.914285714286,218.61723345130213,3214.146666666667,211.12310142194897
2019-10-29,2752.4999999999995,0,1,29,10,4,302,44,2019,0.7818314824680298,0.6234898018587336,-0.8857249183835637,0.4642104791518923,-0.8660254037844386,0.5000000000000001,2631.5,3175.9,2996.4,3563.0,2903.4285714285716,208.53032324887803,3206.016666666667,224.09489074378925
2019-10-30,2858.4000000000005,0,2,30,10,4,303,44,2019,0.9749279121818236,-0.22252093395631434,-0.8776087166898392,0.4793776594606945,-0.8660254037844386,0.5000000000000001,2752.4999999999995,3151.2000000000003,3126.7,3574.9,2861.6,177.62266184244461,3197.0733333333333,232.56321340634386
2019-10-31,2957.4999999999995,0,3,31,10,4,304,44,2019,0.43388373911755823,-0.900968867902419,-0.8692328164574792,0.49440298420761813,-0.8660254037844386,0.5000000000000001,2858.4000000000005,3089.5,3219.2000000000003,3617.3,2842.742857142857,154.95597070502998,3188.35,236.57809784362948
2019-11-01,3003.1000000000004,0,4,1,11,4,305,44,2019,-0.433883739117558,-0.9009688679024191,-0.8605996962501181,0.5092820071573356,-0.5000000000000004,0.8660254037844384,2957.4999999999995,3060.7,3142.8,3570.9,2834.514285714286,142.4799685168643,3183.6933333333336,238.86938565311888
2019-11-02,3010.4,0,5,2,11,4,306,44,2019,-0.9749279121818236,-0.2225209339563146,-0.8517119107469189,0.5240103253675756,-0.5000000000000004,0.8660254037844384,3003.1000000000004,2940.3,3305.399999999999,3556.7000000000007,2844.5285714285715,153.21358419196287,3173.86,239.7567842339534
2019-11-03,2912.2000000000003,0,6,3,11,4,307,44,2019,-0.7818314824680299,0.6234898018587334,-0.8425720899866032,0.5385835804920232,-0.5000000000000004,0.8660254037844384,3010.4,2698.3,3332.2,3510.9,2875.085714285714,139.94455364619844,3159.8599999999997,242.4395091279606
2019-11-04,3092.6000000000004,0,0,4,11,4,308,45,2019,0.0,1.0,-0.8331829385891785,0.5529974600700271,-0.5000000000000004,0.8660254037844384,2912.2000000000003,2631.5,3332.5,3412.100000000001,2940.957142857143,111.88686037156356,3151.8633333333332,240.49743633780602
2019-11-05,3143.4,0,1,5,11,4,309,45,2019,0.7818314824680298,0.6234898018587336,-0.8235472349556007,0.5672476988027229,-0.5000000000000004,0.8660254037844384,3092.6000000000004,2752.4999999999995,3242.1,3510.9999999999995,2996.7999999999997,98.95290125440172,3148.5733333333333,239.89478574967953
2019-11-06,3189.0000000000005,0,2,6,11,4,310,45,2019,0.9749279121818236,-0.22252093395631434,-0.8136678304455991,0.5813300798152042,-0.5000000000000004,0.8660254037844384,3143.4,2858.4000000000005,3227.9,3436.4,3044.028571428572,100.76587905114292,3147.276666666666,239.55611923799276
2019-11-07,3097.1,0,3,7,11,4,311,45,2019,0.43388373911755823,-0.900968867902419,-0.8035476485339116,0.5952404359043674,-0.5000000000000004,0.8660254037844384,3189.0000000000005,2957.4999999999995,3080.0999999999995,3170.7000000000003,3063.971428571429,94.3998007463454,3147.8433333333332,239.41179742678938
2019-11-08,3081.5999999999995,0,4,8,11,4,312,45,2019,-0.433883739117558,-0.9009688679024191,-0.7931896839451843,0.6089746507720486,-0.5000000000000004,0.8660254037844384,3097.1,3003.1000000000004,3262.2000000000003,3059.5999999999995,3075.1857142857143,90.54745401483615,3141.8233333333337,238.70670025603812
2019-11-09,3060.9,0,5,9,11,4,313,45,2019,-0.9749279121818236,-0.2225209339563146,-0.7825970017677834,0.6225286602431057,-0.5000000000000004,0.8660254037844384,3081.5999999999995,3010.4,3390.999999999999,3172.6000000000004,3082.4000000000005,86.44422093657182,3130.82,234.39379978853955
2019-11-10,2975.5,0,6,10,11,4,314,45,2019,-0.7818314824680299,0.6234898018587334,-0.7717727365467837,0.6358984534680745,-0.5000000000000004,0.8660254037844384,3060.9,2912.2000000000003,3436.5,3256.2000000000003,3091.4428571428575,66.73676790550915,3115.4533333333334,228.7049865013318
2019-11-11,3135.8,0,0,11,11,4,315,46,2019,0.0,1.0,-0.7607200913564104,0.6490800741100398,-0.5000000000000004,0.8660254037844384,2975.5,3092.6000000000004,3415.0,3249.6000000000004,3097.6142857142854,68.82633770514332,3106.146666666667,221.6677005593373
2019-11-12,3196.5,0,1,12,11,4,316,46,2019,0.7818314824680298,0.6234898018587336,-0.7494423368521953,0.6620696215153815,-0.5000000000000004,0.8660254037844384,3135.8,3143.4,3305.0,3366.1000000000004,3105.2000000000003,77.13801483918988,3102.53,219.18258669507597
2019-11-13,3210.0,0,2,13,11,4,317,46,2019,0.9749279121818236,-0.22252093395631434,-0.7379428103031386,0.6748632518680403,-0.5000000000000004,0.8660254037844384,3196.5,3189.0000000000005,3453.1,3407.7000000000003,3108.2000000000003,81.23960446316252,3094.4266666666667,210.07960220918048
2019-11-14,3194.1,0,3,14,11,4,318,46,2019,0.43388373911755823,-0.900968867902419,-0.7262249146041543,0.6874571793269664,-0.5000000000000004,0.8660254037844384,3210.0,3097.1,3486.199999999999,3396.3,3122.0571428571425,87.09257253333422,3084.69,197.70005904103147
2019-11-15,3189.3,0,4,15,11,4,319,46,2019,-0.433883739117558,-0.9009688679024191,-0.7142921172691032,0.699847677146407,-0.5000000000000004,0.8660254037844384,3194.1,3081.5999999999995,3465.4,3401.4999999999995,3137.4428571428575,88.25953880728255,3075.4866666666667,185.41065277086778
2019-11-16,3183.1,0,5,16,11,4,320,46,2019,-0.9749279121818236,-0.2225209339563146,-0.7021479494046978,0.7120310787787131,-0.5000000000000004,0.8660254037844384,3189.3,3060.9,3468.6,3339.1000000000004,3154.9,82.4934138785122,3065.9700000000003,171.32966035465418
2019-11-17,3078.7,0,6,17,11,4,321,46,2019,-0.7818314824680299,0.6234898018587334,-0.6897960046655887,0.7240037789593305,-0.5000000000000004,0.8660254037844384,3183.1,2975.5,3413.7,3350.7,3169.6428571428573,46.42484453904493,3054.8033333333337,158.30642369028806
2019-11-18,3216.1,0,0,18,11,4,322,47,2019,0.0,1.0,-0.6772399381909491,0.7357622347736527,-0.5000000000000004,0.8660254037844384,3078.7,3135.8,3307.6,3260.2,3181.1142857142854,46.58928448226947,3051.7533333333336,154.0933633992002
2019-11-19,3261.3,0,1,19,11,4,323,47,2019,0.7818314824680298,0.6234898018587336,-0.6644834655228552,0.7473029667054297,-0.5000000000000004,0.8660254037844384,3216.1,3196.5,3128.9000000000005,3355.0,3190.371428571428,55.70238517589892,3056.1666666666665,158.2198434159714
2019-11-20,3278.4999999999995,0,2,20,11,4,324,47,2019,0.9749279121818236,-0.22252093395631434,-0.6515303615068021,0.75862255966641,-0.5000000000000004,0.8660254037844384,3261.3,3210.0,3138.4999999999995,3374.2000000000003,3200.157142857143,64.97124638747063,3060.8333333333335,162.73227925842946
2019-11-21,3286.2,0,3,21,11,4,325,47,2019,0.43388373911755823,-0.900968867902419,-0.6383844591746642,0.769717664006921,-0.5000000000000004,0.8660254037844384,3278.4999999999995,3194.1,3175.9,3375.8,3213.3142857142857,72.43674087484952,3064.5099999999998,166.62122096498348
2019-11-22,3288.3,0,4,22,11,4,326,47,2019,-0.433883739117558,-0.9009688679024191,-0.6250496486104377,0.7805849965070866,-0.5000000000000004,0.8660254037844384,3286.2,3189.3,3151.2000000000003,3346.8,3227.4571428571426,76.51635679475105,3069.08,170.9059600260142
2019-11-23,3252.9,0,5,23,11,4,327,47,2019,-0.9749279121818236,-0.2225209339563146,-0.6115298757991053,0.7912213413483807,-0.5000000000000004,0.8660254037844384,3288.3,3183.1,3089.5,3324.0000000000005,3237.4285714285716,74.2880590289219,3074.5266666666666,174.15207372181638
2019-11-24,3138.4999999999995,0,6,24,11,4,328,47,2019,-0.7818314824680299,0.6234898018587334,-0.5978291414589552,0.801623551065242,-0.5000000000000004,0.8660254037844384,3252.9,3078.7,3060.7,3314.4,3245.9714285714285,53.531196956709195,3077.1200000000003,174.51796152989954
2019-11-25,3264.4,0,0,25,11,4,329,48,2019,0.0,1.0,-0.5839514998576998,0.8117885474764613,-0.5000000000000004,0.8660254037844384,3138.4999999999995,3216.1,2940.3,3219.9000000000005,3252.871428571428,52.13376111137629,3087.923333333333,175.78315144897442
2019-11-26,3280.1,0,1,26,11,4,330,48,2019,0.7818314824680298,0.6234898018587336,-0.5699010576127624,0.821713322596059,-0.5000000000000004,0.8660254037844384,3264.4,3261.3,2698.3,3328.7,3255.557142857143,53.11534169906607,3107.3166666666666,162.9400420364813
2019-11-27,3270.7000000000003,0,2,27,11,4,331,48,2019,0.9749279121818236,-0.22252093395631434,-0.5556819724760489,0.8313949395234058,-0.5000000000000004,0.8660254037844384,3280.1,3278.4999999999995,2631.5,3334.7000000000003,3254.4428571428575,52.63344491678787,3128.6233333333334,138.54012908834673
2019-11-28,3215.2,0,3,28,11,4,332,48,2019,0.43388373911755823,-0.900968867902419,-0.5412984521036173,0.8408305333122887,-0.5000000000000004,0.8660254037844384,3270.7000000000003,3286.2,2752.4999999999995,3362.399999999999,3244.2999999999997,52.33389596299515,3144.0466666666666,119.69761249407296
2019-11-29,3241.7999999999997,0,4,29,11,4,333,48,2019,-0.433883739117558,-0.9009688679024191,-0.5267547528105542,0.8500173118187018,-0.5000000000000004,0.8660254037844384,3215.2,3288.3,2858.4000000000005,3350.8,3237.657142857143,48.63876564848653,3156.826666666667,108.04850102945564
2019-11-30,3223.3,0,5,30,11,4,334,48,2019,-0.9749279121818236,-0.2225209339563146,-0.5120551783114646,0.8589525565270845,-0.5000000000000004,0.8660254037844384,3241.7999999999997,3252.9,2957.4999999999995,3367.7,3233.4285714285716,48.37870448469942,3165.686666666667,101.86070181729683
2019-12-01,3024.7,0,6,1,12,4,335,48,2019,-0.7818314824680299,0.6234898018587334,-0.4972040784469378,0.8676336233547726,-2.4492935982947064e-16,1.0,3223.3,3138.4999999999995,3003.1000000000004,3322.4,3217.1714285714284,88.26958166671986,3166.4066666666668,100.74202948991423
2019-12-02,3124.4,0,0,2,12,4,336,49,2019,0.0,1.0,-0.4822058478963526,0.8760579434344281,-2.4492935982947064e-16,1.0,3024.7,3264.4,3010.4,3198.7,3197.171428571429,91.58339941068768,3170.2066666666665,96.72446088416801
2019-12-03,3163.4,0,1,3,12,4,337,49,2019,0.7818314824680298,0.6234898018587336,-0.46706492487743034,0.8842230238742036,-2.4492935982947064e-16,1.0,3124.4,3280.1,2912.2000000000003,3306.8,3180.5,84.30393426959196,3178.5800000000004,83.6017917643306
2019-12-04,3212.6000000000004,0,2,4,12,4,338,49,2019,0.9749279121818236,-0.22252093395631434,-0.451785789832884,0.8921264484954345,-2.4492935982947064e-16,1.0,3163.4,3270.7000000000003,3092.6000000000004,3341.0999999999995,3172.2,76.43631335954308,3182.58,82.20523684970948
2019-12-05,3251.7,0,3,5,12,4,339,49,2019,0.43388373911755823,-0.900968867902419,-0.4363729641045924,0.8997658785476209,-2.4492935982947064e-16,1.0,3212.6000000000004,3215.2,3143.4,3354.1,3177.414285714286,80.9691181577051,3186.1900000000005,82.80114671036449
2019-12-06,3269.1,0,4,6,12,4,340,49,2019,-0.433883739117558,-0.9009688679024191,-0.42083100859565564,0.9071390534005044,-2.4492935982947064e-16,1.0,3251.7,3241.7999999999997,3189.0000000000005,3376.4,3181.3142857142852,85.13740714419514,3188.86,84.17493524878711
2019-12-07,3232.0000000000005,0,5,7,12,4,341,49,2019,-0.9749279121818236,-0.2225209339563146,-0.4051645224207563,0.9142437912130223,-2.4492935982947064e-16,1.0,3269.1,3223.3,3097.1,3354.2000000000007,3182.557142857143,85.9124526701915,3193.3566666666666,82.69422980884289
2019-12-08,3113.9,0,6,8,12,4,342,49,2019,-0.7818314824680299,0.6234898018587334,-0.3893781415452015,0.9210779895789526,-2.4492935982947064e-16,1.0,3232.0000000000005,3024.7,3081.5999999999995,3364.0,3195.3,61.83844543107312,3194.4333333333334,81.38896957091694
2019-12-09,3253.699999999999,0,0,9,12,4,343,50,2019,0.0,1.0,-0.37347653741307074,0.9276396261490467,-2.4492935982947064e-16,1.0,3113.9,3124.4,3060.9,3252.0,3213.7714285714287,56.183263055982025,3200.86,78.0236683807275
2019-12-10,3331.6,0,1,10,12,4,344,50,2019,0.7818314824680298,0.6234898018587336,-0.3574644155648614,0.9339267592294762,-2.4492935982947064e-16,1.0,3253.699999999999,3163.4,2975.5,3336.5999999999995,3237.7999999999997,66.13627345614141,3212.73,69.13804357200895
2019-12-11,3360.3,0,2,11,12,4,345,50,2019,0.9749279121818236,-0.22252093395631434,-0.34134651424503615,0.9399375283564133,-2.4492935982947064e-16,1.0,3331.6,3212.6000000000004,3135.8,3365.6,3258.9,79.05565550082878,3220.213333333333,72.58780050124585
2019-12-12,3291.6000000000004,0,3,12,12,4,346,50,2019,0.43388373911755823,-0.900968867902419,-0.3251276029999093,0.9456701548465688,-2.4492935982947064e-16,1.0,3360.3,3251.7,3196.5,3340.4999999999995,3264.6,79.8840826865138,3223.383333333333,73.58620130831572
2019-12-13,3132.2,0,4,13,12,4,347,50,2019,-0.433883739117558,-0.9009688679024191,-0.30881248126625377,0.9511229423235357,-2.4492935982947064e-16,1.0,3291.6000000000004,3269.1,3210.0,3338.3,3245.0428571428574,94.09298339306959,3220.79,75.42213774528297
2019-12-14,3185.8,0,5,14,12,4,348,50,2019,-0.9749279121818236,-0.2225209339563146,-0.29240597695107734,0.9562942772197719,-2.4492935982947064e-16,1.0,3132.2,3232.0000000000005,3194.1,3326.5999999999995,3238.4428571428575,96.7433177217342,3220.513333333334,75.53855253802327
2019-12-15,3071.9,0,6,15,12,4,349,50,2019,-0.7818314824680299,0.6234898018587334,-0.27591294500296043,0.9611826292540837,-2.4492935982947064e-16,1.0,3185.8,3113.9,3189.3,3306.8,3232.442857142857,106.55923012019352,3216.6,80.11378545973935
2019-12-16,3197.3,0,0,16,12,4,350,51,2019,0.0,1.0,-0.2593382659754056,0.9657865518844574,-2.4492935982947064e-16,1.0,3071.9,3253.699999999999,3183.1,3188.9,3224.3857142857146,106.81600111985502,3217.0733333333333,79.95081649033204
2019-12-17,3269.7000000000003,0,1,17,12,4,351,51,2019,0.7818314824680298,0.6234898018587336,-0.2426868445825954,0.9701046827361175,-2.4492935982947064e-16,1.0,3197.3,3331.6,3078.7,3221.499999999999,3215.5428571428574,98.71597062857444,3223.44,76.0621823655248
2019-12-18,3314.8,0,2,18,12,4,352,51,2019,0.9749279121818236,-0.22252093395631434,-0.22596360824801906,0.974135744004672,-2.4492935982947064e-16,1.0,3269.7000000000003,3360.3,3216.1,3233.2000000000007,3209.0428571428574,88.57262287980517,3226.73,77.84738894475963
2019-12-19,3352.6000000000004,0,3,19,12,4,353,51,2019,0.43388373911755823,-0.900968867902419,-0.20917350564635637,0.9778785428342386,-2.4492935982947064e-16,1.0,3314.8,3291.6000000000004,3261.3,3302.2000000000003,3217.7571428571428,100.27633248748975,3229.7733333333335,80.967549623003
2019-12-20,3404.4,0,4,20,12,4,354,51,2019,-0.433883739117558,-0.9009688679024191,-0.19232150523909483,0.9813319716704275,-2.4492935982947064e-16,1.0,3352.6000000000004,3132.2,3278.4999999999995,3344.1000000000004,3256.6428571428573,113.47752871740099,3233.9700000000003,86.64402062660896
2019-12-21,3377.0,0,5,21,12,4,355,51,2019,-0.9749279121818236,-0.2225209339563146,-0.17541259380427843,0.9844950085880858,-2.4492935982947064e-16,1.0,3404.4,3185.8,3286.2,3375.9999999999995,3283.957142857143,116.55294729782162,3236.9966666666664,90.05040536136704
2019-12-22,3291.2000000000003,0,6,22,12,4,356,51,2019,-0.7818314824680299,0.6234898018587334,-0.15845177496083632,0.9873667175937016,-2.4492935982947064e-16,1.0,3377.0,3071.9,3288.3,3358.400000000001,3315.2857142857147,70.38158917811967,3237.0933333333332,90.10891468521037
2019-12-23,3416.6,0,0,23,12,4,357,52,2019,0.0,1.0,-0.14144406768794202,0.9899462489023779,-2.4492935982947064e-16,1.0,3291.2000000000003,3197.3,3252.9,3225.4,3346.6142857142854,56.561188948234275,3242.55,95.87139643904109
2019-12-24,3452.6000000000004,0,1,24,12,4,358,52,2019,0.7818314824680298,0.6234898018587336,-0.12439450483979998,0.9922328391893008,-2.4492935982947064e-16,1.0,3416.6,3269.7000000000003,3138.4999999999995,3331.3,3372.7428571428572,57.3487244014737,3253.0199999999995,101.12375279482885
2019-12-25,3413.0000000000005,0,2,25,12,4,359,52,2019,0.9749279121818236,-0.22252093395631434,-0.10730813165636247,0.9942258118156161,-2.4492935982947064e-16,1.0,3452.6000000000004,3314.8,3264.4,3341.9,3386.7714285714287,52.629070366282974,3257.9733333333334,105.25542309996816
2019-12-26,3435.099999999999,0,3,26,12,4,360,52,2019,0.43388373911755823,-0.900968867902419,-0.09019000427034513,0.9959245770286599,-2.4492935982947064e-16,1.0,3413.0000000000005,3352.6000000000004,3280.1,3409.5999999999995,3398.557142857143,52.93794660237961,3263.14,110.07299333655016
2019-12-27,3468.2000000000007,0,4,27,12,4,361,52,2019,-0.433883739117558,-0.9009688679024191,-0.07304518821104743,0.9973286321364752,-2.4492935982947064e-16,1.0,3435.099999999999,3404.4,3270.7000000000003,3420.8,3407.671428571429,59.229854923729185,3269.7233333333334,116.27228650540346
2019-12-28,3438.6,0,5,28,12,4,362,52,2019,-0.9749279121818236,-0.2225209339563146,-0.05587875690537313,0.9984375616565666,-2.4492935982947064e-16,1.0,3468.2000000000007,3377.0,3215.2,3419.0,3416.4714285714285,58.484776203892686,3277.17,119.76140691477399
2019-12-29,3346.1,0,6,29,12,4,363,52,2019,-0.7818314824680299,0.6234898018587334,-0.03869579017652689,0.9992510374388481,-2.4492935982947064e-16,1.0,3438.6,3291.2000000000003,3241.7999999999997,3352.2,3424.3142857142857,39.47878875934782,3280.6466666666665,120.21227412612188
2019-12-30,3449.5,0,0,30,12,4,364,1,2019,0.0,1.0,-0.021501372740813793,0.999768818762748,-2.4492935982947064e-16,1.0,3346.1,3416.6,3223.3,3244.8,3429.014285714286,40.35597554148885,3288.1866666666665,123.53918750976887
2019-12-31,3476.4000000000005,0,1,31,12,4,365,1,2019,0.7818314824680298,0.6234898018587336,-0.004300592702981974,0.9999907524084426,-2.4492935982947064e-16,1.0,3449.5,3452.6000000000004,3024.7,3328.4,3432.4142857142856,43.55040866901953,3303.2433333333333,117.70710781377693
2020-01-01,3376.4999999999995,0,2,1,1,1,1,1,2020,0.9749279121818236,-0.22252093395631434,0.017201575418260506,0.9998520419557735,0.49999999999999994,0.8660254037844387,3476.4000000000005,3413.0000000000005,3124.4,3294.4,3427.2,48.19923927477645,3311.646666666667,113.41973535419264
2020-01-02,3380.1,0,3,2,1,1,2,1,2020,0.43388373911755823,-0.900968867902419,0.03439806061360801,0.9994082116062598,0.49999999999999994,0.8660254037844387,3376.4999999999995,3435.099999999999,3163.4,3316.4,3419.342857142857,51.09281936316121,3318.87,110.51611569171789
2020-01-03,3390.8000000000006,0,4,3,1,1,3,1,2020,-0.433883739117558,-0.9009688679024191,0.051584366869408364,0.9986686402879997,0.49999999999999994,0.8660254037844387,3380.1,3468.2000000000007,3212.6000000000004,3367.3,3408.285714285714,46.96578288397941,3324.81,109.390576250483
2020-01-04,3388.2000000000003,0,5,4,1,1,4,1,2020,-0.9749279121818236,-0.2225209339563146,0.06875540848113941,0.9976335468520451,0.49999999999999994,0.8660254037844387,3390.8000000000006,3438.6,3251.7,3403.4,3401.0857142857144,45.380444708101294,3329.36,109.08313691226343
2020-01-05,3271.5,0,6,5,1,1,5,1,2020,-0.7818314824680299,0.6234898018587334,0.08590610426133272,0.9963032375991965,0.49999999999999994,0.8660254037844387,3388.2000000000003,3346.1,3269.1,3366.8,3390.4285714285716,64.97475700315658,3329.44,109.03829001618693
2020-01-06,3396.9999999999995,0,0,6,1,1,6,2,2020,0.0,1.0,0.10303137904317879,0.9946781061893646,0.49999999999999994,0.8660254037844387,3271.5,3449.5,3232.0000000000005,3256.5000000000005,3382.9285714285716,59.847464838697974,3334.94,108.111279197196
2020-01-07,3438.3000000000006,0,1,7,1,1,7,2,2020,0.7818314824680298,0.6234898018587336,0.1201261651823505,0.9927586335250793,0.49999999999999994,0.8660254037844387,3396.9999999999995,3476.4000000000005,3113.9,3338.000000000001,3377.4857142857145,51.009849655775895,3345.753333333333,101.24571930782932
2020-01-08,3390.6000000000004,0,2,8,1,1,8,2,2020,0.9749279121818236,-0.22252093395631434,0.13718540405660057,0.9905453876091833,0.49999999999999994,0.8660254037844387,3438.3000000000006,3376.4999999999995,3253.699999999999,3392.899999999999,3379.5000000000005,51.242300234605466,3350.3166666666666,100.03152290508956
2020-01-09,3399.7999999999997,0,3,9,1,1,9,2,2020,0.43388373911755823,-0.900968867902419,0.1542040475626894,0.988039023376751,0.49999999999999994,0.8660254037844387,3390.6000000000004,3380.1,3331.6,3386.0999999999995,3382.3142857142857,51.81847896170723,3352.5900000000006,100.36590075559307
2020-01-10,3450.5,0,4,10,1,1,10,2,2020,-0.433883739117558,-0.9009688679024191,0.17117705961019986,0.985240282501282,0.49999999999999994,0.8660254037844387,3399.7999999999997,3390.8000000000006,3360.3,3413.7,3390.842857142857,57.99289775891865,3355.596666666667,101.94349849331373
2020-01-11,3453.2,0,5,11,1,1,11,2,2020,-0.9749279121818236,-0.2225209339563146,0.18809941761179758,0.9821499931752291,0.49999999999999994,0.8660254037844387,3450.5,3388.2000000000003,3291.6000000000004,3438.0000000000005,3400.128571428572,62.52588035594534,3360.983333333333,102.711880531405
2020-01-12,3361.0,0,6,12,1,1,12,2,2020,-0.7818314824680299,0.6234898018587334,0.20496611396949532,0.9787690698649216,0.49999999999999994,0.8660254037844387,3453.2,3271.5,3132.2,3404.0,3412.914285714286,34.876755801514555,3368.61,93.191568917151
2020-01-13,3421.5999999999995,0,0,13,1,1,13,3,2020,0.0,1.0,0.22177215755648186,0.975098513039961,0.49999999999999994,0.8660254037844387,3361.0,3396.9999999999995,3185.8,3293.8,3416.4285714285716,34.23948569930324,3376.47,86.97808741087529
2020-01-14,3376.4000000000005,0,1,14,1,1,14,3,2020,0.7818314824680298,0.6234898018587336,0.23851257519407648,0.9711394088771653,0.49999999999999994,0.8660254037844387,3421.5999999999995,3438.3000000000006,3071.9,3278.9,3407.585714285714,35.61509177167859,3386.6200000000003,65.26785341692968
2020-01-15,3297.1,0,2,15,1,1,15,3,2020,0.9749279121818236,-0.22252093395631434,0.2551824131233728,0.9668929289391521,0.49999999999999994,0.8660254037844387,3376.4000000000005,3390.6000000000004,3197.3,3281.3,3394.2285714285713,55.197062551243874,3389.9466666666663,57.34849745998734
2020-01-16,3261.7000000000003,0,3,16,1,1,16,3,2020,0.43388373911755823,-0.900968867902419,0.2717767384711357,0.9623603298276545,0.49999999999999994,0.8660254037844387,3297.1,3399.7999999999997,3269.7000000000003,3325.7000000000003,3374.5,74.2614300966527,3389.6800000000003,57.942441118382774
2020-01-17,3345.1,0,4,17,1,1,17,3,2020,-0.433883739117558,-0.9009688679024191,0.2882906407095177,0.9575429528116719,0.49999999999999994,0.8660254037844387,3261.7000000000003,3450.5,3314.8,3362.5999999999995,3359.442857142857,66.57063559715672,3390.69,56.84589785944899
2020-01-18,3374.1,0,5,18,1,1,18,3,2020,-0.9749279121818236,-0.2225209339563146,0.3047192331091634,0.9524422234305676,0.49999999999999994,0.8660254037844387,3345.1,3453.2,3352.6000000000004,3409.2000000000003,3348.1428571428573,53.417377233218815,3391.4066666666668,56.483503440545974
2020-01-19,3270.399999999999,0,6,19,1,1,19,3,2020,-0.7818314824680299,0.6234898018587334,0.321057654185271,0.9470596510722283,0.49999999999999994,0.8660254037844387,3374.1,3361.0,3404.4,3399.3,3335.2000000000003,60.31379057340913,3386.94,60.57097632044946
2020-01-20,3454.9999999999995,0,0,20,1,1,20,4,2020,0.0,1.0,0.3373010691361842,0.9413968285264122,0.49999999999999994,0.8660254037844387,3270.399999999999,3421.5999999999995,3377.0,3298.2,3339.9714285714285,68.98578873665798,3389.54,61.79136531575304
2020-01-21,3527.6000000000004,0,1,21,1,1,21,4,2020,0.7818314824680298,0.6234898018587336,0.3534446712740877,0.9354554315134164,0.49999999999999994,0.8660254037844387,3454.9999999999995,3376.4000000000005,3291.2000000000003,3304.1000000000004,3361.5714285714284,99.30236174240275,3397.42,63.85705696425833
2020-01-22,3533.7,0,2,22,1,1,22,4,2020,0.9749279121818236,-0.22252093395631434,0.3694836834473831,0.9292372181882051,0.49999999999999994,0.8660254037844387,3527.6000000000004,3297.1,3416.6,3244.8,3395.371428571428,113.01943364285917,3401.3233333333333,68.4813777019169
2020-01-23,3540.1000000000004,0,3,23,1,1,23,4,2020,0.43388373911755823,-0.900968867902419,0.38541335945432564,0.9227440286201427,0.49999999999999994,0.8660254037844387,3533.7,3261.7000000000003,3452.6000000000004,3337.4,3435.1428571428573,106.96284179008242,3404.2400000000002,72.48679594385078
2020-01-24,3572.9000000000005,0,4,24,1,1,24,4,2020,-0.433883739117558,-0.9009688679024191,0.4012289854475009,0.9159777842484877,0.49999999999999994,0.8660254037844387,3540.1000000000004,3345.1,3413.0000000000005,3334.8,3467.6857142857143,109.62234304756997,3409.57,78.76042306500045
2020-01-25,3563.3,0,5,25,1,1,25,4,2020,-0.9749279121818236,-0.2225209339563146,0.4169258813287287,0.908940487313808,0.49999999999999994,0.8660254037844387,3572.9000000000005,3374.1,3435.099999999999,3289.5999999999995,3494.714285714286,105.96567728234473,3413.8433333333332,83.52703746993708
2020-01-26,3343.5,0,6,26,1,1,26,4,2020,-0.7818314824680299,0.6234898018587334,0.4324994021339788,0.901634220265486,0.49999999999999994,0.8660254037844387,3563.3,3270.399999999999,3468.2000000000007,3084.3000000000006,3505.157142857143,80.78555681851483,3409.686666666667,83.83099062103639
2020-01-27,3503.7000000000003,0,0,27,1,1,27,5,2020,0.0,1.0,0.44794493940789115,0.8940611451454876,0.49999999999999994,0.8660254037844387,3343.5,3454.9999999999995,3438.6,3078.3,3512.1142857142854,77.78754031702498,3411.8566666666666,85.43250485064809
2020-01-28,3544.899999999999,0,1,28,1,1,28,5,2020,0.7818314824680298,0.6234898018587336,0.4632579225674917,0.88622350294858,0.49999999999999994,0.8660254037844387,3503.7000000000003,3527.6000000000004,3346.1,3243.7000000000003,3514.5857142857144,78.6317880709797,3418.483333333333,87.83249765136289
2020-01-29,3534.4,0,2,29,1,1,29,5,2020,0.9749279121818236,-0.22252093395631434,0.4784338202547012,0.8781236129591848,0.49999999999999994,0.8660254037844387,3544.899999999999,3533.7,3449.5,3298.4,3514.6857142857143,78.66058794109962,3421.3133333333335,90.20212067746047
2020-01-30,3553.1000000000004,0,3,30,1,1,30,5,2020,0.43388373911755823,-0.900968867902419,0.49346814167723735,0.8697638720650646,0.49999999999999994,0.8660254037844387,3534.4,3540.1000000000004,3476.4000000000005,3350.5,3516.542857142857,79.50949329363704,3423.87,92.86500083082343
2020-01-31,3580.4,0,4,31,1,1,31,5,2020,-0.433883739117558,-0.9009688679024191,0.5083564379375122,0.8611467540480452,0.49999999999999994,0.8660254037844387,3553.1000000000004,3572.9000000000005,3376.4999999999995,3349.9,3517.6142857142863,80.44058736259629,3430.6666666666665,96.66244620195374
2020-02-01,3523.4,0,5,1,2,1,32,5,2020,-0.9749279121818236,-0.2225209339563146,0.5230943033491326,0.8522748088519838,0.8660254037844386,0.5000000000000001,3580.4,3563.3,3380.1,3345.3,3511.9142857142856,78.04164334020288,3435.4433333333336,97.61345541552858
2020-02-02,3421.4,0,6,2,2,1,33,5,2020,-0.7818314824680299,0.6234898018587334,0.5376773767406141,0.8431506618282,0.8660254037844386,0.5000000000000001,3523.4,3343.5,3390.8000000000006,3340.6,3523.0428571428574,50.8355799659807,3436.4633333333336,97.29021456741256
2020-02-03,3544.7000000000003,0,0,3,2,1,34,6,2020,0.0,1.0,0.5521013427459208,0.8337770129585915,0.8660254037844386,0.5000000000000001,3421.4,3503.7000000000003,3388.2000000000003,3247.1000000000004,3528.9000000000005,50.59690372609917,3441.6800000000003,98.79718130838154
2020-02-04,3590.100000000001,0,1,4,2,1,35,6,2020,0.7818314824680298,0.6234898018587336,0.5663619330814524,0.8241566360566663,0.8660254037844386,0.5000000000000001,3544.7000000000003,3544.899999999999,3271.5,3338.1,3535.3571428571427,55.61453218788901,3452.3000000000006,96.98015083083162
2020-02-05,3609.1,0,2,5,2,1,36,6,2020,0.9749279121818236,-0.22252093395631434,0.580454927809098,0.8142923779467267,0.8660254037844386,0.5000000000000001,3590.100000000001,3534.4,3396.9999999999995,3421.699999999999,3546.028571428572,62.17957098292557,3459.3700000000003,100.47781415780031
2020-02-06,3628.399999999999,0,3,6,2,1,37,6,2020,0.43388373911755823,-0.900968867902419,0.5943761565849831,0.804187157621448,0.8660254037844386,0.5000000000000001,3609.1,3553.1000000000004,3438.3000000000006,3415.1000000000017,3556.785714285714,69.66925262916527,3465.706666666667,104.99598328386438
2020-02-07,3635.599999999999,0,4,7,2,1,38,6,2020,-0.433883739117558,-0.9009688679024191,0.6081214998935418,0.7938439653781019,0.8660254037844386,0.5000000000000001,3628.399999999999,3580.4,3390.6000000000004,3297.8000000000006,3564.6714285714284,75.65447143177178,3473.8733333333334,108.42484106936898
2020-02-08,3596.4,0,5,8,2,1,39,6,2020,-0.9749279121818236,-0.2225209339563146,0.6216868902665479,0.7832658619336791,0.8660254037844386,0.5000000000000001,3635.599999999999,3523.4,3399.7999999999997,3309.5,3575.1,74.03116460879933,3480.4266666666663,109.72693044265017
2020-02-09,3435.3,0,6,9,2,1,40,6,2020,-0.7818314824680299,0.6234898018587334,0.6350683134867438,0.7724559775191742,0.8660254037844386,0.5000000000000001,3596.4,3421.4,3450.5,3288.0000000000005,3577.085714285714,69.25367447705025,3479.9199999999996,109.90483155893726
2020-02-10,3552.7000000000007,0,0,10,2,1,41,7,2020,0.0,1.0,0.6482618097757122,0.7614175109532997,0.8660254037844386,0.5000000000000001,3435.3,3544.7000000000003,3453.2,3207.4,3578.2285714285713,68.69390352101269,3483.2366666666667,110.57000429851256
2020-02-11,3641.6,0,1,11,2,1,42,7,2020,0.7818314824680298,0.6234898018587336,0.6612634749656386,0.7501537286959042,0.8660254037844386,0.5000000000000001,3552.7000000000007,3590.100000000001,3361.0,3325.4,3585.585714285714,72.81166180798222,3492.5899999999997,111.73531640011068
2020-02-12,3663.1,0,2,12,2,1,43,7,2020,0.9749279121818236,-0.22252093395631434,0.6740694616546161,0.7386679638813748,0.8660254037844386,0.5000000000000001,3641.6,3609.1,3421.5999999999995,3395.4,3593.2999999999997,78.36687225268479,3500.6400000000003,115.09346306970548
2020-02-13,3671.2,0,3,13,2,1,44,7,2020,0.43388373911755823,-0.900968867902419,0.6866759803451553,0.726963615332308,0.8660254037844386,0.5000000000000001,3663.1,3628.399999999999,3376.4000000000005,3413.3,3599.414285714286,83.08921768340403,3510.4666666666667,116.69395378755945
2020-02-14,3665.8,0,4,14,2,1,45,7,2020,-0.433883739117558,-0.9009688679024191,0.6990793005655562,0.7150441465537444,0.8660254037844386,0.5000000000000001,3671.2,3635.599999999999,3297.1,3379.5,3603.7285714285717,86.01383056009719,3522.756666666667,112.79806088859965
2020-02-15,3651.7999999999993,0,5,15,2,1,46,7,2020,-0.9749279121818236,-0.2225209339563146,0.7112757519738152,0.7029130847082615,0.8660254037844386,0.5000000000000001,3665.8,3596.4,3261.7000000000003,3348.3,3611.6428571428573,87.75816879629105,3535.7599999999998,103.79151383820323
2020-02-16,3567.9000000000005,0,6,16,2,1,47,7,2020,-0.7818314824680299,0.6234898018587334,0.7232617254437388,0.6905740195722294,0.8660254037844386,0.5000000000000001,3651.7999999999993,3435.3,3345.1,3313.7,3630.585714285714,49.18297227605356,3543.186666666667,97.45640133371376
2020-02-17,3695.7999999999993,0,0,17,2,1,48,8,2020,0.0,1.0,0.7350336741329412,0.6780306024735382,0.8660254037844386,0.5000000000000001,3567.9000000000005,3552.7000000000007,3374.1,3268.0000000000005,3651.028571428571,40.363214039785504,3553.9100000000003,95.89606208878578
2020-02-18,3741.9,0,1,18,2,1,49,8,2020,0.7818314824680298,0.6234898018587336,0.746588114532413,0.6652865452111116,0.8660254037844386,0.5000000000000001,3695.7999999999993,3641.6,3270.399999999999,3360.8,3665.3571428571427,52.4510837874568,3569.6266666666666,85.95056692088362
2020-02-19,3753.099999999999,0,2,19,2,1,50,8,2020,0.9749279121818236,-0.22252093395631434,0.7579216274973472,0.6523456189565257,0.8660254037844386,0.5000000000000001,3741.9,3663.1,3454.9999999999995,3438.4000000000005,3678.2142857142853,61.97212891217692,3579.5633333333335,89.40388205461247
2020-02-20,3718.4,0,3,20,2,1,51,8,2020,0.43388373911755823,-0.900968867902419,0.7690308592589181,0.6392116531380588,0.8660254037844386,0.5000000000000001,3753.099999999999,3671.2,3527.6000000000004,3452.6000000000004,3684.9571428571426,63.62742744927143,3585.923333333333,92.31888394760632
2020-02-21,3595.8,0,4,21,2,1,52,8,2020,-0.433883739117558,-0.9009688679024191,0.7799125224167177,0.6258885343075018,0.8660254037844386,0.5000000000000001,3718.4,3665.8,3533.7,3484.1,3674.9571428571426,72.0794667281342,3587.9933333333333,91.80230608376412
2020-02-22,3605.8,0,5,22,2,1,53,8,2020,-0.9749279121818236,-0.2225209339563146,0.7905633969115482,0.612380204990065,0.8660254037844386,0.5000000000000001,3595.8,3651.7999999999993,3540.1000000000004,3510.9999999999995,3668.3857142857137,76.5036693798019,3590.1833333333334,91.40317312582495
2020-02-23,3506.299999999999,0,6,23,2,1,54,8,2020,-0.7818314824680299,0.6234898018587334,0.8009803309782905,0.5986906625177214,0.8660254037844386,0.5000000000000001,3605.8,3567.9000000000005,3572.9000000000005,3497.9,3659.5857142857135,91.9684625034077,3587.963333333333,92.63787667795809
2020-02-24,3613.0,0,0,24,2,1,55,9,2020,0.0,1.0,0.8111602420785621,0.5848239578463322,0.8660254037844386,0.5000000000000001,3506.299999999999,3695.7999999999993,3563.3,3376.6,3647.7571428571423,91.85907425949839,3589.62,92.62600513670272
2020-02-25,3618.9,0,1,25,2,1,56,9,2020,0.7818314824680298,0.6234898018587336,0.8211001178128892,0.5707841943569036,0.8660254037844386,0.5000000000000001,3613.0,3741.9,3343.5,3440.0,3630.1857142857143,82.09456800081506,3598.8,80.20702093267658
2020-02-26,3628.8,0,2,26,2,1,57,9,2020,0.9749279121818236,-0.22252093395631434,0.8307970168121247,0.5565755266413303,0.8660254037844386,0.5000000000000001,3618.9,3753.099999999999,3503.7000000000003,3448.2999999999997,3612.4285714285716,62.080450875896595,3602.9700000000003,78.32208985094152
2020-02-27,3630.2999999999993,0,3,27,2,1,58,9,2020,0.43388373911755823,-0.900968867902419,0.8402480696078469,0.5422021592729844,0.8660254037844386,0.5000000000000001,3628.8,3718.4,3544.899999999999,3420.4,3599.8428571428567,43.02041597286445,3605.8166666666666,77.68811245029843
2020-02-28,3679.7,0,4,28,2,1,59,9,2020,-0.433883739117558,-0.9009688679024191,0.8494504794814806,0.527668345562516,0.8660254037844386,0.5000000000000001,3630.2999999999993,3595.8,3534.4,3423.6,3611.828571428571,52.37644872416032,3610.6599999999994,77.61143534653885
2020-02-29,3584.0000000000005,0,5,29,2,1,60,9,2020,-0.9749279121818236,-0.2225209339563146,0.8584015232918917,0.512978386299228,0.8660254037844386,0.5000000000000001,3679.7,3605.8,3553.1000000000004,3486.1,3608.714285714286,53.43211982107401,3611.6900000000005,77.02401931684943
2020-03-01,3374.5000000000005,0,6,1,3,1,61,9,2020,-0.7818314824680299,0.6234898018587334,0.8670985522812081,0.4981366284784055,1.0,6.123233995736766e-17,3584.0000000000005,3506.299999999999,3580.4,3464.7999999999997,3589.8857142857146,99.17660054287015,3604.826666666667,88.26198437071147
2020-03-02,3561.3000000000006,0,0,2,3,1,62,10,2020,0.0,1.0,0.8755389928586302,0.4831474640149687,1.0,6.123233995736766e-17,3374.5000000000005,3613.0,3523.4,3287.0000000000005,3582.5,99.09340711336552,3606.0899999999997,87.32253866338824
2020-03-03,3631.7,0,1,3,3,1,63,10,2020,0.7818314824680298,0.6234898018587336,0.8837203473619977,0.4680153284438345,1.0,6.123233995736766e-17,3561.3000000000006,3618.9,3421.4,3414.3,3584.328571428571,99.99107817344301,3613.1,80.1298127824468
2020-03-04,3587.0000000000005,0,2,4,3,1,64,10,2020,0.9749279121818236,-0.22252093395631434,0.8916401947968874,0.45274469960737107,1.0,6.123233995736766e-17,3631.7,3628.8,3544.7000000000003,3490.3000000000006,3578.3571428571427,98.12332133839546,3614.51,79.25206991748007
2020-03-05,3529.000000000001,0,3,5,3,1,65,10,2020,0.43388373911755823,-0.900968867902419,0.8992961915530253,0.4373400963303323,1.0,6.123233995736766e-17,3587.0000000000005,3630.2999999999993,3590.100000000001,3505.6000000000004,3563.885714285715,96.64473478625963,3612.4733333333334,80.67335129516842
2020-03-06,3387.9,0,4,6,3,1,66,10,2020,-0.433883739117558,-0.9009688679024191,0.9066860720977985,0.4218060770826634,1.0,6.123233995736766e-17,3529.000000000001,3679.7,3609.1,3549.4,3522.2000000000003,101.18906396774328,3605.1,90.50210894855536
2020-03-07,3409.4999999999995,0,5,7,3,1,67,10,2020,-0.9749279121818236,-0.2225209339563146,0.9138076496466615,0.40614723863057883,1.0,6.123233995736766e-17,3387.9,3584.0000000000005,3628.399999999999,3570.000000000002,3497.2714285714287,104.85495878094446,3597.8033333333337,97.13970559095347
2020-03-08,3345.6000000000004,0,6,8,3,1,68,10,2020,-0.7818314824680299,0.6234898018587334,0.9206588168102428,0.3903682146763026,1.0,6.123233995736766e-17,3409.4999999999995,3374.5000000000005,3635.599999999999,3533.399999999999,3493.142857142858,110.88992826437097,3588.1366666666668,107.16119821230595
2020-03-09,3379.4999999999995,0,0,9,3,1,69,11,2020,0.0,1.0,0.9272375462179537,0.374473674486883,1.0,6.123233995736766e-17,3345.6000000000004,3561.3000000000006,3596.4,3444.6,3467.1714285714293,113.52470677178596,3580.906666666667,113.70180883931276
2020-03-10,3081.1,0,1,10,3,1,70,11,2020,0.7818314824680298,0.6234898018587336,0.9335418911179212,0.35846832151248087,1.0,6.123233995736766e-17,3379.4999999999995,3631.7,3435.3,3568.399999999999,3388.514285714286,161.24516973201116,3569.1,143.75966774086473
2020-03-11,3213.1000000000004,0,2,11,3,1,71,11,2020,0.9749279121818236,-0.22252093395631434,0.9395699859530622,0.342356891994542,1.0,6.123233995736766e-17,3081.1,3587.0000000000005,3552.7000000000007,3628.0,3335.1,145.71777516830213,3557.7799999999997,157.7821706635723
2020-03-12,3387.6000000000004,0,3,12,3,1,72,11,2020,0.43388373911755823,-0.900968867902419,0.945320046913132,0.3261441535642696,1.0,6.123233995736766e-17,3213.1000000000004,3529.000000000001,3641.6,3618.1,3314.9,122.2734503752401,3549.313333333333,159.92952054023112
2020-03-13,3434.5000000000005,0,4,13,3,1,73,11,2020,-0.433883739117558,-0.9009688679024191,0.9507903724625832,0.3098349038318025,1.0,6.123233995736766e-17,3387.6000000000004,3387.9,3663.1,3578.3,3321.557142857143,128.0427774501263,3541.693333333333,159.76694866290651
2020-03-14,3413.0,0,5,14,3,1,74,11,2020,-0.9749279121818236,-0.2225209339563146,0.9559793438440766,0.2934339689665273,1.0,6.123233995736766e-17,3434.5000000000005,3409.4999999999995,3671.2,3576.6000000000004,3322.057142857143,128.44961213309514,3533.086666666667,159.50425512285622
2020-03-15,3312.3000000000006,0,6,15,3,1,75,11,2020,-0.7818314824680299,0.6234898018587334,0.9608854255574977,0.27694620226893646,1.0,6.123233995736766e-17,3413.0,3345.6000000000004,3665.8,3593.1,3317.2999999999997,128.04838929092267,3521.303333333333,162.3932147455696
2020-03-16,3494.7,0,0,16,3,1,76,12,2020,0.0,1.0,0.9655071658143364,0.2603764827344581,1.0,6.123233995736766e-17,3312.3000000000006,3379.4999999999995,3651.7999999999993,3464.9,3333.7571428571428,143.80797216129108,3516.066666666667,160.56267512618416
2020-03-17,3586.6000000000004,0,1,17,3,1,77,12,2020,0.7818314824680298,0.6234898018587336,0.969843196967294,0.24372971360968387,1.0,6.123233995736766e-17,3494.7,3081.1,3567.9000000000005,3565.1,3405.971428571429,120.8814531443352,3516.69,160.8069529076609
2020-03-18,3601.1,0,2,18,3,1,78,12,2020,0.9749279121818236,-0.22252093395631434,0.9738922359149924,0.22701082094141847,1.0,6.123233995736766e-17,3586.6000000000004,3213.1000000000004,3695.7999999999993,3660.000000000001,3461.4000000000005,105.70670114362436,3513.5333333333333,158.07605400747175
2020-03-19,3589.8,0,3,19,3,1,79,12,2020,0.43388373911755823,-0.900968867902419,0.9776530844816641,0.2102247521189836,1.0,6.123233995736766e-17,3601.1,3387.6000000000004,3741.9,3609.8,3490.285714285714,109.72911234143474,3508.4633333333336,152.8518834177919
2020-03-20,3565.3,0,4,20,3,1,80,12,2020,-0.433883739117558,-0.9009688679024191,0.981124629771712,0.19337647441020586,1.0,6.123233995736766e-17,3589.8,3434.5000000000005,3753.099999999999,3264.4,3508.971428571429,109.78302410187864,3502.203333333333,146.1877547665215
2020-03-21,3491.2,0,5,21,3,1,81,12,2020,-0.9749279121818236,-0.2225209339563146,0.984305844499033,0.17647097349152166,1.0,6.123233995736766e-17,3565.3,3413.0,3718.4,3409.1,3520.1428571428573,102.09927941540155,3494.63,140.3707336379897
2020-03-22,3300.5,1,6,22,3,1,82,12,2020,-0.7818314824680299,0.6234898018587334,0.9871957872910085,0.15951325197263655,1.0,6.123233995736766e-17,3491.2,3312.3000000000006,3595.8,3546.799999999999,3518.457142857143,106.1210135826592,3484.786666666667,143.35375759320183
2020-03-23,3109.8,0,0,23,3,1,83,13,2020,0.0,1.0,0.9897936029670716,0.14250832791617088,1.0,6.123233995736766e-17,3300.5,3494.7,3605.8,3511.9000000000005,3463.471428571429,188.3446637973938,3468.253333333333,156.8800260540239
2020-03-24,2970.9,0,1,24,3,1,84,13,2020,0.7818314824680298,0.6234898018587336,0.992098522791769,0.12546123335273648,1.0,6.123233995736766e-17,3109.8,3586.6000000000004,3506.299999999999,3643.7,3375.5142857142855,253.6904375321195,3450.406666666667,181.00167828014332
2020-03-25,2773.3,0,2,25,3,1,85,13,2020,0.9749279121818236,-0.22252093395631434,0.9941098647022418,0.10837701279187609,1.0,6.123233995736766e-17,2970.9,3601.1,3613.0,3672.8,3257.2571428571428,316.23643505633873,3422.416666666667,216.4462393764987
2020-03-26,2649.3,0,3,26,3,1,86,13,2020,0.43388373911755823,-0.900968867902419,0.9958270335100595,0.09126072172931188,1.0,6.123233995736766e-17,2773.3,3589.8,3618.9,3713.7,3122.9000000000005,349.45126985031527,3390.0966666666664,255.0447201940267
2020-03-27,2589.0000000000005,0,4,27,3,1,87,13,2020,-0.433883739117558,-0.9009688679024191,0.9972495210773451,0.07411742515094437,1.0,6.123233995736766e-17,2649.3,3565.3,3628.8,3733.900000000001,2983.4285714285716,338.09826832980923,3355.4366666666665,289.7753939761309
2020-03-28,2625.0,0,5,28,3,1,88,13,2020,-0.9749279121818236,-0.2225209339563146,0.998376906467142,0.056952196034039754,1.0,6.123233995736766e-17,2589.0000000000005,3491.2,3630.2999999999993,3788.0,2859.6857142857148,273.6530006447955,3321.9266666666667,314.0076793848244
2020-03-29,2635.8,0,6,29,3,1,89,13,2020,-0.7818314824680299,0.6234898018587334,0.9992088560679753,0.03977011384605572,1.0,6.123233995736766e-17,2625.0,3300.5,3679.7,3796.2,2764.7285714285717,200.83382612070284,3287.13,330.40558477161824
2020-03-30,2661.1,0,0,30,3,1,90,14,2020,0.0,1.0,0.9997451236925734,0.022576263041545485,1.0,6.123233995736766e-17,2635.8,3109.8,3584.0000000000005,3590.8000000000006,2700.628571428572,132.22977115970113,3256.366666666667,344.47651171950173
2020-03-31,2701.7000000000007,0,1,31,3,1,91,14,2020,0.7818314824680298,0.6234898018587336,0.9999855506507186,0.005375731557583884,1.0,6.123233995736766e-17,2661.1,2970.9,3374.5000000000005,3648.900000000001,2662.171428571429,59.87502858131554,3233.94,358.1498873280609
2020-04-01,2727.6,0,2,1,4,2,92,14,2020,0.9749279121818236,-0.22252093395631434,0.9999300657962057,-0.011826390691832589,0.8660254037844387,-0.4999999999999998,2701.7000000000007,2773.3,3561.3000000000006,3761.3000000000006,2655.6428571428573,46.802950659872366,3206.1500000000005,364.16726050084327
2020-04-02,2784.2,0,3,2,4,2,93,14,2020,0.43388373911755823,-0.900968867902419,0.9995786855478958,-0.029025013321975237,0.8660254037844387,-0.4999999999999998,2727.6,2649.3,3631.7,3824.6,2674.914285714286,67.1194067457328,3177.9,362.8870414159008
2020-04-03,2791.2000000000003,0,4,3,4,2,94,14,2020,-0.433883739117558,-0.9009688679024191,0.9989315138848577,-0.046215046983708354,0.8660254037844387,-0.4999999999999998,2784.2,2589.0000000000005,3587.0000000000005,3847.5,2703.8,67.49135747136728,3151.3733333333334,361.0323941271683
2020-04-04,2787.600000000001,0,5,4,4,2,95,14,2020,-0.9749279121818236,-0.2225209339563146,0.9979887423155984,-0.06339140486951038,0.8660254037844387,-0.4999999999999998,2791.2000000000003,2625.0,3529.000000000001,3812.2,2727.028571428572,63.72667453754165,3126.6600000000003,359.6643057457688
2020-04-05,2748.9000000000005,0,6,5,4,2,96,14,2020,-0.7818314824680299,0.6234898018587334,0.9967506498213929,-0.08054900421874167,0.8660254037844387,-0.4999999999999998,2787.600000000001,2635.8,3387.9,3724.499999999999,2743.1857142857143,49.48883471955656,3105.36,362.56935374609617
2020-04-06,2753.4,0,0,6,4,2,97,15,2020,0.0,1.0,0.9952176027737294,-0.09768276782171598,0.8660254037844387,-0.4999999999999998,2748.9000000000005,2661.1,3409.4999999999995,3483.7,2756.371428571429,33.773989710238325,3083.4900000000002,363.3780849957414
2020-04-07,2723.0,0,1,7,4,2,98,15,2020,0.7818314824680298,0.6234898018587336,0.9933900548258936,-0.11478762552212701,0.8660254037844387,-0.4999999999999998,2753.4,2701.7000000000007,3345.6000000000004,3656.8,2759.414285714286,28.588950579428968,3062.7366666666667,365.66404921055255
2020-04-08,2712.1,0,2,8,4,2,99,15,2020,0.9749279121818236,-0.22252093395631434,0.9912685467787256,-0.13185851571739118,0.8660254037844387,-0.4999999999999998,2723.0,2727.6,3379.4999999999995,3727.6,2757.2000000000003,31.875120914723688,3040.49,366.02974002969614
2020-04-09,2691.6,0,3,9,4,2,100,15,2020,0.43388373911755823,-0.900968867902419,0.9888537064205885,-0.1488903868564548,0.8660254037844387,-0.4999999999999998,2712.1,2784.2,3081.1,3770.4,2743.971428571429,37.51784972001841,3027.506666666667,371.4080105474984
2020-04-10,2713.9000000000005,0,4,10,4,2,101,15,2020,-0.433883739117558,-0.9009688679024191,0.986146248341595,-0.16587819893463143,0.8660254037844387,-0.4999999999999998,2691.6,2791.2000000000003,3213.1000000000004,3796.7,2732.9285714285716,32.31530670771679,3010.866666666667,373.98003665448795
2020-04-11,2797.2,0,5,11,4,2,102,15,2020,-0.9749279121818236,-0.2225209339563146,0.9831469737221499,-0.1828169249850199,0.8660254037844387,-0.4999999999999998,2713.9000000000005,2787.600000000001,3387.6000000000004,3832.7,2734.3,35.10546016402697,2991.186666666667,368.9723536352374
2020-04-12,2815.7000000000003,0,6,12,4,2,103,15,2020,-0.7818314824680299,0.6234898018587334,0.9798567700958665,-0.1997015525660636,0.8660254037844387,-0.4999999999999998,2797.2,2748.9000000000005,3434.5000000000005,3804.4,2743.842857142857,46.8502884068428,2970.5600000000004,360.53515836017084
2020-04-13,2909.4000000000005,0,0,13,4,2,104,16,2020,0.0,1.0,0.9762766110869321,-0.21652708524481437,0.8660254037844387,-0.4999999999999998,2815.7000000000003,2753.4,3413.0,3688.599999999999,2766.128571428572,78.5397503239436,2953.7733333333335,350.81756918742707
2020-04-14,2972.4,0,1,14,4,2,105,16,2020,0.7818314824680298,0.6234898018587336,0.9724075561219968,-0.23328854407545518,0.8660254037844387,-0.4999999999999998,2909.4000000000005,2723.0,3312.3000000000006,3786.999999999999,2801.757142857143,107.09265236453658,2942.4433333333336,344.26686489461673
2020-04-15,2935.3,0,2,15,4,2,106,16,2020,0.9749279121818236,-0.22252093395631434,0.9682507501166718,-0.2499809690726521,0.8660254037844387,-0.4999999999999998,2972.4,2712.1,3494.7,3576.1,2833.6428571428573,109.15693377184856,2923.7966666666666,328.0928805450804
2020-04-16,2965.1,0,3,16,4,2,107,16,2020,0.43388373911755823,-0.900968867902419,0.9638074231367307,-0.26659942067929354,0.8660254037844387,-0.4999999999999998,2935.3,2691.6,3586.6000000000004,3392.9,2872.714285714286,98.24305621892039,2903.0800000000004,303.4983103969342
2020-04-17,2982.0,0,4,17,4,2,108,16,2020,-0.433883739117558,-0.9009688679024191,0.9590788900341131,-0.28313898122818354,0.8660254037844387,-0.4999999999999998,2965.1,2713.9000000000005,3601.1,3450.4999999999995,2911.0142857142855,75.67842996456113,2882.4433333333336,274.01521438169175
2020-04-18,2905.5,0,5,18,4,2,109,16,2020,-0.9749279121818236,-0.2225209339563146,0.9540665500578387,-0.2995947563972602,0.8660254037844387,-0.4999999999999998,2982.0,2797.2,3589.8,3507.0,2926.4857142857145,57.394117833634425,2859.633333333333,239.3968762699652
2020-04-19,2858.6,0,6,19,4,2,110,16,2020,-0.7818314824680299,0.6234898018587334,0.9487718864399473,-0.31596187665790293,0.8660254037844387,-0.4999999999999998,2905.5,2815.7000000000003,3565.3,3582.2,2932.6142857142863,44.41581657361691,2836.076666666667,198.91110418429923
2020-04-20,2860.8,0,0,20,4,2,111,17,2020,0.0,1.0,0.9431964659565866,-0.33223549871590435,0.8660254037844387,-0.4999999999999998,2858.6,2909.4000000000005,3491.2,3484.2000000000003,2925.671428571429,51.829133193749286,2815.063333333333,155.9819894186175
2020-04-21,2785.6,0,1,21,4,2,112,17,2020,0.7818314824680298,0.6234898018587336,0.9373419384643772,-0.3484108069446808,0.8660254037844387,-0.4999999999999998,2860.8,2972.4,3300.5,3670.8000000000006,2898.9857142857145,69.0037542111602,2797.9,126.2131448425075
2020-04-22,2896.5,0,2,22,4,2,113,17,2020,0.9749279121818236,-0.22252093395631434,0.9312100364121947,-0.3644830148102912,0.8660254037844387,-0.4999999999999998,2785.6,2935.3,3109.8,3711.8,2893.442857142857,67.13356977304463,2790.7900000000004,113.39384630266177
2020-04-23,2916.600000000001,0,3,23,4,2,114,17,2020,0.43388373911755823,-0.900968867902419,0.9248025743285089,-0.38044736628785164,0.8660254037844387,-0.4999999999999998,2896.5,2965.1,2970.9,3815.599999999999,2886.514285714286,60.70003922487014,2788.9800000000005,110.82403386792944
2020-04-24,2914.7000000000003,0,4,24,4,2,115,17,2020,-0.433883739117558,-0.9009688679024191,0.9181214482844365,-0.39629913726891813,0.8660254037844387,-0.4999999999999998,2916.600000000001,2982.0,2773.3,3935.8000000000006,2876.9,46.79180839986057,2793.6933333333336,113.11730540288927
2020-04-25,2893.1000000000004,0,5,25,4,2,116,17,2020,-0.9749279121818236,-0.2225209339563146,0.9111686353326631,-0.41203363695942635,0.8660254037844387,-0.4999999999999998,2914.7000000000003,2905.5,2649.3,3962.2,2875.128571428572,45.75178372786824,2801.82,111.12608371916964
2020-04-26,2739.8,0,6,26,4,2,117,17,2020,-0.7818314824680299,0.6234898018587334,0.9039461929224011,-0.42764620926777464,0.8660254037844387,-0.4999999999999998,2893.1000000000004,2858.6,2589.0000000000005,3932.0,2858.1571428571433,69.02146664001427,2806.846666666667,104.37288831920486
2020-04-27,2736.4999999999995,0,0,27,4,2,118,18,2020,0.0,1.0,0.8964562582905575,-0.44313223418263453,0.8660254037844387,-0.4999999999999998,2739.8,2860.8,2625.0,3799.599999999999,2840.4000000000005,82.8352179530477,2810.5633333333335,99.54782764333426
2020-04-28,2831.3,0,1,28,4,2,119,18,2020,0.7818314824680298,0.6234898018587336,0.8887010478292915,-0.45848712914008766,0.8660254037844387,-0.4999999999999998,2736.4999999999995,2785.6,2635.8,3949.1,2846.928571428572,79.53139242430015,2817.0800000000004,93.95470442058674
2020-04-29,2857.9999999999995,0,2,29,4,2,120,18,2020,0.9749279121818236,-0.22252093395631434,0.8806828564301475,-0.47370635037968,0.8660254037844387,-0.4999999999999998,2831.3,2896.5,2661.1,3944.0,2841.4285714285716,76.81683223279454,2823.6433333333334,89.4522553572961
2020-04-30,2951.7000000000003,0,3,30,4,2,121,18,2020,0.43388373911755823,-0.900968867902419,0.8724040568049612,-0.48878539428899265,0.8660254037844387,-0.4999999999999998,2857.9999999999995,2916.600000000001,2701.7000000000007,3737.2999999999993,2846.4428571428575,83.40463330737981,2831.976666666667,89.34521843653631
2020-05-01,2924.4999999999995,0,4,1,5,2,122,18,2020,-0.433883739117558,-0.9009688679024191,0.8638670987837349,-0.503719798736334,0.49999999999999994,-0.8660254037844387,2951.7000000000003,2914.7000000000003,2727.6,3793.8,2847.842857142857,84.81171022018023,2838.54,88.64268295454735
2020-05-02,2993.1,0,5,2,5,2,123,18,2020,-0.9749279121818236,-0.2225209339563146,0.8550745085896932,-0.518505144391157,0.49999999999999994,-0.8660254037844387,2924.4999999999995,2893.1000000000004,2784.2,3694.2,2862.128571428572,100.64874091420536,2845.5033333333336,92.35418136767282
2020-05-03,2957.6,0,6,3,5,2,124,18,2020,-0.7818314824680299,0.6234898018587334,0.8460288880917339,-0.533137056031809,0.49999999999999994,-0.8660254037844387,2993.1,2739.8,2791.2000000000003,3708.9,2893.242857142857,89.58686393926482,2851.05,93.96319804161584
2020-05-04,2996.8,0,0,4,5,2,125,19,2020,0.0,1.0,0.8367329140344921,-0.5476112038402312,0.49999999999999994,-0.8660254037844387,2957.6,2736.4999999999995,2787.600000000001,3645.0,2930.4285714285716,64.0717752286367,2858.023333333333,96.81153637203386
2020-05-05,3046.6000000000004,0,1,5,5,2,126,19,2020,0.7818314824680298,0.6234898018587336,0.8271893372462497,-0.5619233046832195,0.49999999999999994,-0.8660254037844387,2996.8,2831.3,2748.9000000000005,3857.099999999999,2961.1857142857143,60.108885326838525,2867.946666666667,100.43024936993186
2020-05-06,3046.1000000000004,0,2,6,5,2,127,19,2020,0.9749279121818236,-0.22252093395631434,0.8174009818249189,-0.5760691233798758,0.49999999999999994,-0.8660254037844387,3046.6000000000004,2857.9999999999995,2753.4,3932.0,2988.057142857143,46.881227840221385,2877.703333333333,103.10067220535622
2020-05-07,3066.9999999999995,0,3,7,5,2,128,19,2020,0.43388373911755823,-0.900968867902419,0.8073707443023492,-0.5900444739548627,0.49999999999999994,-0.8660254037844387,3046.1000000000004,2951.7000000000003,2723.0,3970.500000000001,3004.528571428571,51.95843576953079,2889.1699999999996,104.42259680806056
2020-05-08,3189.7000000000003,0,4,8,5,2,129,19,2020,-0.433883739117558,-0.9009688679024191,0.7971015927871943,-0.6038452208771035,0.49999999999999994,-0.8660254037844387,3066.9999999999995,2924.4999999999995,2712.1,4009.4,3042.4142857142856,75.3156342461684,2905.0900000000006,112.58397432966579
2020-05-09,3282.7,0,5,9,5,2,130,19,2020,-0.9749279121818236,-0.2225209339563146,0.7865965660866021,-0.6174672802835514,0.49999999999999994,-0.8660254037844387,3189.7000000000003,2993.1,2691.6,4024.6,3083.785714285714,113.54795504647552,2924.7933333333335,124.97504284189706
2020-05-10,3066.9,0,6,10,5,2,131,19,2020,-0.7818314824680299,0.6234898018587334,0.7758587728069828,-0.6309066211876704,0.49999999999999994,-0.8660254037844387,3282.7,2957.6,2713.9000000000005,3977.2999999999993,3099.4000000000005,100.01206593872485,2936.56,120.98856486291105
2020-05-11,3061.1,0,0,11,5,2,132,20,2020,0.0,1.0,0.7648913904341226,-0.6441592666722685,0.49999999999999994,-0.8660254037844387,3066.9,2996.8,2797.2,3820.400000000001,3108.585714285714,91.61874678199538,2945.356666666667,120.09713219273857
2020-05-12,3243.5,0,1,12,5,2,133,20,2020,0.7818314824680298,0.6234898018587336,0.753697664392914,-0.6572212950663319,0.49999999999999994,-0.8660254037844387,3061.1,3046.6000000000004,2815.7000000000003,3879.8,3136.714285714286,99.31858551434563,2959.616666666667,129.22240673466567
2020-05-13,3309.1,0,2,13,5,2,134,20,2020,0.9749279121818236,-0.22252093395631434,0.742280907086982,-0.6700888411055113,0.49999999999999994,-0.8660254037844387,3243.5,3046.1000000000004,2909.4000000000005,3866.9,3174.285714285714,108.63523720185898,2972.94,143.66460366015022
2020-05-14,3316.0,0,3,14,5,2,135,20,2020,0.43388373911755823,-0.900968867902419,0.7306444969184916,-0.6827580970759147,0.49999999999999994,-0.8660254037844387,3309.1,3066.9999999999995,2972.4,3873.2,3209.8571428571427,108.41672468063223,2984.3933333333334,156.7229643039918
2020-05-15,3368.9,0,4,15,5,2,136,20,2020,-0.433883739117558,-0.9009688679024191,0.7187918772884232,-0.6952253139408722,0.49999999999999994,-0.8660254037844387,3316.0,3189.7000000000003,2935.3,3887.8,3235.457142857143,123.03516918809424,2998.846666666667,171.35049728419398
2020-05-16,3405.6,0,5,16,5,2,137,20,2020,-0.9749279121818236,-0.2225209339563146,0.7067265555776158,-0.7074868024503348,0.49999999999999994,-0.8660254037844387,3368.9,3282.7,2965.1,3869.600000000001,3253.0142857142855,138.6751891840729,3013.5299999999997,186.55776797845675
2020-05-17,3344.7,0,6,17,5,2,138,20,2020,-0.7818314824680299,0.6234898018587334,0.6944521021088763,-0.719538934232584,0.49999999999999994,-0.8660254037844387,3405.6,3066.9,2982.0,3803.6,3292.7,114.11098398781522,3025.6200000000003,195.95958485502035
2020-05-18,3391.9,0,0,18,5,2,139,21,2020,0.0,1.0,0.6819721490904629,-0.7313781428679254,0.49999999999999994,-0.8660254037844387,3344.7,3061.1,2905.5,3768.400000000001,3339.957142857143,55.82310922736909,3041.8333333333335,205.56487915067103
2020-05-19,3401.2999999999997,0,1,19,5,2,140,21,2020,0.7818314824680298,0.6234898018587336,0.6692903895412567,-0.7430009249440493,0.49999999999999994,-0.8660254037844387,3391.9,3243.5,2858.6,3970.7,3362.5,39.997958281244166,3059.9233333333336,212.64143801460602
2020-05-20,3371.2000000000003,0,2,20,5,2,141,21,2020,0.9749279121818236,-0.22252093395631434,0.6564105761979381,-0.7544038410927472,0.49999999999999994,-0.8660254037844387,3401.2999999999997,3309.1,2860.8,4047.9,3371.371428571429,32.33221893025525,3076.936666666667,216.54294068595138
2020-05-21,3419.3,0,3,21,5,2,142,21,2020,0.43388373911755823,-0.900968867902419,0.6433365204044917,-0.765583517007675,0.49999999999999994,-0.8660254037844387,3371.2000000000003,3316.0,2785.6,4046.0,3386.128571428572,25.751939362970475,3098.06,218.04651923780835
2020-05-22,3565.1,0,4,22,5,2,143,21,2020,-0.433883739117558,-0.9009688679024191,0.6300720909843687,-0.7765366444428655,0.49999999999999994,-0.8660254037844387,3419.3,3368.9,2896.5,4086.6,3414.157142857143,70.96209920662946,3120.3466666666664,230.5453291255515
2020-05-23,3651.1,0,5,23,5,2,144,21,2020,-0.9749279121818236,-0.2225209339563146,0.6166212130956382,-0.7872599821916922,0.49999999999999994,-0.8660254037844387,3565.1,3405.6,2916.600000000001,3943.7,3449.2285714285717,113.77783489892946,3144.83,246.60359808041412
2020-05-24,3674.8,0,6,24,5,2,145,21,2020,-0.7818314824680299,0.6234898018587334,0.6029878670694714,-0.7977503570459932,0.49999999999999994,-0.8660254037844387,3651.1,3344.7,2914.7000000000003,3918.2,3496.3857142857146,130.42369964302588,3170.1666666666665,260.78374490982907
2020-05-25,3735.8,0,0,25,5,2,146,22,2020,0.0,1.0,0.5891760872322963,-0.8080046647350754,0.49999999999999994,-0.8660254037844387,3674.8,3391.9,2893.1000000000004,3836.4,3545.5142857142855,148.08143512464596,3198.256666666667,274.9131758653395
2020-05-26,3771.6,0,1,26,5,2,147,22,2020,0.7818314824680298,0.6234898018587336,0.5751899607119775,-0.8180198708443175,0.49999999999999994,-0.8660254037844387,3735.8,3401.2999999999997,2739.8,4020.2,3598.414285714286,154.00042671556213,3232.65,280.0734752734061
2020-05-27,3705.2999999999993,0,2,27,5,2,148,22,2020,0.9749279121818236,-0.22252093395631434,0.5610336262283677,-0.8277930117131022,0.49999999999999994,-0.8660254037844387,3771.6,3371.2000000000003,2736.4999999999995,4118.799999999999,3646.1428571428573,119.82549613422762,3264.9433333333336,276.72598258345823
2020-05-28,3541.4000000000005,0,3,28,5,2,149,22,2020,0.43388373911755823,-0.900968867902419,0.5467112728685939,-0.8373211953118121,0.49999999999999994,-0.8660254037844387,3705.2999999999993,3419.3,2831.3,4123.0,3663.585714285714,85.1787420383897,3288.6133333333332,268.6052413452865
2020-05-29,3483.6000000000004,0,4,29,5,2,150,22,2020,-0.433883739117558,-0.9009688679024191,0.5322271388474397,-0.8466016020976267,0.49999999999999994,-0.8660254037844387,3541.4000000000005,3565.1,2857.9999999999995,4139.7,3651.9428571428575,104.30646923280374,3309.4666666666667,258.10052884196944
2020-05-30,3306.0,0,5,30,5,2,151,22,2020,-0.9749279121818236,-0.2225209339563146,0.5175855102531889,-0.8556314858488706,0.49999999999999994,-0.8660254037844387,3483.6000000000004,3651.1,2951.7000000000003,4111.899999999999,3602.6428571428573,167.3027979158747,3321.2766666666666,249.11507890978493
2020-05-31,3193.1000000000004,0,6,31,5,2,152,22,2020,-0.7818314824680299,0.6234898018587334,0.5027907197793043,-0.8644081744776648,0.49999999999999994,-0.8660254037844387,3306.0,3674.8,2924.4999999999995,4031.5,3533.828571428571,222.60286546738064,3330.2300000000005,238.98376968407752
2020-06-01,3246.4,0,0,1,6,2,153,23,2020,0.0,1.0,0.4878471454423119,-0.8729290708206411,1.2246467991473532e-16,-1.0,3193.1000000000004,3735.8,2993.1,3944.9,3463.914285714286,225.4325060010359,3338.673333333333,231.0035198020106
2020-06-02,3255.8,0,1,2,6,2,154,23,2020,0.7818314824680298,0.6234898018587336,0.47275920928627757,-0.881191653407483,1.2246467991473532e-16,-1.0,3246.4,3771.6,2957.6,3917.9,3390.2285714285713,189.54016913120907,3348.6133333333337,220.20391448387397
2020-06-03,3205.5,0,2,3,6,2,155,23,2020,0.9749279121818236,-0.22252093395631434,0.4575313760742512,-0.8891934772070711,1.2246467991473532e-16,-1.0,3255.8,3705.2999999999993,2996.8,4028.499999999999,3318.828571428571,138.27615743246133,3355.57,211.84412804277855
2020-06-04,3179.4,0,3,4,6,2,156,23,2020,0.43388373911755823,-0.900968867902419,0.44216815196707204,-0.8969321743510065,1.2246467991473532e-16,-1.0,3205.5,3541.4000000000005,3046.6000000000004,4092.500000000001,3267.1142857142863,104.80417339927546,3359.9966666666664,206.48500401979732
2020-06-05,3164.4,0,4,5,6,2,157,23,2020,-0.433883739117558,-0.9009688679024191,0.42667408318992467,-0.9044054548343001,1.2246467991473532e-16,-1.0,3179.4,3483.6000000000004,3046.1000000000004,4015.099999999999,3221.5142857142855,50.053518976241776,3363.9400000000005,201.34942110497505
2020-06-06,3247.5000000000005,0,5,6,6,2,158,23,2020,-0.9749279121818236,-0.2225209339563146,0.4110537546870351,-0.9116111071930239,1.2246467991473532e-16,-1.0,3164.4,3306.0,3066.9999999999995,3965.4,3213.1571428571433,36.69844942877508,3369.956666666667,194.7593558167594
2020-06-07,3264.627272727273,1,6,7,6,2,159,23,2020,-0.7818314824680299,0.6234898018587334,0.3953117887649151,-0.9185469991587165,1.2246467991473532e-16,-1.0,3247.5000000000005,3193.1000000000004,3189.7000000000003,3995.4,3223.375324675325,39.99304888441845,3372.4542424242422,192.839013837479
2020-06-08,3281.7545454545457,1,0,8,6,2,160,24,2020,0.0,1.0,0.37945284372454435,-0.925211078289358,1.2246467991473532e-16,-1.0,3264.627272727273,3246.4,3282.7,3938.000000000001,3228.425974025974,45.269743551605764,3372.4227272727276,192.8542645838931
2020-06-09,3298.8818181818187,1,1,9,6,2,161,24,2020,0.7818314824680298,0.6234898018587336,0.36348161248290634,-0.9316013725767187,1.2246467991473532e-16,-1.0,3281.7545454545457,3255.8,3066.9,4053.9,3234.5805194805203,52.03466433828938,3380.1554545454546,184.65816787962675
2020-06-25,3572.918181818182,1,3,25,6,2,177,26,2020,0.43388373911755823,-0.900968867902419,0.0966127018812031,-0.9953220513156602,1.2246467991473532e-16,-1.0,3298.8818181818187,3205.5,3061.1,4124.199999999999,3287.0688311688314,135.76154024147388,3397.21606060606,177.67557489860138
2020-06-26,3590.045454545455,1,4,26,6,2,178,26,2020,-0.433883739117558,-0.9009688679024191,0.07947729992362097,-0.9968366760893436,1.2246467991473532e-16,-1.0,3572.918181818182,3179.4,3243.5,3938.6,3345.7324675324676,166.68307069607144,3408.7675757575757,178.6000260996257
2020-06-27,3607.1727272727276,1,5,27,6,2,179,26,2020,-0.9749279121818236,-0.2225209339563146,0.062318379354325076,-0.998056320853012,1.2246467991473532e-16,-1.0,3590.045454545455,3164.4,3309.1,3897.7,3408.9857142857145,170.3732223668001,3418.7033333333334,181.13726082278353
2020-06-28,3624.3,0,6,28,6,2,180,26,2020,-0.7818314824680299,0.6234898018587334,0.04514101777397193,-0.9989806246941579,1.2246467991473532e-16,-1.0,3607.1727272727276,3247.5000000000005,3316.0,4088.3,3462.8142857142857,170.37322236680103,3428.9800000000005,183.83502994639662
2020-06-29,3684.7000000000007,0,0,29,6,2,181,27,2020,0.0,1.0,0.02795029824021032,-0.999609314096404,1.2246467991473532e-16,-1.0,3624.3,3264.627272727273,3368.9,4056.5,3522.824675324676,162.74144086910724,3439.5066666666667,189.23831166866975
2020-06-30,3740.599999999999,0,1,30,6,2,182,27,2020,0.7818314824680298,0.6234898018587336,0.01075130776352193,-0.9999422030204416,1.2246467991473532e-16,-1.0,3684.7000000000007,3281.7545454545457,3405.6,3855.0,3588.374025974026,140.32279595329584,3450.6733333333336,196.89746320611044
2020-07-01,3835.4,0,2,1,7,3,183,27,2020,0.9749279121818236,-0.22252093395631434,-0.00645086419810515,-0.9999791929590823,-0.4999999999999997,-0.8660254037844388,3740.599999999999,3298.8818181818187,3344.7,3944.2,3665.0194805194806,95.07657960702343,3467.0299999999997,207.86664855195008
2020-07-02,3894.500000000001,0,3,2,7,3,184,27,2020,0.43388373911755823,-0.900968867902419,-0.023651127245231586,-0.9997202729664083,-0.4999999999999997,-0.8660254037844388,3835.4,3572.918181818182,3391.9,3841.7,3710.9597402597406,118.06950162382573,3483.7833333333333,221.4150123008237
2020-07-03,3884.7,0,4,3,7,3,185,27,2020,-0.433883739117558,-0.9009688679024191,-0.04084439154329611,-0.9991655196610109,-0.4999999999999997,-0.8660254037844388,3894.500000000001,3590.045454545455,3401.2999999999997,3934.7,3753.053246753247,120.28079205521408,3499.8966666666665,232.5166001113603
2020-07-04,3735.7,0,5,4,7,3,186,27,2020,-0.9749279121818236,-0.2225209339563146,-0.05802556932878035,-0.9983150972033183,-0.4999999999999997,-0.8660254037844388,3884.7,3607.1727272727276,3371.2000000000003,3959.900000000001,3771.414285714286,102.84691582756214,3512.046666666667,235.06908855975024
2020-07-05,3727.7999999999997,1,6,5,7,3,187,27,2020,-0.7818314824680299,0.6234898018587334,-0.07518957641475855,-0.9971692572470178,-0.4999999999999997,-0.8660254037844388,3735.7,3624.3,3419.3,3944.8,3786.2000000000003,83.85920740545023,3522.33,237.60601726868927
2020-07-06,3719.8999999999996,1,0,6,7,3,188,28,2020,0.0,1.0,-0.09233133369539122,-0.9957283388645872,-0.4999999999999997,-0.8660254037844388,3727.7999999999997,3684.7000000000007,3565.1,3891.8,3791.2285714285713,77.57859915996654,3527.4900000000002,240.2332076607609
2020-07-07,3712.0,1,1,7,7,3,189,28,2020,0.7818314824680298,0.6234898018587336,-0.10944576864891556,-0.993992768446958,-0.4999999999999997,-0.8660254037844388,3719.8999999999996,3740.599999999999,3651.1,3755.500000000001,3787.1428571428573,81.35078072036673,3529.52,241.56734684757845
2020-07-16,3640.8999999999996,1,3,16,7,3,198,29,2020,0.43388373911755823,-0.900968867902419,-0.2614143985111562,-0.965226663665613,-0.4999999999999997,-0.8660254037844388,3712.0,3835.4,3674.8,3868.3,3759.3571428571427,94.30588276355309,3528.39,240.94280533414693
2020-07-17,3633.0,1,4,17,7,3,199,29,2020,-0.433883739117558,-0.9009688679024191,-0.2779791393987801,-0.9605871111248129,-0.4999999999999997,-0.8660254037844388,3640.8999999999996,3894.500000000001,3735.8,3985.6,3722.0,82.96107521002357,3524.963333333333,238.61104625794593
2020-07-18,3625.1,1,5,18,7,3,200,29,2020,-0.9749279121818236,-0.2225209339563146,-0.2944616217868012,-0.9556633054034704,-0.4999999999999997,-0.8660254037844388,3633.0,3884.7,3771.6,4005.9,3684.9142857142856,49.30535564460535,3520.0800000000004,234.85901925420552
2020-07-19,3617.2,0,6,19,7,3,201,29,2020,-0.7818314824680299,0.6234898018587334,-0.3108569682435036,-0.9504567035349151,-0.4999999999999997,-0.8660254037844388,3625.1,3735.7,3705.2999999999993,4020.5,3667.985714285714,49.30535564460409,3517.1433333333334,233.0066696169164
2020-07-20,3553.2,0,0,20,7,3,202,30,2020,0.0,1.0,-0.3271603271220951,-0.9449688462364056,-0.4999999999999997,-0.8660254037844388,3617.2,3727.7999999999997,3541.4000000000005,4002.900000000001,3643.0428571428565,57.48782065631065,3517.536666666667,233.05898250731755
2020-07-21,3453.6,0,1,21,7,3,203,30,2020,0.7818314824680298,0.6234898018587336,-0.34336687399638804,-0.939201357453208,-0.4999999999999997,-0.8660254037844388,3553.2,3719.8999999999996,3483.6000000000004,3968.6,3605.0,81.32226017519642,3516.536666666667,233.2738800647205
2020-07-22,3537.1,0,2,22,7,3,204,30,2020,0.9749279121818236,-0.22252093395631434,-0.3594718130884232,-0.9331559438780432,-0.4999999999999997,-0.8660254037844388,3453.6,3712.0,3306.0,3811.500000000001,3580.0142857142855,68.88549505210497,3524.24,229.87262686152886
2020-07-23,3590.7000000000003,0,3,23,7,3,205,30,2020,0.43388373911755823,-0.900968867902419,-0.3754703786876202,-0.9268343944460494,-0.4999999999999997,-0.8660254037844388,3537.1,3640.8999999999996,3193.1000000000004,3897.4,3572.8428571428567,63.9249262062796,3537.4933333333333,221.42913706452268
2020-07-24,3638.7,0,4,24,7,3,206,30,2020,-0.433883739117558,-0.9009688679024191,-0.3913578365610259,-0.9202385798054075,-0.4999999999999997,-0.8660254037844388,3590.7000000000003,3633.0,3246.4,3858.7,3573.657142857143,64.84856351900399,3550.57,215.140090993365
2020-07-25,3632.6,0,5,25,7,3,207,30,2020,-0.9749279121818236,-0.2225209339563146,-0.4071294853542516,-0.9133704517637858,-0.4999999999999997,-0.8660254037844388,3638.7,3625.1,3255.8,3899.8,3574.7285714285713,65.89369505211528,3563.1299999999997,208.22562893586561
2020-07-26,3755.7,1,6,26,7,3,208,30,2020,-0.7818314824680299,0.6234898018587334,-0.4227806579826773,-0.9062320427107697,-0.4999999999999997,-0.8660254037844388,3632.6,3617.2,3205.5,3892.999999999999,3594.5142857142855,95.09503016407862,3581.4700000000003,199.69569814115064
2020-07-27,3878.8,0,0,27,7,3,209,31,2020,0.0,1.0,-0.4383067230125192,-0.898825465016444,-0.4999999999999997,-0.8660254037844388,3755.7,3553.2,3179.4,3801.4,3641.0285714285715,140.3714324484213,3604.7833333333333,191.8074000310108
2020-07-28,3926.8,0,1,28,7,3,210,31,2020,0.7818314824680298,0.6234898018587336,-0.45370308603134424,-0.8911529104063088,-0.4999999999999997,-0.8660254037844388,3878.8,3453.6,3164.4,3694.1,3708.628571428572,148.75727113082223,3630.1966666666663,181.68696179408818
2020-07-29,3805.2,0,2,29,7,3,211,31,2020,0.9749279121818236,-0.22252093395631434,-0.46896519100763184,-0.8832166493127127,-0.4999999999999997,-0.8660254037844388,3926.8,3537.1,3247.5000000000005,3557.8,3746.9285714285716,130.64462885102702,3648.7866666666664,169.2881847612511
2020-07-30,3724.9,0,3,30,7,3,212,31,2020,0.43388373911755823,-0.900968867902419,-0.48408852163897587,-0.8750190302029955,-0.4999999999999997,-0.8660254037844388,3805.2,3590.7000000000003,3264.627272727273,3760.9,3766.1,112.4819985597861,3664.129090909091,153.38134756032514
2020-07-31,3780.2,0,4,31,7,3,213,31,2020,-0.433883739117558,-0.9009688679024191,-0.4990686026885319,-0.8665624788845385,-0.4999999999999997,-0.8660254037844388,3724.9,3638.7,3281.7545454545457,3720.900000000001,3786.3142857142857,97.48583535694799,3680.7439393939394,136.6129522338757
2020-08-01,3709.499999999999,0,5,1,8,3,214,31,2020,-0.9749279121818236,-0.2225209339563146,-0.5139010013093103,-0.8578494977869301,-0.8660254037844384,-0.5000000000000004,3780.2,3632.6,3298.8818181818187,3750.499999999999,3797.2999999999997,80.05048407101597,3694.4312121212124,116.0585243548355
2020-08-02,3638.2,0,6,2,8,3,215,31,2020,-0.7818314824680299,0.6234898018587334,-0.5285813283559292,-0.8488826652214553,-0.8660254037844384,-0.5000000000000004,3709.499999999999,3755.7,3572.918181818182,3733.8,3780.5142857142855,100.04866196960675,3696.6072727272726,114.30031928600448
2020-08-03,3643.2374999999997,1,0,3,8,3,216,32,2020,0.0,1.0,-0.5431052396834317,-0.8396646346181327,-0.8660254037844384,-0.5000000000000004,3638.2,3878.8,3590.045454545455,3809.899999999999,3746.8624999999997,101.09083709097305,3698.380340909091,112.99541112150483
2020-08-04,3648.2749999999996,1,1,4,8,3,217,32,2020,0.7818314824680298,0.6234898018587336,-0.5574684374327892,-0.8301981337405212,-0.8660254037844384,-0.5000000000000004,3643.2374999999997,3926.8,3607.1727272727276,3815.9,3707.0732142857137,67.793589309694,3699.7504166666668,112.09699129678452
2020-08-05,3653.3124999999995,1,2,5,8,3,218,32,2020,0.9749279121818236,-0.22252093395631434,-0.5716666713027052,-0.8204859638785327,-0.8660254037844384,-0.5000000000000004,3648.2749999999996,3805.2,3624.3,3665.6,3685.375,54.07014782132446,3700.7174999999997,111.54742079583795
2020-08-07,3663.3874999999994,1,4,7,8,3,220,32,2020,-0.433883739117558,-0.9009688679024191,-0.5995514915196489,-0.8003361849976323,-0.8660254037844384,-0.5000000000000004,3653.3124999999995,3724.9,3684.7000000000007,3759.1,3676.587499999999,51.51402519382284,3700.007083333333,111.72068208158302
2020-08-08,3668.4249999999993,1,5,8,8,3,221,32,2020,-0.9749279121818236,-0.2225209339563146,-0.6132298262997502,-0.7899045386224707,-0.8660254037844384,-0.5000000000000004,3663.3874999999994,3780.2,3740.599999999999,3745.3,3660.619642857142,24.043147907721217,3697.6012499999997,111.5934455221712
2020-08-09,3673.462499999999,1,6,9,8,3,222,32,2020,-0.7818314824680299,0.6234898018587334,-0.6267266965083301,-0.7792391467859886,-0.8660254037844384,-0.5000000000000004,3668.4249999999993,3709.499999999999,3835.4,3805.000000000001,3655.4714285714285,13.282561630024148,3692.203333333333,108.57380677988145
2020-08-10,3678.499999999999,0,0,10,8,3,223,33,2020,0.0,1.0,-0.6400381082043503,-0.7683431655492202,-0.8660254037844384,-0.5000000000000004,3673.462499999999,3638.2,3894.500000000001,3879.099999999999,3661.228571428571,13.282561630025526,3685.003333333333,101.63635550360087
2020-08-11,3688.299999999999,0,1,11,8,3,224,33,2020,0.7818314824680298,0.6234898018587336,-0.65316012232693,-0.7572198192083127,-0.8660254037844384,-0.5000000000000004,3678.499999999999,3643.2374999999997,3884.7,3902.7,3667.666071428571,14.009832325506194,3678.4566666666665,94.39733668831687
2020-08-12,3611.8000000000006,0,2,12,8,3,225,33,2020,0.9749279121818236,-0.22252093395631434,-0.666088855860977,-0.7458723993404063,-0.8660254037844384,-0.5000000000000004,3688.299999999999,3648.2749999999996,3735.7,3871.1,3662.4553571428564,24.94191884116413,3674.3266666666664,94.51682262991258
2020-08-13,3506.0,0,3,13,8,3,226,33,2020,0.43388373911755823,-0.900968867902419,-0.6788204829862355,-0.734304263829602,-0.8660254037844384,-0.5000000000000004,3611.8000000000006,3653.3124999999995,3727.7999999999997,3742.7999999999993,3641.4107142857138,64.58475553351809,3666.9333333333334,98.76899049900376
2020-08-14,3514.9000000000005,0,4,14,8,3,227,33,2020,-0.433883739117558,-0.9009688679024191,-0.6913512362094071,-0.722518835873311,-0.8660254037844384,-0.5000000000000004,3506.0,3663.3874999999994,3719.8999999999996,3922.9,3620.1982142857137,78.95075945269598,3660.0999999999995,102.01621310882824
2020-08-15,3362.7000000000003,0,5,15,8,3,228,33,2020,-0.9749279121818236,-0.2225209339563146,-0.7036774074790128,-0.7105196029692745,-0.8660254037844384,-0.5000000000000004,3514.9000000000005,3668.4249999999993,3712.0,4002.9,3576.523214285714,121.1241117160019,3648.4566666666665,114.99596065493307
2020-08-16,3339.1000000000004,0,6,16,8,3,229,33,2020,-0.7818314824680299,0.6234898018587334,-0.7157953492826642,-0.6983101158835584,-0.8660254037844384,-0.5000000000000004,3362.7000000000003,3673.462499999999,3640.8999999999996,3993.8000000000006,3528.7571428571428,140.84724417069128,3638.3966666666665,128.13064373327185
2020-08-17,3555.5,0,0,17,8,3,230,34,2020,0.0,1.0,-0.7277014757264236,-0.6858939875998223,-0.8660254037844384,-0.5000000000000004,3339.1000000000004,3678.499999999999,3633.0,3753.599999999999,3511.1857142857148,125.93559767558517,3635.813333333333,129.02137206567576
2020-08-18,3620.499999999999,0,1,18,8,3,231,34,2020,0.7818314824680298,0.6234898018587336,-0.7393922635959241,-0.673274892250183,-0.8660254037844384,-0.5000000000000004,3555.5,3688.299999999999,3625.1,3635.8,3501.5,111.8645758644595,3635.6599999999994,129.03727560548754
2020-08-19,3475.1,0,2,19,8,3,232,34,2020,0.9749279121818236,-0.22252093395631434,-0.7508642533989489,-0.6604565640279754,-0.8660254037844384,-0.5000000000000004,3620.499999999999,3611.8000000000006,3617.2,3506.6,3481.9714285714285,100.7831122474776,3630.923333333333,132.30497658448036
2020-08-20,3338.6000000000004,0,3,20,8,3,233,34,2020,0.43388373911755823,-0.900968867902419,-0.7621140503891487,-0.6474427960827475,-0.8660254037844384,-0.5000000000000004,3475.1,3506.0,3553.2,3377.9,3458.0571428571425,113.22408249636943,3623.7699999999995,142.09158136809714
2020-08-21,3322.4999999999995,0,4,21,8,3,234,34,2020,-0.433883739117558,-0.9009688679024191,-0.7731383255706026,-0.6342374393978054,-0.8660254037844384,-0.5000000000000004,3338.6000000000004,3514.9000000000005,3453.6,3537.6000000000004,3430.5714285714284,120.25981199450653,3619.3999999999996,149.33685416844685
2020-08-22,3339.2,0,5,22,8,3,235,34,2020,-0.9749279121818236,-0.2225209339563146,-0.7839338166829201,-0.620844401650647,-0.8660254037844384,-0.5000000000000004,3322.4999999999995,3362.7000000000003,3537.1,3619.0,3427.214285714286,122.77204389398437,3612.8033333333337,157.25847973864427
2020-08-23,3301.7,0,6,23,8,3,236,34,2020,-0.7818314824680299,0.6234898018587334,-0.7944973291665992,-0.6072676460566135,-0.8660254037844384,-0.5000000000000004,3339.2,3339.1000000000004,3590.7000000000003,3662.8,3421.871428571428,127.95033820830915,3603.1699999999996,167.19690512055993
2020-08-24,3494.6,0,0,24,8,3,237,35,2020,0.0,1.0,-0.8048257371083452,-0.593511190196115,-0.8660254037844384,-0.5000000000000004,3301.7,3555.5,3638.7,3700.7000000000007,3413.1714285714284,119.11531827443791,3598.3666666666663,168.20782004880655
2020-08-25,3628.9,0,1,25,8,3,238,35,2020,0.7818314824680298,0.6234898018587336,-0.8149159841660791,-0.5795791048257612,-0.8660254037844384,-0.5000000000000004,3494.6,3620.499999999999,3632.6,3623.6,3414.371428571428,121.56915335569602,3598.2433333333333,168.1832086048015
2020-08-26,3680.000000000001,0,2,26,8,3,239,35,2020,0.9749279121818236,-0.22252093395631434,-0.8247650844733614,-0.5654755126737576,-0.8660254037844384,-0.5000000000000004,3628.9,3475.1,3755.7,3564.0000000000005,3443.6428571428573,157.87506513214228,3595.7200000000003,166.2966493923883
2020-08-27,3626.0,0,3,27,8,3,240,35,2020,0.43388373911755823,-0.900968867902419,-0.8343701235229537,-0.5512045872199277,-0.8660254037844384,-0.5000000000000004,3680.000000000001,3338.6000000000004,3878.8,3481.7,3484.7000000000003,163.28274046369876,3587.2933333333335,157.63718962591898
2020-08-28,3593.1,0,4,28,8,3,241,35,2020,-0.433883739117558,-0.9009688679024191,-0.8437282590292712,-0.5367705514607103,-0.8660254037844384,-0.5000000000000004,3626.0,3322.4999999999995,3926.8,3806.999999999999,3523.3571428571427,149.9714512514922,3576.1699999999996,144.04167349271967
2020-08-29,3603.4,0,5,29,8,3,242,35,2020,-0.9749279121818236,-0.2225209339563146,-0.8528367217694595,-0.522177676659508,-0.8660254037844384,-0.5000000000000004,3593.1,3339.2,3805.2,3694.1,3561.1,127.45584856465429,3569.4433333333336,137.54264517891593
2020-08-30,3448.6000000000004,0,6,30,8,3,243,35,2020,-0.7818314824680299,0.6234898018587334,-0.8616928164028521,-0.5074302810827518,-0.8660254037844384,-0.5000000000000004,3603.4,3301.7,3724.9,3562.1000000000004,3582.085714285714,81.39927167103086,3560.2333333333327,136.0163543718413
2020-08-31,3591.1,0,0,31,8,3,244,36,2020,0.0,1.0,-0.8702939222685674,-0.49253272872205434,-0.8660254037844384,-0.5000000000000004,3448.6000000000004,3494.6,3780.2,3756.4,3595.871428571429,71.70801243670044,3553.93,129.70636165704244
2020-09-01,3653.999999999999,0,1,1,9,3,245,36,2020,0.7818314824680298,0.6234898018587336,-0.8786374941610001,-0.4774894280028391,-1.0,-1.8369701987210297e-16,3591.1,3628.9,3709.499999999999,3720.900000000001,3599.457142857143,74.21845810721523,3552.08,127.79263542200154
2020-09-02,3655.4,0,2,2,9,3,246,36,2020,0.9749279121818236,-0.22252093395631434,-0.886721063082993,-0.46230483047981086,-1.0,-1.8369701987210297e-16,3653.999999999999,3680.000000000001,3638.2,3745.9,3595.942857142857,70.24513879132434,3552.653333333333,128.2301647014655
2020-09-03,3711.7,0,3,3,9,3,247,36,2020,0.43388373911755823,-0.900968867902419,-0.8945422369764496,-0.4469834295196741,-1.0,-1.8369701987210297e-16,3655.4,3626.0,3643.2374999999997,3733.8,3608.1857142857143,82.71774151841748,3554.9354166666667,130.48720281268157
2020-09-04,3781.000000000001,0,4,4,9,3,248,36,2020,-0.433883739117558,-0.9009688679024191,-0.9020987014301837,-0.43152975897147144,-1.0,-1.8369701987210297e-16,3711.7,3593.1,3648.2749999999996,3751.6,3635.0285714285715,104.59985204397859,3559.3595833333334,135.8988103952474
2020-09-05,3790.8000000000006,0,5,5,9,3,249,36,2020,-0.9749279121818236,-0.2225209339563146,-0.9093882203647925,-0.4159483918249421,-1.0,-1.8369701987210297e-16,3781.000000000001,3603.4,3653.3124999999995,3688.3,3661.8,118.24704365579996,3563.9424999999997,141.3839886925596
2020-09-06,3626.2,0,6,6,9,3,250,36,2020,-0.7818314824680299,0.6234898018587334,-0.9164086366943458,-0.4002439388573056,-1.0,-1.8369701987210297e-16,3790.8000000000006,3448.6000000000004,3663.3874999999994,3633.9,3687.1714285714284,76.59562029008273,3562.702916666667,140.64311974001953
2020-09-07,3759.6,0,0,7,9,3,251,37,2020,0.0,1.0,-0.9231578729647039,-0.38442104726885545,-1.0,-1.8369701987210297e-16,3626.2,3591.1,3668.4249999999993,3318.6,3711.2428571428572,67.28233688826843,3565.742083333333,143.95261831540486
2020-09-08,3864.9,0,1,8,9,3,252,37,2020,0.7818314824680298,0.6234898018587336,-0.9296339319682695,-0.3684843993077793,-1.0,-1.8369701987210297e-16,3759.6,3653.999999999999,3673.462499999999,3502.0000000000005,3741.371428571428,82.80613331323596,3572.123333333334,152.85991938379428
2020-09-09,3952.0,0,2,9,9,3,253,37,2020,0.9749279121818236,-0.22252093395631434,-0.9358348973349941,-0.35243871088460327,-1.0,-1.8369701987210297e-16,3864.9,3655.4,3678.499999999999,3427.1,3783.7428571428572,104.52039445556413,3581.2400000000002,166.93126522716435
2020-09-10,3951.400000000001,0,3,10,9,3,254,37,2020,0.43388373911755823,-0.900968867902419,-0.9417589340994617,-0.33628873017668287,-1.0,-1.8369701987210297e-16,3952.0,3711.7,3688.299999999999,3270.2,3817.9857142857145,115.65596149172538,3590.01,179.20942930471372
2020-09-11,3933.6,0,4,11,9,3,255,37,2020,-0.433883739117558,-0.9009688679024191,-0.9474042892438845,-0.32003923622313857,-1.0,-1.8369701987210297e-16,3951.400000000001,3781.000000000001,3611.8000000000006,3494.600000000001,3839.7857142857147,121.74416383784303,3600.7366666666667,189.8721901943315
2020-09-12,3890.7,0,5,12,9,3,256,37,2020,-0.9749279121818236,-0.2225209339563146,-0.9527692922168511,-0.30369503751065885,-1.0,-1.8369701987210297e-16,3933.6,3790.8000000000006,3506.0,3642.900000000001,3854.0571428571425,120.89719954220226,3613.56,196.14056992986107
2020-09-13,3720.1,0,6,13,9,3,257,37,2020,-0.7818314824680299,0.6234898018587334,-0.9578523554276669,-0.28726097055059635,-1.0,-1.8369701987210297e-16,3890.7,3626.2,3514.9000000000005,3684.7500000000005,3867.471428571429,93.50831895767345,3620.4,196.15932827414153
2020-09-14,3819.1,0,0,14,9,3,258,38,2020,0.0,1.0,-0.9626519747161487,-0.2707418984477642,-1.0,-1.8369701987210297e-16,3720.1,3759.6,3362.7000000000003,3726.6,3875.9714285714285,84.32144279060947,3635.6133333333332,193.15930665417935
2020-09-15,3860.8000000000006,0,1,15,9,3,259,38,2020,0.7818314824680298,0.6234898018587336,-0.9671667297977312,-0.2541427094613622,-1.0,-1.8369701987210297e-16,3819.1,3864.9,3339.1000000000004,3768.7999999999984,3875.385714285715,84.42534036201691,3653.0033333333336,188.98289738953613
2020-09-16,3897.0,0,2,16,9,3,260,38,2020,0.9749279121818236,-0.22252093395631434,-0.97139528468375,-0.23746831555846842,-1.0,-1.8369701987210297e-16,3860.8000000000006,3952.0,3555.5,3690.4,3867.528571428572,78.45499164673961,3664.3866666666668,193.14650457588363
2020-09-17,3871.299999999999,0,3,17,9,3,261,38,2020,0.43388373911755823,-0.900968867902419,-0.9753363880767837,-0.2207236509605022,-1.0,-1.8369701987210297e-16,3897.0,3951.400000000001,3620.499999999999,3537.1,3856.085714285714,69.51540425384589,3672.746666666667,196.578666772063
2020-09-18,3912.5,0,4,18,9,3,262,38,2020,-0.433883739117558,-0.9009688679024191,-0.9789888737409319,-0.20391367068311472,-1.0,-1.8369701987210297e-16,3871.299999999999,3933.6,3475.1,3702.8,3853.071428571428,65.96066288041091,3687.326666666667,197.63185547590064
2020-09-19,3911.8,0,5,19,9,3,263,38,2020,-0.9749279121818236,-0.2225209339563146,-0.9823516608469237,-0.18704334906991657,-1.0,-1.8369701987210297e-16,3912.5,3890.7,3338.6000000000004,3854.5,3856.0857142857144,68.40368968052051,3706.4333333333334,190.32804771531468
2020-09-20,3738.3,0,6,20,9,3,264,38,2020,-0.7818314824680299,0.6234898018587334,-0.9854237542919524,-0.17011767832049052,-1.0,-1.8369701987210297e-16,3911.8,3720.1,3322.4999999999995,3936.7,3858.6857142857143,62.46122606792918,3720.2933333333335,176.00606363639358
2020-09-21,3763.500000000001,0,0,21,9,3,265,39,2020,0.0,1.0,-0.9882042449941422,-0.15314166701312007,-1.0,-1.8369701987210297e-16,3738.3,3819.1,3339.2,3998.4,3850.7428571428572,71.25084460655185,3734.436666666667,160.7095870438745
2020-09-22,3779.500000000001,0,1,22,9,3,266,39,2020,0.7818314824680298,0.6234898018587336,-0.9906923101615609,-0.13612033862266704,-1.0,-1.8369701987210297e-16,3763.500000000001,3860.8000000000006,3301.7,3986.6,3839.128571428572,75.81804346123555,3750.3633333333332,138.48434365219106
2020-09-23,3721.2,0,2,23,9,3,267,39,2020,0.9749279121818236,-0.22252093395631434,-0.9928872135356962,-0.11905873003404988,-1.0,-1.8369701987210297e-16,3779.500000000001,3897.0,3494.6,3920.6,3814.014285714286,82.29338629911558,3757.916666666667,129.97128617460694
2020-09-24,3736.1,0,3,24,9,3,268,39,2020,0.43388373911755823,-0.900968867902419,-0.994788305609327,-0.10196189005174576,-1.0,-1.8369701987210297e-16,3721.2,3871.299999999999,3628.9,3636.9,3794.7000000000003,82.47312693641898,3761.49,127.75665540392214
2020-09-25,3765.9,0,4,25,9,3,269,39,2020,-0.433883739117558,-0.9009688679024191,-0.9963950238187231,-0.08483487790576538,-1.0,-1.8369701987210297e-16,3736.1,3912.5,3680.000000000001,3645.2,3773.757142857143,64.15252286917597,3764.3533333333335,126.82651668058159
2020-09-26,3638.6,0,5,26,9,3,270,39,2020,-0.9749279121818236,-0.2225209339563146,-0.9977068927101168,-0.06768276175455162,-1.0,-1.8369701987210297e-16,3765.9,3911.8,3626.0,3751.3000000000006,3734.7285714285713,46.97924060287583,3764.773333333333,126.3725961491168
2020-09-27,3526.1,0,6,27,9,3,271,39,2020,-0.7818314824680299,0.6234898018587334,-0.9987235240803972,-0.050510617185222886,-1.0,-1.8369701987210297e-16,3638.6,3738.3,3593.1,3740.099999999999,3704.414285714286,91.58122858192729,3762.5400000000004,130.04966584425893
2020-09-28,3732.3,0,0,28,9,3,272,40,2020,0.0,1.0,-0.9994446170919858,-0.033323525711631344,-1.0,-1.8369701987210297e-16,3526.1,3763.500000000001,3603.4,3749.000000000001,3699.957142857143,88.94769731222172,3766.836666666667,126.69670948923181
2020-09-29,3767.4,0,1,29,9,3,273,40,2020,0.7818314824680298,0.6234898018587336,-0.9998699583618592,-0.016126573270657762,-1.0,-1.8369701987210297e-16,3732.3,3779.500000000001,3448.6000000000004,3788.0,3698.2285714285717,87.24554839239335,3777.4633333333336,111.54828700311728
2020-09-30,3714.499999999999,0,2,30,9,3,274,40,2020,0.9749279121818236,-0.22252093395631434,-0.9999994220246925,0.001075151282798226,-1.0,-1.8369701987210297e-16,3767.4,3721.2,3591.1,3764.9,3697.2714285714287,86.9879055632991,3781.576666666667,106.6048283933617
2020-10-01,3698.500000000001,0,3,1,10,4,275,40,2020,0.43388373911755823,-0.900968867902419,-0.999832969770105,0.018276557681691223,-0.8660254037844386,0.5000000000000001,3714.499999999999,3736.1,3653.999999999999,3629.3,3691.9000000000005,85.33586584785854,3783.06,105.06697568364105
2020-10-02,3626.4,0,4,2,10,4,276,40,2020,-0.433883739117558,-0.9009688679024191,-0.9993706508539969,0.03547255575312556,-0.8660254037844386,0.5000000000000001,3698.500000000001,3765.9,3655.4,3801.8000000000006,3671.9714285714285,81.37103731850384,3782.0933333333332,106.40687342761346
2020-10-03,3704.000000000001,0,5,3,10,4,277,40,2020,-0.9749279121818236,-0.2225209339563146,-0.9986126020839734,0.052658056924614005,-0.8660254037844386,0.5000000000000001,3626.4,3638.6,3711.7,3887.8,3681.3142857142857,80.65216319836122,3781.836666666667,106.5916522685046
2020-10-04,3616.8,0,6,4,10,4,278,40,2020,-0.7818314824680299,0.6234898018587334,-0.9975590477788613,0.06982797572987089,-0.8660254037844386,0.5000000000000001,3704.000000000001,3526.1,3781.000000000001,3892.1,3694.2714285714287,54.656555394780675,3776.3633333333332,110.76992459778411
2020-10-05,3714.3,0,0,5,10,4,279,41,2020,0.0,1.0,-0.9962102997023297,0.0869772313136861,-0.8660254037844386,0.5000000000000001,3616.8,3732.3,3790.8000000000006,3809.9,3691.7000000000003,52.96653031242473,3773.8133333333335,111.30536974166975
2020-10-06,3753.6,0,1,6,10,4,280,41,2020,0.7818314824680298,0.6234898018587336,-0.9945667569706337,0.1041007489354256,-0.8660254037844386,0.5000000000000001,3714.3,3767.4,3626.2,3772.400000000001,3689.7285714285713,49.844147576447874,3778.06,107.85615132808522
2020-10-07,3811.4,0,2,7,10,4,281,41,2020,0.9749279121818236,-0.22252093395631434,-0.9926289059345095,0.121193461470736,-0.8660254037844386,0.5000000000000001,3753.6,3714.499999999999,3759.6,3777.400000000001,3703.5714285714284,68.01418269466114,3779.786666666667,107.9650126384444
2020-10-08,3793.900000000001,0,3,8,10,4,282,41,2020,0.43388373911755823,-0.900968867902419,-0.9903973200352558,0.1382503109109819,-0.8660254037844386,0.5000000000000001,3811.4,3698.500000000001,3864.9,3672.2000000000007,3717.2000000000003,75.926433692997,3777.42,106.80690730599936
2020-10-09,3809.8,0,4,9,10,4,283,41,2020,-0.433883739117558,-0.9009688679024191,-0.9878726596350429,0.15526624985999563,-0.8660254037844386,0.5000000000000001,3793.900000000001,3626.4,3952.0,3806.000000000001,3743.4000000000005,70.84487749068684,3772.68,101.83150518514563
2020-10-10,3737.500000000001,0,5,10,10,4,284,41,2020,-0.9749279121818236,-0.2225209339563146,-0.9850556718215013,0.172236243027682,-0.8660254037844386,0.5000000000000001,3809.8,3704.000000000001,3951.400000000001,3743.8,3748.1857142857148,68.84294755873837,3765.55,96.22023856934311
2020-10-11,3513.5000000000005,0,6,11,10,4,285,41,2020,-0.7818314824680299,0.6234898018587334,-0.981947190186646,0.18915526872004093,-0.8660254037844386,0.5000000000000001,3737.500000000001,3616.8,3933.6,3645.999999999999,3733.428571428572,103.86439419240897,3751.5466666666666,101.35245683131524
2020-10-12,3605.900000000001,0,0,12,10,4,286,42,2020,0.0,1.0,-0.9785481345802031,0.20601832032517084,-0.8660254037844386,0.5000000000000001,3513.5000000000005,3714.3,3890.7,3627.1,3717.942857142858,114.70676901188766,3742.0533333333337,101.20700784421062
2020-10-13,3642.8,0,1,13,10,4,287,42,2020,0.7818314824680298,0.6234898018587336,-0.9748595108374125,0.22282040779479959,-0.8660254037844386,0.5000000000000001,3605.900000000001,3753.6,3720.1,3695.5,3702.114285714287,116.59550346636495,3739.4766666666674,102.75732940828571
2020-10-14,3637.1,0,2,14,10,4,288,42,2020,0.9749279121818236,-0.22252093395631434,-0.9708824104813836,0.23955655912092708,-0.8660254037844386,0.5000000000000001,3642.8,3811.4,3819.1,3668.9,3677.2142857142862,107.63401613140302,3733.4100000000003,103.2656378739499
2020-10-15,3654.7,0,3,15,10,4,289,42,2020,0.43388373911755823,-0.900968867902419,-0.9666180104000972,0.2562218218071163,-0.8660254037844386,0.5000000000000001,3637.1,3793.900000000001,3860.8000000000006,3432.0,3657.3285714285716,94.54605075987767,3726.54,101.33609358005411
2020-10-16,3685.1,0,4,16,10,4,290,42,2020,-0.433883739117558,-0.9009688679024191,-0.9620675724981452,0.27281126433401914,-0.8660254037844386,0.5000000000000001,3654.7,3809.8,3897.0,3554.5000000000005,3639.514285714286,69.44543250093362,3719.476666666667,96.30502075689012
2020-10-17,3660.1,0,5,17,10,4,291,42,2020,-0.9749279121818236,-0.2225209339563146,-0.957232443323312,0.28931997761869527,-0.8660254037844386,0.5000000000000001,3685.1,3737.500000000001,3871.299999999999,3517.1000000000004,3628.457142857143,56.128954415819265,3712.436666666667,92.46685700116946
2020-10-18,3471.6,0,6,18,10,4,292,42,2020,-0.7818314824680299,0.6234898018587334,-0.9521140536681102,0.3057430764672831,-0.8660254037844386,0.5000000000000001,3660.1,3513.5000000000005,3912.5,3453.3,3622.4714285714285,70.75895030045778,3697.74,94.58633567565835
2020-10-19,3553.8,0,0,19,10,4,293,43,2020,0.0,1.0,-0.9467139181463862,0.3220757010206104,-0.8660254037844386,0.5000000000000001,3471.6,3605.900000000001,3911.8,3372.5000000000005,3615.0285714285715,75.38164485440724,3685.806666666667,89.07098654261542
2020-10-20,3557.9,0,1,20,10,4,294,43,2020,0.7818314824680298,0.6234898018587336,-0.9410336347451197,0.3383130181923076,-0.8660254037844386,0.5000000000000001,3553.8,3642.8,3738.3,3306.5,3602.9,76.98166448363048,3679.7933333333335,91.46232287528977
2020-10-21,3519.600000000001,0,2,21,10,4,295,43,2020,0.9749279121818236,-0.22252093395631434,-0.9350748843515574,0.3544502230989869,-0.8660254037844386,0.5000000000000001,3557.9,3637.1,3763.500000000001,3182.8000000000006,3586.1142857142863,80.98764162044515,3671.6633333333334,94.55294624534338
2020-10-22,3505.0000000000005,0,3,22,10,4,296,43,2020,0.43388373911755823,-0.900968867902419,-0.9288394302558068,0.3704825404820963,-0.8660254037844386,0.5000000000000001,3519.600000000001,3654.7,3779.500000000001,2996.4,3564.7285714285717,79.6116347084768,3662.513333333334,97.00760273557117
2020-10-23,3460.0,0,4,23,10,4,297,43,2020,-0.433883739117558,-0.9009688679024191,-0.9223291176290545,0.3864052261209853,-0.8660254037844386,0.5000000000000001,3505.0000000000005,3685.1,3721.2,3126.7,3532.571428571429,67.41450670508023,3653.8066666666664,103.08970293182236
2020-10-24,3401.4,0,5,24,10,4,298,43,2020,-0.9749279121818236,-0.2225209339563146,-0.9155458729775467,0.40221356823680365,-0.8660254037844386,0.5000000000000001,3460.0,3660.1,3736.1,3219.2000000000003,3495.6142857142854,55.75226239273507,3642.6500000000005,111.63362412140641
2020-10-25,3189.9,0,6,25,10,4,299,43,2020,-0.7818314824680299,0.6234898018587334,-0.9084917035725082,0.41790288888678667,-0.8660254037844386,0.5000000000000001,3401.4,3471.6,3765.9,3142.8,3455.371428571429,129.22719933366452,3623.45,136.47441531100066
2020-10-26,3300.2,0,0,26,10,4,300,44,2020,0.0,1.0,-0.9011686968561569,0.4334685453485363,-0.8660254037844386,0.5000000000000001,3189.9,3553.8,3638.6,3305.399999999999,3419.142857142858,132.5395771979568,3612.17,148.6231757812593
2020-10-27,3394.1,0,1,27,10,4,301,44,2020,0.7818314824680298,0.6234898018587336,-0.8935790198239952,0.4489059314938798,-0.8660254037844386,0.5000000000000001,3300.2,3557.9,3526.1,3332.2,3395.7428571428572,117.57346436935997,3607.77,153.14431811990468
2020-10-28,3437.0000000000005,0,2,28,10,4,302,44,2020,0.9749279121818236,-0.22252093395631434,-0.8857249183835637,0.4642104791518923,-0.8660254037844386,0.5000000000000001,3394.1,3519.600000000001,3732.3,3332.5,3383.942857142857,106.71457034450886,3597.9266666666667,154.3496052592132
2020-10-29,3437.8,0,3,29,10,4,303,44,2020,0.43388373911755823,-0.900968867902419,-0.8776087166898392,0.4793776594606945,-0.8660254037844386,0.5000000000000001,3437.0000000000005,3505.0000000000005,3767.4,3242.1,3374.3428571428567,96.54760237216205,3586.9400000000005,153.59915948044846
2020-10-30,3460.000000000001,0,4,30,10,4,304,44,2020,-0.433883739117558,-0.9009688679024191,-0.8692328164574792,0.49440298420761813,-0.8660254037844386,0.5000000000000001,3437.8,3460.0,3714.499999999999,3227.9,3374.342857142857,96.54760237216219,3578.456666666667,153.33888024698467
2020-10-31,3477.3,0,5,31,10,4,305,44,2020,-0.9749279121818236,-0.2225209339563146,-0.8605996962501181,0.5092820071573356,-0.8660254037844386,0.5000000000000001,3460.000000000001,3401.4,3698.500000000001,3080.0999999999995,3385.1857142857148,104.06227988681448,3571.0833333333335,152.68435342760569
2020-11-01,3336.4999999999995,0,6,1,11,4,306,44,2020,-0.7818314824680299,0.6234898018587334,-0.8517119107469189,0.5240103253675756,-0.5000000000000004,0.8660254037844384,3477.3,3189.9,3626.4,3262.2000000000003,3406.128571428572,66.00165943082551,3561.42,158.1390536074467
2020-11-02,3471.0000000000005,0,0,2,11,4,307,45,2020,0.0,1.0,-0.8425720899866032,0.5385835804920232,-0.5000000000000004,0.8660254037844384,3336.4999999999995,3300.2,3704.000000000001,3390.999999999999,3430.5285714285715,49.928672934056756,3553.6533333333336,156.60932445337968
2020-11-03,3496.2000000000003,0,1,3,11,4,308,45,2020,0.7818314824680298,0.6234898018587336,-0.8331829385891785,0.5529974600700271,-0.5000000000000004,0.8660254037844384,3471.0000000000005,3394.1,3616.8,3436.5,3445.1142857142863,52.36686065864298,3549.6333333333337,156.48030686568336
2020-11-04,3459.1,0,2,4,11,4,309,45,2020,0.9749279121818236,-0.22252093395631434,-0.8235472349556007,0.5672476988027229,-0.5000000000000004,0.8660254037844384,3496.2000000000003,3437.0000000000005,3714.3,3415.0,3448.2714285714287,52.46223131252948,3541.1266666666666,154.1390749835305
2020-11-05,3411.7000000000003,0,3,5,11,4,310,45,2020,0.43388373911755823,-0.900968867902419,-0.8136678304455991,0.5813300798152042,-0.5000000000000004,0.8660254037844384,3459.1,3437.8,3753.6,3305.0,3444.5428571428574,54.228247778685336,3529.73,150.48388652425584
2020-11-06,3432.100000000001,0,4,6,11,4,311,45,2020,-0.433883739117558,-0.9009688679024191,-0.8035476485339116,0.5952404359043674,-0.5000000000000004,0.8660254037844384,3411.7000000000003,3460.000000000001,3811.4,3453.1,3440.557142857143,53.92729232166663,3517.086666666667,141.6789248516633
2020-11-07,3423.7,0,5,7,11,4,312,45,2020,-0.9749279121818236,-0.2225209339563146,-0.7931896839451843,0.6089746507720486,-0.5000000000000004,0.8660254037844384,3432.100000000001,3477.3,3793.900000000001,3486.199999999999,3432.9,51.59557474567911,3504.746666666667,132.56641727263568
2020-11-08,3299.0999999999995,0,6,8,11,4,313,45,2020,-0.7818314824680299,0.6234898018587334,-0.7825970017677834,0.6225286602431057,-0.5000000000000004,0.8660254037844384,3423.7,3336.4999999999995,3809.8,3465.4,3427.557142857143,63.74725764412532,3487.723333333334,124.59326843865483
2020-11-09,3402.4000000000005,0,0,9,11,4,314,46,2020,0.0,1.0,-0.7717727365467837,0.6358984534680745,-0.5000000000000004,0.8660254037844384,3299.0999999999995,3471.0000000000005,3737.500000000001,3468.6,3417.7571428571428,61.17678909368446,3476.5533333333337,116.16421412670496
2020-11-10,3414.5,0,1,10,11,4,315,46,2020,0.7818314824680298,0.6234898018587336,-0.7607200913564104,0.6490800741100398,-0.5000000000000004,0.8660254037844384,3402.4000000000005,3496.2000000000003,3513.5000000000005,3413.7,3406.085714285714,50.5954025767992,3473.2533333333336,116.48419674767399
2020-11-11,3403.8,0,2,11,11,4,316,46,2020,0.9749279121818236,-0.22252093395631434,-0.7494423368521953,0.6620696215153815,-0.5000000000000004,0.8660254037844384,3414.5,3459.1,3605.900000000001,3307.6,3398.1857142857148,44.93923410460378,3466.516666666667,114.37319761784279
2020-11-12,3423.4,0,3,12,11,4,317,46,2020,0.43388373911755823,-0.900968867902419,-0.7379428103031386,0.6748632518680403,-0.5000000000000004,0.8660254037844384,3403.8,3411.7000000000003,3642.8,3128.9000000000005,3399.8571428571427,45.736158457830825,3459.2033333333334,109.62857506718377
2020-11-13,3339.8,0,4,13,11,4,318,46,2020,-0.433883739117558,-0.9009688679024191,-0.7262249146041543,0.6874571793269664,-0.5000000000000004,0.8660254037844384,3423.4,3432.100000000001,3637.1,3138.4999999999995,3386.6714285714284,48.13348502815888,3449.2933333333335,106.38219948756871
2020-11-14,3009.7,0,5,14,11,4,319,46,2020,-0.9749279121818236,-0.2225209339563146,-0.7142921172691032,0.699847677146407,-0.5000000000000004,0.8660254037844384,3339.8,3423.7,3654.7,3175.9,3327.5285714285715,147.28215228246793,3427.793333333334,126.67919006450535
2020-11-15,2808.4999999999995,0,6,15,11,4,320,46,2020,-0.7818314824680299,0.6234898018587334,-0.7021479494046978,0.7120310787787131,-0.5000000000000004,0.8660254037844384,3009.7,3299.0999999999995,3685.1,3151.2000000000003,3257.442857142857,246.42463930611058,3398.5733333333337,161.57459670024667
2020-11-16,2870.2,0,0,16,11,4,321,47,2020,0.0,1.0,-0.6897960046655887,0.7240037789593305,-0.5000000000000004,0.8660254037844384,2808.4999999999995,3402.4000000000005,3660.1,3089.5,3181.414285714286,274.7218801416722,3372.2433333333333,180.71393603747805
2020-11-17,3095.8,0,1,17,11,4,322,47,2020,0.7818314824680298,0.6234898018587336,-0.6772399381909491,0.7357622347736527,-0.5000000000000004,0.8660254037844384,2870.2,3414.5,3471.6,3060.7,3135.8857142857146,255.3832311681969,3359.716666666667,186.52076908174962
2020-11-18,3209.7000000000003,0,2,18,11,4,323,47,2020,0.9749279121818236,-0.22252093395631434,-0.6644834655228552,0.7473029667054297,-0.5000000000000004,0.8660254037844384,3095.8,3403.8,3553.8,2940.3,3108.157142857143,230.8000350746943,3348.246666666667,184.7458416933526
2020-11-19,3262.3,0,3,19,11,4,324,47,2020,0.43388373911755823,-0.900968867902419,-0.6515303615068021,0.75862255966641,-0.5000000000000004,0.8660254037844384,3209.7000000000003,3423.4,3557.9,2698.3,3085.1428571428573,200.11925492185938,3338.393333333334,181.02385236877922
2020-11-20,3287.0999999999995,0,4,20,11,4,325,47,2020,-0.433883739117558,-0.9009688679024191,-0.6383844591746642,0.769717664006921,-0.5000000000000004,0.8660254037844384,3262.3,3339.8,3519.600000000001,2631.5,3077.614285714285,189.66020869415036,3330.6433333333334,177.94930444938464
2020-11-21,3267.6000000000004,0,5,21,11,4,326,47,2020,-0.9749279121818236,-0.2225209339563146,-0.6250496486104377,0.7805849965070866,-0.5000000000000004,0.8660254037844384,3287.0999999999995,3009.7,3505.0000000000005,2752.4999999999995,3114.457142857143,199.08390908646209,3322.7300000000005,175.18544686445918
2020-11-22,3178.1,0,6,22,11,4,327,47,2020,-0.7818314824680299,0.6234898018587334,-0.6115298757991053,0.7912213413483807,-0.5000000000000004,0.8660254037844384,3267.6000000000004,2808.4999999999995,3460.0,2858.4000000000005,3167.2571428571428,146.4764925069771,3313.3333333333335,175.1289324712012
2020-11-23,3269.7000000000003,0,0,23,11,4,328,48,2020,0.0,1.0,-0.5978291414589552,0.801623551065242,-0.5000000000000004,0.8660254037844384,3178.1,2870.2,3401.4,2957.4999999999995,3224.328571428571,68.53677149984946,3308.9433333333336,174.49474981397145
2020-11-24,3329.0,0,1,24,11,4,329,48,2020,0.7818314824680298,0.6234898018587336,-0.5839514998576998,0.8117885474764613,-0.5000000000000004,0.8660254037844384,3269.7000000000003,3095.8,3189.9,3003.1000000000004,3257.6428571428573,49.75164510324899,3313.5800000000004,173.06467876051303
2020-11-25,3291.6,0,2,25,11,4,330,48,2020,0.9749279121818236,-0.22252093395631434,-0.5699010576127624,0.821713322596059,-0.5000000000000004,0.8660254037844384,3329.0,3209.7000000000003,3300.2,3010.4,3269.342857142857,46.09355909972254,3313.2933333333335,173.09472577739285
2020-11-26,3175.2,0,3,26,11,4,331,48,2020,0.43388373911755823,-0.900968867902419,-0.5556819724760489,0.8313949395234058,-0.5000000000000004,0.8660254037844384,3291.6,3262.3,3394.1,2912.2000000000003,3256.9,58.41974552041565,3305.9966666666664,174.18129176893734
2020-11-27,3217.7,0,4,27,11,4,332,48,2020,-0.433883739117558,-0.9009688679024191,-0.5412984521036173,0.8408305333122887,-0.5000000000000004,0.8660254037844384,3175.2,3287.0999999999995,3437.0000000000005,3092.6000000000004,3246.985714285714,58.329164476914244,3298.686666666667,173.09215152495238
2020-11-28,3227.7000000000003,0,5,28,11,4,333,48,2020,-0.9749279121818236,-0.2225209339563146,-0.5267547528105542,0.8500173118187018,-0.5000000000000004,0.8660254037844384,3217.7,3267.6000000000004,3437.8,3143.4,3241.285714285714,57.92712170110749,3291.6833333333334,171.51264974626613
2020-11-29,3187.7000000000003,0,6,29,11,4,334,48,2020,-0.7818314824680299,0.6234898018587334,-0.5120551783114646,0.8589525565270845,-0.5000000000000004,0.8660254037844384,3227.7000000000003,3178.1,3460.000000000001,3189.0000000000005,3242.6571428571433,56.27186559148664,3282.6066666666666,169.4912813001851
2020-11-30,3300.9,0,0,30,11,4,335,49,2020,0.0,1.0,-0.4972040784469378,0.8676336233547726,-0.5000000000000004,0.8660254037844384,3187.7000000000003,3269.7000000000003,3477.3,3097.1,3247.1142857142863,59.89016136708017,3276.726666666667,165.5173143007408
2020-12-01,3345.2,0,1,1,12,4,336,49,2020,0.7818314824680298,0.6234898018587336,-0.4822058478963526,0.8760579434344281,-2.4492935982947064e-16,1.0,3300.9,3329.0,3336.4999999999995,3081.5999999999995,3249.4285714285716,63.76915958587803,3277.0166666666673,165.63323438649084
2020-12-02,3395.2000000000003,0,2,2,12,4,337,49,2020,0.9749279121818236,-0.22252093395631434,-0.46706492487743034,0.8842230238742036,-2.4492935982947064e-16,1.0,3345.2,3291.6,3471.0000000000005,3060.9,3264.2285714285713,84.00062924936445,3274.4900000000002,163.1313123497828
2020-12-03,3386.7999999999997,0,3,3,12,4,338,49,2020,0.43388373911755823,-0.900968867902419,-0.451785789832884,0.8921264484954345,-2.4492935982947064e-16,1.0,3395.2000000000003,3175.2,3496.2000000000003,2975.5,3294.457142857143,84.69350343333872,3270.8433333333332,159.17916533943068
2020-12-04,3409.8,0,4,4,12,4,339,49,2020,-0.433883739117558,-0.9009688679024191,-0.4363729641045924,0.8997658785476209,-2.4492935982947064e-16,1.0,3386.7999999999997,3217.7,3459.1,3135.8,3321.9000000000005,86.77411288322166,3269.2,157.41331057068993
2020-12-05,3389.9999999999995,0,5,5,12,4,340,49,2020,-0.9749279121818236,-0.2225209339563146,-0.42083100859565564,0.9071390534005044,-2.4492935982947064e-16,1.0,3409.8,3227.7000000000003,3411.7000000000003,3196.5,3345.085714285714,78.71828310654095,3268.4766666666665,156.78452748108836
2020-12-06,3257.1000000000004,0,6,6,12,4,341,49,2020,-0.7818314824680299,0.6234898018587334,-0.4051645224207563,0.9142437912130223,-2.4492935982947064e-16,1.0,3389.9999999999995,3187.7000000000003,3432.100000000001,3210.0,3355.0,56.954045803057554,3262.6433333333334,153.7122539779617
2020-12-07,3352.4999999999995,0,0,7,12,4,342,50,2020,0.0,1.0,-0.3893781415452015,0.9210779895789526,-2.4492935982947064e-16,1.0,3257.1000000000004,3300.9,3423.7,3194.1,3362.371428571428,51.8999908248788,3260.27,151.67595256402313
2020-12-08,3390.0,0,1,8,12,4,343,50,2020,0.7818314824680298,0.6234898018587336,-0.37347653741307074,0.9276396261490467,-2.4492935982947064e-16,1.0,3352.4999999999995,3345.2,3299.0999999999995,3189.3,3368.7714285714287,52.19101820194591,3263.3,153.37680892898467
2020-12-09,3412.6,0,2,9,12,4,344,50,2020,0.9749279121818236,-0.22252093395631434,-0.3574644155648614,0.9339267592294762,-2.4492935982947064e-16,1.0,3390.0,3395.2000000000003,3402.4000000000005,3183.1,3371.2571428571428,54.04109106793636,3263.6400000000003,153.70674406938258
2020-12-10,3416.3,0,3,10,12,4,345,50,2020,0.43388373911755823,-0.900968867902419,-0.34134651424503615,0.9399375283564133,-2.4492935982947064e-16,1.0,3412.6,3386.7999999999997,3414.5,3078.7,3375.4714285714285,56.54731689145404,3263.7,153.7680025905472
2020-12-11,3350.4,0,4,11,12,4,346,50,2020,-0.433883739117558,-0.9009688679024191,-0.3251276029999093,0.9456701548465688,-2.4492935982947064e-16,1.0,3416.3,3409.8,3403.8,3216.1,3366.9857142857145,54.972218091579926,3261.92,152.3932286485457
2020-12-12,3273.9,0,5,12,12,4,347,50,2020,-0.9749279121818236,-0.2225209339563146,-0.30881248126625377,0.9511229423235357,-2.4492935982947064e-16,1.0,3350.4,3389.9999999999995,3423.4,3261.3,3350.4000000000005,63.693746422523986,3256.9366666666665,149.34453451165413
2020-12-13,3209.7000000000003,0,6,13,12,4,348,50,2020,-0.7818314824680299,0.6234898018587334,-0.29240597695107734,0.9562942772197719,-2.4492935982947064e-16,1.0,3273.9,3257.1000000000004,3339.8,3278.4999999999995,3343.628571428572,76.49835977079829,3252.6,148.7430879298042
2020-12-14,3321.7,0,0,14,12,4,349,51,2020,0.0,1.0,-0.27591294500296043,0.9611826292540837,-2.4492935982947064e-16,1.0,3209.7000000000003,3352.4999999999995,3009.7,3286.2,3339.2285714285713,76.78827415447289,3263.0,141.92522071802094
2020-12-15,3405.0000000000005,0,1,15,12,4,350,51,2020,0.7818314824680298,0.6234898018587336,-0.2593382659754056,0.9657865518844574,-2.4492935982947064e-16,1.0,3321.7,3390.0,2808.4999999999995,3288.3,3341.371428571428,78.62848750689854,3282.883333333333,115.35157976386724
2020-12-16,3437.8,0,2,16,12,4,351,51,2020,0.9749279121818236,-0.22252093395631434,-0.2426868445825954,0.9701046827361175,-2.4492935982947064e-16,1.0,3405.0000000000005,3412.6,2870.2,3252.9,3344.971428571429,82.89438489802859,3301.803333333333,88.82882990890565
2020-12-17,3474.3,0,3,17,12,4,352,51,2020,0.43388373911755823,-0.900968867902419,-0.22596360824801906,0.974135744004672,-2.4492935982947064e-16,1.0,3437.8,3416.3,3095.8,3138.4999999999995,3353.257142857143,93.44019222910981,3314.4199999999996,85.3731339473769
2020-12-18,3527.9,0,4,18,12,4,353,51,2020,-0.433883739117558,-0.9009688679024191,-0.20917350564635637,0.9778785428342386,-2.4492935982947064e-16,1.0,3474.3,3350.4,3209.7000000000003,3264.4,3378.6142857142863,114.2931089869737,3325.0266666666666,91.46338605421565
2020-12-19,3506.999999999999,0,5,19,12,4,354,51,2020,-0.9749279121818236,-0.2225209339563146,-0.19232150523909483,0.9813319716704275,-2.4492935982947064e-16,1.0,3527.9,3273.9,3262.3,3280.1,3411.9142857142856,112.64477245708413,3333.1833333333334,96.45164978953524
2020-12-20,3395.7,0,6,20,12,4,355,51,2020,-0.7818314824680299,0.6234898018587334,-0.17541259380427843,0.9844950085880858,-2.4492935982947064e-16,1.0,3506.999999999999,3209.7000000000003,3287.0999999999995,3270.7000000000003,3438.485714285714,71.37117598798775,3336.8033333333337,96.70007482551952
2020-12-21,3420.0499999999997,1,0,21,12,4,356,52,2020,0.0,1.0,-0.15845177496083632,0.9873667175937016,-2.4492935982947064e-16,1.0,3395.7,3321.7,3267.6000000000004,3215.2,3452.535714285714,51.44936600103383,3341.885,96.94335988534112
2020-12-22,3444.4,1,1,22,12,4,357,52,2020,0.7818314824680298,0.6234898018587336,-0.14144406768794202,0.9899462489023779,-2.4492935982947064e-16,1.0,3420.0499999999997,3405.0000000000005,3178.1,3241.7999999999997,3458.164285714286,47.37616062157933,3350.7616666666668,93.56214575250381
2020-12-23,3468.75,1,2,23,12,4,358,52,2020,0.9749279121818236,-0.22252093395631434,-0.12439450483979998,0.9922328391893008,-2.4492935982947064e-16,1.0,3444.4,3437.8,3269.7000000000003,3223.3,3462.585714285714,46.59669797215634,3357.3966666666665,94.66673571308657
2020-12-25,3517.4500000000003,1,4,25,12,4,360,52,2020,-0.433883739117558,-0.9009688679024191,-0.09019000427034513,0.9959245770286599,-2.4492935982947064e-16,1.0,3468.75,3474.3,3329.0,3024.7,3468.75,51.04636781074909,3363.678333333333,98.87624682793268
2020-12-26,3541.8,1,5,26,12,4,361,52,2020,-0.9749279121818236,-0.2225209339563146,-0.07304518821104743,0.9973286321364752,-2.4492935982947064e-16,1.0,3517.4500000000003,3527.9,3291.6,3124.4,3470.735714285714,53.92026299925091,3372.0183333333334,103.05074535301884
2020-12-27,3566.1500000000005,1,6,27,12,4,362,52,2020,-0.7818314824680299,0.6234898018587334,-0.05587875690537313,0.9984375616565666,-2.4492935982947064e-16,1.0,3541.8,3506.999999999999,3175.2,3163.4,3479.1857142857148,64.20454107959782,3385.05,102.0174334324019
2020-12-28,3590.5000000000005,0,0,28,12,4,363,53,2020,0.0,1.0,-0.03869579017652689,0.9992510374388481,-2.4492935982947064e-16,1.0,3566.1500000000005,3395.7,3217.7,3212.6000000000004,3507.014285714286,64.2045410795983,3397.4766666666665,103.62235207990265
2020-12-29,3638.1,0,1,29,12,4,364,53,2020,0.7818314824680298,0.6234898018587336,-0.021501372740813793,0.999768818762748,-2.4492935982947064e-16,1.0,3590.5000000000005,3420.0499999999997,3227.7000000000003,3251.7,3538.164285714286,67.77629695236519,3411.1566666666668,107.45510107539336
2020-12-30,3662.8,0,2,30,12,4,365,53,2020,0.9749279121818236,-0.22252093395631434,-0.004300592702981974,0.9999907524084426,-2.4492935982947064e-16,1.0,3638.1,3444.4,3187.7000000000003,3269.1,3569.3642857142854,67.6880080115764,3426.9933333333333,108.39246198923843
2020-12-31,3622.7,0,3,31,12,4,366,53,2020,0.43388373911755823,-0.900968867902419,0.012901459949419653,0.9999167727021953,-2.4492935982947064e-16,1.0,3662.8,3468.75,3300.9,3232.0000000000005,3591.3571428571427,52.955424876147795,3437.7200000000003,111.36590483005654
2021-01-01,3545.3,0,4,1,1,1,1,53,2021,-0.433883739117558,-0.9009688679024191,0.017201575418260506,0.9998520419557735,0.49999999999999994,0.8660254037844387,3622.7,3517.4500000000003,3345.2,3113.9,3595.335714285714,47.21202807804288,3444.39,111.62551571489914
2021-01-02,3532.2,0,5,2,1,1,2,53,2021,-0.9749279121818236,-0.2225209339563146,0.03439806061360801,0.9994082116062598,0.49999999999999994,0.8660254037844387,3545.3,3541.8,3395.2000000000003,3253.699999999999,3593.964285714286,49.12693350130776,3448.9566666666665,112.34379556653471
2021-01-03,3376.6,0,6,3,1,1,3,53,2021,-0.7818314824680299,0.6234898018587334,0.051584366869408364,0.9986686402879997,0.49999999999999994,0.8660254037844387,3532.2,3566.1500000000005,3386.7999999999997,3331.6,3566.8857142857137,96.4551610606809,3448.616666666667,112.55363344777166
2021-01-04,3441.5000000000005,0,0,4,1,1,4,1,2021,0.0,1.0,0.06875540848113941,0.9976335468520451,0.49999999999999994,0.8660254037844387,3376.6,3590.5000000000005,3409.8,3360.3,3545.6,106.31240128353048,3449.6733333333336,112.32522188387102
2021-01-05,3433.9,0,1,5,1,1,5,1,2021,0.7818314824680298,0.6234898018587336,0.08590610426133272,0.9963032375991965,0.49999999999999994,0.8660254037844387,3441.5000000000005,3638.1,3389.9999999999995,3291.6000000000004,3516.4285714285716,104.70418193314637,3451.1366666666668,111.80576748842006
2021-01-06,3453.3,0,2,6,1,1,6,1,2021,0.9749279121818236,-0.22252093395631434,0.10303137904317879,0.9946781061893646,0.49999999999999994,0.8660254037844387,3433.9,3662.8,3257.1000000000004,3132.2,3486.5,83.73408306460577,3457.6766666666667,105.63219592571402
2021-01-07,3449.9,0,3,7,1,1,7,1,2021,0.43388373911755823,-0.900968867902419,0.1201261651823505,0.9927586335250793,0.49999999999999994,0.8660254037844387,3453.3,3622.7,3352.4999999999995,3185.8,3461.8142857142857,58.58300176025194,3460.923333333333,103.76843976831536
2021-01-08,3468.1,0,4,8,1,1,8,1,2021,-0.433883739117558,-0.9009688679024191,0.13718540405660057,0.9905453876091833,0.49999999999999994,0.8660254037844387,3449.9,3545.3,3390.0,3071.9,3450.785714285714,46.206147807858315,3463.5266666666666,102.90384676073768
2021-01-09,3416.7,0,5,9,1,1,9,1,2021,-0.9749279121818236,-0.2225209339563146,0.1542040475626894,0.988039023376751,0.49999999999999994,0.8660254037844387,3468.1,3532.2,3412.6,3197.3,3434.285714285714,30.104951340960763,3463.663333333333,102.83657937459671
2021-01-10,3352.7,0,6,10,1,1,10,1,2021,-0.7818314824680299,0.6234898018587334,0.17117705961019986,0.985240282501282,0.49999999999999994,0.8660254037844387,3416.7,3376.6,3416.3,3269.7000000000003,3430.871428571429,38.045661788906905,3461.5433333333335,104.48894408873159
2021-01-11,3511.2,0,0,11,1,1,11,2,2021,0.0,1.0,0.18809941761179758,0.9821499931752291,0.49999999999999994,0.8660254037844387,3352.7,3441.5000000000005,3350.4,3314.8,3440.828571428571,48.87148842582874,3466.903333333333,102.69998147711014
2021-01-12,3569.8,0,1,12,1,1,12,2,2021,0.7818314824680298,0.6234898018587336,0.20496611396949532,0.9787690698649216,0.49999999999999994,0.8660254037844387,3511.2,3433.9,3273.9,3352.6000000000004,3460.2428571428572,68.65099798118831,3476.766666666667,97.60761994465821
2021-01-13,3572.2000000000003,0,2,13,1,1,13,2,2021,0.9749279121818236,-0.22252093395631434,0.22177215755648186,0.975098513039961,0.49999999999999994,0.8660254037844387,3569.8,3453.3,3209.7000000000003,3404.4,3477.2285714285717,80.3579017953806,3488.85,85.03404693372836
2021-01-14,3430.9,0,3,14,1,1,14,2,2021,0.43388373911755823,-0.900968867902419,0.23851257519407648,0.9711394088771653,0.49999999999999994,0.8660254037844387,3572.2000000000003,3449.9,3321.7,3377.0,3474.5142857142855,81.74377506519016,3492.49,79.80892634370176
2021-01-15,3457.6,0,4,15,1,1,15,2,2021,-0.433883739117558,-0.9009688679024191,0.2551824131233728,0.9668929289391521,0.49999999999999994,0.8660254037844387,3430.9,3468.1,3405.0000000000005,3291.2000000000003,3473.014285714286,81.9770990088598,3494.243333333333,78.38566540016338
2021-01-16,3543.3000000000006,0,5,16,1,1,16,2,2021,-0.9749279121818236,-0.2225209339563146,0.2717767384711357,0.9623603298276545,0.49999999999999994,0.8660254037844387,3457.6,3416.7,3437.8,3416.6,3491.1,81.44589205931155,3497.76,78.13224024379264
2021-01-17,3507.4000000000005,0,6,17,1,1,17,2,2021,-0.7818314824680299,0.6234898018587334,0.2882906407095177,0.9575429528116719,0.49999999999999994,0.8660254037844387,3543.3000000000006,3352.7,3474.3,3452.6000000000004,3513.2000000000003,53.9951541035897,3498.8633333333337,78.02316182779114
2021-01-18,3631.6,0,0,18,1,1,18,3,2021,0.0,1.0,0.3047192331091634,0.9524422234305676,0.49999999999999994,0.8660254037844387,3507.4000000000005,3511.2,3527.9,3413.0000000000005,3530.4,70.04348649234805,3502.3199999999997,81.57041341579726
2021-01-19,3702.499999999999,0,1,19,1,1,19,3,2021,0.7818314824680298,0.6234898018587336,0.321057654185271,0.9470596510722283,0.49999999999999994,0.8660254037844387,3631.6,3569.8,3506.999999999999,3435.099999999999,3549.3571428571427,95.73137516237762,3508.8366666666666,89.39149841289287
2021-01-20,3751.1,0,2,20,1,1,20,3,2021,0.9749279121818236,-0.22252093395631434,0.3373010691361842,0.9413968285264122,0.49999999999999994,0.8660254037844387,3702.499999999999,3572.2000000000003,3395.7,3468.2000000000007,3574.914285714286,122.87743796933783,3520.6833333333334,97.09854071607813
2021-01-21,3758.4,0,3,21,1,1,21,3,2021,0.43388373911755823,-0.900968867902419,0.3534446712740877,0.9354554315134164,0.49999999999999994,0.8660254037844387,3751.1,3430.9,3420.0499999999997,3438.6,3621.7,121.24201691934358,3531.9616666666666,104.38354233745864
2021-01-22,3806.3,0,4,22,1,1,22,3,2021,-0.433883739117558,-0.9009688679024191,0.3694836834473831,0.9292372181882051,0.49999999999999994,0.8660254037844387,3758.4,3457.6,3444.4,3346.1,3671.5142857142855,113.99990392645887,3544.025,114.3513262667382
2021-01-23,3790.900000000001,0,5,23,1,1,23,3,2021,-0.9749279121818236,-0.2225209339563146,0.38541335945432564,0.9227440286201427,0.49999999999999994,0.8660254037844387,3806.3,3543.3000000000006,3468.75,3449.5,3706.8857142857146,105.69764154689194,3554.763333333334,121.91463020272742
2021-01-24,3677.9,0,6,24,1,1,24,3,2021,-0.7818314824680299,0.6234898018587334,0.4012289854475009,0.9159777842484877,0.49999999999999994,0.8660254037844387,3790.900000000001,3507.4000000000005,3517.4500000000003,3476.4000000000005,3731.2428571428572,63.14622863227912,3560.1116666666667,123.72722338866166
2021-01-25,3725.1,0,0,25,1,1,25,4,2021,0.0,1.0,0.4169258813287287,0.908940487313808,0.49999999999999994,0.8660254037844387,3677.9,3631.6,3541.8,3376.4999999999995,3744.6,46.160625356868835,3566.221666666667,127.26705812318387
2021-01-26,3586.9,0,1,26,1,1,26,4,2021,0.7818314824680298,0.6234898018587336,0.4324994021339788,0.901634220265486,0.49999999999999994,0.8660254037844387,3725.1,3702.499999999999,3566.1500000000005,3380.1,3728.0857142857144,75.24698063870714,3566.9133333333334,127.32302858945796
2021-01-27,3719.3,0,2,27,1,1,27,4,2021,0.9749279121818236,-0.22252093395631434,0.44794493940789115,0.8940611451454876,0.49999999999999994,0.8660254037844387,3586.9,3751.1,3590.5000000000005,3390.8000000000006,3723.542857142857,74.58297073604271,3571.206666666667,130.28295978059424
2021-01-28,3790.9,0,3,28,1,1,28,4,2021,0.43388373911755823,-0.900968867902419,0.4632579225674917,0.88622350294858,0.49999999999999994,0.8660254037844387,3719.3,3758.4,3638.1,3388.2000000000003,3728.1857142857148,78.04570089745691,3576.3,135.85590997766207
2021-01-29,3810.9,0,4,29,1,1,29,4,2021,-0.433883739117558,-0.9009688679024191,0.4784338202547012,0.8781236129591848,0.49999999999999994,0.8660254037844387,3790.9,3806.3,3662.8,3271.5,3728.842857142857,78.82848167898071,3581.2366666666667,141.67371567316306
2021-01-30,3809.2,0,5,30,1,1,30,4,2021,-0.9749279121818236,-0.2225209339563146,0.49346814167723735,0.8697638720650646,0.49999999999999994,0.8660254037844387,3810.9,3790.900000000001,3622.7,3396.9999999999995,3731.457142857143,81.4881557271569,3587.4533333333334,147.52679180015795
2021-01-31,3702.7,0,6,31,1,1,31,4,2021,-0.7818314824680299,0.6234898018587334,0.5083564379375122,0.8611467540480452,0.49999999999999994,0.8660254037844387,3809.2,3677.9,3545.3,3438.3000000000006,3735.0,79.28078792076417,3592.7,148.7696136011352
2021-02-01,3775.8000000000006,0,0,1,2,1,32,5,2021,0.0,1.0,0.5230943033491326,0.8522748088519838,0.8660254037844386,0.5000000000000001,3702.7,3725.1,3532.2,3390.6000000000004,3742.2428571428572,80.53164713626589,3600.82,151.9672001815889
2021-02-02,3808.8,0,1,2,2,1,33,5,2021,0.7818314824680298,0.6234898018587336,0.5376773767406141,0.8431506618282,0.8660254037844386,0.5000000000000001,3775.8000000000006,3586.9,3376.6,3399.7999999999997,3773.942857142857,45.04867209082492,3615.226666666667,150.45693377022178
2021-02-03,3805.2,0,2,3,2,1,34,5,2021,0.9749279121818236,-0.22252093395631434,0.5521013427459208,0.8337770129585915,0.8660254037844386,0.5000000000000001,3808.8,3719.3,3441.5000000000005,3450.5,3786.214285714286,38.97295765752474,3627.35,150.62868653378501
2021-02-04,3737.1,0,3,4,2,1,35,5,2021,0.43388373911755823,-0.900968867902419,0.5663619330814524,0.8241566360566663,0.8660254037844386,0.5000000000000001,3805.2,3790.9,3433.9,3453.2,3778.5285714285715,42.99246888649436,3637.4566666666665,147.33715191128843
2021-02-05,3753.3,0,4,5,2,1,36,5,2021,-0.433883739117558,-0.9009688679024191,0.580454927809098,0.8142923779467267,0.8660254037844386,0.5000000000000001,3737.1,3810.9,3453.3,3361.0,3770.3,41.240594887446626,3647.4566666666665,144.56174598522125
2021-02-06,3741.2,0,5,6,2,1,37,5,2021,-0.9749279121818236,-0.2225209339563146,0.5943761565849831,0.804187157621448,0.8660254037844386,0.5000000000000001,3753.3,3809.2,3449.9,3421.5999999999995,3760.5857142857144,38.46589088931403,3657.1666666666665,140.56235659646163
2021-02-07,3616.3,0,6,7,2,1,38,5,2021,-0.7818314824680299,0.6234898018587334,0.6081214998935418,0.7938439653781019,0.8660254037844386,0.5000000000000001,3741.2,3702.7,3468.1,3376.4000000000005,3748.2428571428572,64.90882983446903,3662.1066666666666,136.225887289505
2021-02-08,3736.0,0,0,8,2,1,39,6,2021,0.0,1.0,0.6216868902665479,0.7832658619336791,0.8660254037844386,0.5000000000000001,3616.3,3775.8000000000006,3416.7,3297.1,3742.557142857143,63.82676703766268,3672.75,128.65412801449187
2021-02-09,3791.3,0,1,9,2,1,40,6,2021,0.7818314824680298,0.6234898018587336,0.6350683134867438,0.7724559775191742,0.8660254037844386,0.5000000000000001,3736.0,3808.8,3352.7,3261.7000000000003,3740.0571428571425,61.08346358723776,3687.3700000000003,115.25300848790945
2021-02-10,3786.8,0,2,10,2,1,41,6,2021,0.9749279121818236,-0.22252093395631434,0.6482618097757122,0.7614175109532997,0.8660254037844386,0.5000000000000001,3791.3,3805.2,3511.2,3345.1,3737.4285714285716,58.13787389435798,3696.556666666667,111.65418188912692
2021-02-11,3770.2,0,3,11,2,1,42,6,2021,0.43388373911755823,-0.900968867902419,0.6612634749656386,0.7501537286959042,0.8660254037844386,0.5000000000000001,3786.8,3737.1,3569.8,3374.1,3742.157142857143,59.43822723758453,3703.2366666666667,109.78826795976933
2021-02-12,3782.8,0,4,12,2,1,43,6,2021,-0.433883739117558,-0.9009688679024191,0.6740694616546161,0.7386679638813748,0.8660254037844386,0.5000000000000001,3770.2,3753.3,3572.2000000000003,3270.399999999999,3746.371428571428,61.37422679178602,3710.256666666667,107.83636288801878
2021-02-13,3754.8,0,5,13,2,1,44,6,2021,-0.9749279121818236,-0.2225209339563146,0.6866759803451553,0.726963615332308,0.8660254037844386,0.5000000000000001,3782.8,3741.2,3430.9,3454.9999999999995,3748.3142857142857,61.39849152795717,3721.0533333333337,94.26277918790025
2021-02-14,3644.3,0,6,14,2,1,45,6,2021,-0.7818314824680299,0.6234898018587334,0.6990793005655562,0.7150441465537444,0.8660254037844386,0.5000000000000001,3754.8,3616.3,3457.6,3527.6000000000004,3752.3142857142857,51.474667833559536,3727.2766666666666,81.57928102129235
2021-02-15,3752.7,0,0,15,2,1,46,7,2021,0.0,1.0,0.7112757519738152,0.7029130847082615,0.8660254037844386,0.5000000000000001,3644.3,3736.0,3543.3000000000006,3533.7,3754.7000000000003,50.97711905032024,3734.256666666667,73.89123266237208
2021-02-16,3745.1,0,1,16,2,1,47,7,2021,0.7818314824680298,0.6234898018587336,0.7232617254437388,0.6905740195722294,0.8660254037844386,0.5000000000000001,3752.7,3791.3,3507.4000000000005,3540.1000000000004,3748.1,48.37299522120303,3742.18,60.20303807201474
2021-02-17,3713.400000000001,0,2,17,2,1,48,7,2021,0.9749279121818236,-0.22252093395631434,0.7350336741329412,0.6780306024735382,0.8660254037844386,0.5000000000000001,3745.1,3786.8,3631.6,3572.9000000000005,3737.6142857142863,46.505248039785464,3744.906666666667,56.776961897374
2021-02-18,3695.1,0,3,18,2,1,49,7,2021,0.43388373911755823,-0.900968867902419,0.746588114532413,0.6652865452111116,0.8660254037844386,0.5000000000000001,3713.400000000001,3770.2,3702.499999999999,3563.3,3726.8857142857146,46.39746503752839,3744.6600000000003,56.98324980744514
2021-02-19,3642.4,0,4,19,2,1,50,7,2021,-0.433883739117558,-0.9009688679024191,0.7579216274973472,0.6523456189565257,0.8660254037844386,0.5000000000000001,3695.1,3782.8,3751.1,3343.5,3706.8285714285716,48.497000398199916,3741.036666666667,59.938879692963695
2021-02-20,3613.2999999999993,0,5,20,2,1,51,7,2021,-0.9749279121818236,-0.2225209339563146,0.7690308592589181,0.6392116531380588,0.8660254037844386,0.5000000000000001,3642.4,3754.8,3758.4,3503.7000000000003,3686.6142857142854,54.31047868728577,3736.2,64.19280763232854
2021-02-21,3481.1,0,6,21,2,1,52,7,2021,-0.7818314824680299,0.6234898018587334,0.7799125224167177,0.6258885343075018,0.8660254037844386,0.5000000000000001,3613.2999999999993,3644.3,3806.3,3544.899999999999,3663.2999999999997,95.16520722759321,3725.36,77.93401541443681
2021-02-22,3626.3,0,0,22,2,1,53,8,2021,0.0,1.0,0.7905633969115482,0.612380204990065,0.8660254037844386,0.5000000000000001,3481.1,3752.7,3790.900000000001,3534.4,3645.242857142857,87.01792645089672,3719.8733333333334,78.94823678810688
2021-02-23,3718.6,0,1,23,2,1,54,8,2021,0.7818314824680298,0.6234898018587336,0.8009803309782905,0.5986906625177214,0.8660254037844386,0.5000000000000001,3626.3,3745.1,3677.9,3553.1000000000004,3641.457142857143,82.4036984838283,3721.23,78.5507837051078
2021-02-24,3787.2000000000007,0,2,24,2,1,55,8,2021,0.9749279121818236,-0.22252093395631434,0.8111602420785621,0.5848239578463322,0.8660254037844386,0.5000000000000001,3718.6,3713.400000000001,3725.1,3580.4,3652.0,96.63450039541162,3723.3,79.46915688837214
2021-02-25,3836.099999999999,0,3,25,2,1,56,8,2021,0.43388373911755823,-0.900968867902419,0.8211001178128892,0.5707841943569036,0.8660254037844386,0.5000000000000001,3787.2000000000007,3695.1,3586.9,3523.4,3672.1428571428573,119.1808269975231,3731.6066666666666,77.72496130068117
2021-02-26,3886.7,0,4,26,2,1,57,8,2021,-0.433883739117558,-0.9009688679024191,0.8307970168121247,0.5565755266413303,0.8660254037844386,0.5000000000000001,3836.099999999999,3642.4,3719.3,3421.4,3707.042857142857,142.5064192372168,3737.1866666666665,82.66307074120103
2021-02-27,3872.8,0,5,27,2,1,58,8,2021,-0.9749279121818236,-0.2225209339563146,0.8402480696078469,0.5422021592729844,0.8660254037844386,0.5000000000000001,3886.7,3613.2999999999993,3790.9,3544.7000000000003,3744.1142857142854,147.71377083820516,3739.9166666666665,85.79136313465791
2021-02-28,3769.3,0,6,28,2,1,59,8,2021,-0.7818314824680299,0.6234898018587334,0.8494504794814806,0.527668345562516,0.8660254037844386,0.5000000000000001,3872.8,3481.1,3810.9,3590.100000000001,3785.285714285714,91.7499759958638,3738.5299999999997,84.93641495968551
2021-03-01,3894.1,0,0,1,3,1,60,9,2021,0.0,1.0,0.8584015232918917,0.512978386299228,1.0,6.123233995736766e-17,3769.3,3626.3,3809.2,3609.1,3823.542857142857,66.86700374982782,3741.36,88.703137603394
2021-03-02,3944.7000000000007,0,1,2,3,1,61,9,2021,0.7818314824680298,0.6234898018587336,0.8670985522812081,0.4981366284784055,1.0,6.123233995736766e-17,3894.1,3718.6,3702.7,3628.399999999999,3855.842857142857,62.16938842506035,3749.4266666666667,95.78704445307044
2021-03-03,3937.8000000000006,0,2,3,3,1,62,9,2021,0.9749279121818236,-0.22252093395631434,0.8755389928586302,0.4831474640149687,1.0,6.123233995736766e-17,3944.7000000000007,3787.2000000000007,3775.8000000000006,3635.599999999999,3877.3571428571427,60.491427964183174,3754.826666666667,101.70846414216447
2021-03-04,3956.4,0,3,4,3,1,63,9,2021,0.43388373911755823,-0.900968867902419,0.8837203473619977,0.4680153284438345,1.0,6.123233995736766e-17,3937.8000000000006,3836.099999999999,3808.8,3596.4,3894.5428571428574,63.8141274103616,3759.7466666666664,107.79710102086601
2021-03-05,4004.5,0,4,5,3,1,64,9,2021,-0.433883739117558,-0.9009688679024191,0.8916401947968874,0.45274469960737107,1.0,6.123233995736766e-17,3956.4,3886.7,3805.2,3435.3,3911.371428571429,75.80689753768209,3766.39,116.48596289562616
2021-03-06,3993.4,0,5,6,3,1,65,9,2021,-0.9749279121818236,-0.2225209339563146,0.8992961915530253,0.4373400963303323,1.0,6.123233995736766e-17,4004.5,3872.8,3737.1,3552.7000000000007,3928.6,79.20782789600294,3774.933333333334,123.45408006645447
2021-03-07,3846.3,0,6,7,3,1,66,9,2021,-0.7818314824680299,0.6234898018587334,0.9066860720977985,0.4218060770826634,1.0,6.123233995736766e-17,3993.4,3769.3,3753.3,3641.6,3939.600000000001,55.06523404111487,3778.0333333333333,124.05828533764534
2021-03-08,3973.000000000001,0,0,8,3,1,67,10,2021,0.0,1.0,0.9138076496466615,0.40614723863057883,1.0,6.123233995736766e-17,3846.3,3894.1,3741.2,3663.1,3950.871428571429,52.20005473453456,3785.76,128.81255453911962
2021-03-09,4057.6,0,1,9,3,1,68,10,2021,0.7818314824680298,0.6234898018587336,0.9206588168102428,0.3903682146763026,1.0,6.123233995736766e-17,3973.000000000001,3944.7000000000007,3616.3,3671.2,3967.0,65.67731724121033,3800.4700000000003,133.8908875115026
2021-03-10,4060.4,0,2,10,3,1,69,10,2021,0.9749279121818236,-0.22252093395631434,0.9272375462179537,0.374473674486883,1.0,6.123233995736766e-17,4057.6,3937.8000000000006,3736.0,3665.8,3984.514285714286,72.57723308247051,3811.2833333333333,141.3940082701874
2021-03-11,4047.600000000001,0,3,11,3,1,70,10,2021,0.43388373911755823,-0.900968867902419,0.9335418911179212,0.35846832151248087,1.0,6.123233995736766e-17,4060.4,3956.4,3791.3,3651.7999999999993,3997.542857142857,74.83973670770507,3819.826666666667,147.7453866094134
2021-03-12,3913.1,0,4,12,3,1,71,10,2021,-0.433883739117558,-0.9009688679024191,0.9395699859530622,0.342356891994542,1.0,6.123233995736766e-17,4047.600000000001,4004.5,3786.8,3567.9000000000005,3984.4857142857145,81.13228762484516,3824.036666666667,148.56900285454105
2021-03-13,3822.4,0,5,13,3,1,72,10,2021,-0.9749279121818236,-0.2225209339563146,0.945320046913132,0.3261441535642696,1.0,6.123233995736766e-17,3913.1,3993.4,3770.2,3695.7999999999993,3960.057142857143,101.25028159868081,3825.7766666666666,148.22201121693305
2021-03-14,3808.6,0,6,14,3,1,73,10,2021,-0.7818314824680299,0.6234898018587334,0.9507903724625832,0.3098349038318025,1.0,6.123233995736766e-17,3822.4,3846.3,3782.8,3741.9,3954.671428571429,109.0147194080768,3826.6366666666668,148.0387914757697
2021-03-15,3974.5,0,0,15,3,1,74,11,2021,0.0,1.0,0.9559793438440766,0.2934339689665273,1.0,6.123233995736766e-17,3808.6,3973.000000000001,3754.8,3753.099999999999,3954.8857142857146,109.0582173057465,3833.96,149.78641713659465
2021-03-16,4054.8000000000006,0,1,16,3,1,75,11,2021,0.7818314824680298,0.6234898018587336,0.9608854255574977,0.27694620226893646,1.0,6.123233995736766e-17,3974.5,4057.6,3644.3,3718.4,3954.4857142857145,108.6229630199839,3847.643333333334,150.6108863659972
2021-03-17,4095.7,0,2,17,3,1,76,11,2021,0.9749279121818236,-0.22252093395631434,0.9655071658143364,0.2603764827344581,1.0,6.123233995736766e-17,4054.8000000000006,4060.4,3752.7,3595.8,3959.5285714285715,114.99225646808443,3859.076666666667,156.07489069592344
2021-03-18,4085.999999999999,0,3,18,3,1,77,11,2021,0.43388373911755823,-0.900968867902419,0.969843196967294,0.24372971360968387,1.0,6.123233995736766e-17,4095.7,4047.600000000001,3745.1,3605.8,3965.014285714286,120.66973424147142,3870.4400000000005,159.85462490477283
2021-03-19,4040.9,0,4,19,3,1,78,11,2021,-0.433883739117558,-0.9009688679024191,0.9738922359149924,0.22701082094141847,1.0,6.123233995736766e-17,4085.999999999999,3913.1,3713.400000000001,3506.299999999999,3983.2714285714283,121.17301286846649,3881.3566666666666,159.94302581151985
2021-03-20,4029.0,0,5,20,3,1,79,11,2021,-0.9749279121818236,-0.2225209339563146,0.9776530844816641,0.2102247521189836,1.0,6.123233995736766e-17,4040.9,3822.4,3695.1,3613.0,4012.785714285714,98.49807829888759,3892.4866666666667,158.14245811125065
2021-03-21,3901.4,0,6,21,3,1,80,11,2021,-0.7818314824680299,0.6234898018587334,0.981124629771712,0.19337647441020586,1.0,6.123233995736766e-17,4029.0,3808.6,3642.4,3618.9,4026.042857142857,67.94107390829058,3901.12,150.9238387513573
2021-03-22,3873.5625,1,0,22,3,1,81,12,2021,0.0,1.0,0.984305844499033,0.17647097349152166,1.0,6.123233995736766e-17,3901.4,3974.5,3613.2999999999993,3628.8,4011.6232142857143,88.34972895067149,3909.795416666667,140.96017116314695
2021-03-23,3845.725,1,1,23,3,1,82,12,2021,0.7818314824680298,0.6234898018587336,0.9871957872910085,0.15951325197263655,1.0,6.123233995736766e-17,3873.5625,4054.8000000000006,3481.1,3630.2999999999993,3981.755357142857,105.07727956157804,3921.9495833333335,116.28100191375995
2021-03-24,3817.8875,1,2,24,3,1,83,12,2021,0.9749279121818236,-0.22252093395631434,0.9897936029670716,0.14250832791617088,1.0,6.123233995736766e-17,3845.725,4095.7,3626.3,3679.7,3942.067857142857,107.30875815093368,3928.335833333333,104.10763431653784
2021-03-26,3762.2125,1,4,26,3,1,85,12,2021,-0.433883739117558,-0.9009688679024191,0.9941098647022418,0.10837701279187609,1.0,6.123233995736766e-17,3817.8875,4085.999999999999,3718.6,3584.0000000000005,3895.8125,104.67855459295215,3929.7895833333337,101.34577659717795
2021-03-27,3734.375,1,5,27,3,1,86,12,2021,-0.9749279121818236,-0.2225209339563146,0.9958270335100595,0.09126072172931188,1.0,6.123233995736766e-17,3762.2125,4040.9,3787.2000000000007,3374.5000000000005,3852.0232142857144,97.75374817745518,3928.02875,104.32377992408215
2021-03-28,3706.5375,1,6,28,3,1,87,12,2021,-0.7818314824680299,0.6234898018587334,0.9972495210773451,0.07411742515094437,1.0,6.123233995736766e-17,3734.375,4029.0,3836.099999999999,3561.3000000000006,3805.957142857143,73.40016066953132,3923.71,110.74481561383485
2021-03-29,3678.7,0,0,29,3,1,88,13,2021,0.0,1.0,0.998376906467142,0.056952196034039754,1.0,6.123233995736766e-17,3706.5375,3901.4,3886.7,3631.7,3774.1428571428573,73.40016066953258,3916.7766666666666,119.32078439082237
2021-03-30,3828.8,0,1,30,3,1,89,13,2021,0.7818314824680298,0.6234898018587336,0.9992088560679753,0.03977011384605572,1.0,6.123233995736766e-17,3678.7,3873.5625,3872.8,3587.0000000000005,3767.7482142857143,64.73329797001804,3915.31,120.14753163405422
2021-03-31,3994.000000000001,0,2,31,3,1,90,13,2021,0.9749279121818236,-0.22252093395631434,0.9997451236925734,0.022576263041545485,1.0,6.123233995736766e-17,3828.8,3845.725,3769.3,3529.000000000001,3788.9303571428572,105.76003371853898,3922.8,117.71058083500691
2021-04-01,3994.2,0,3,1,4,2,91,13,2021,0.43388373911755823,-0.900968867902419,0.9999855506507186,0.005375731557583884,0.8660254037844387,-0.4999999999999998,3994.000000000001,3817.8875,3894.1,3387.9,3814.1178571428572,131.6354482750106,3926.1366666666668,118.28631454369857
2021-04-02,4045.6,0,4,2,4,2,92,13,2021,-0.433883739117558,-0.9009688679024191,0.9999300657962057,-0.011826390691832589,0.8660254037844387,-0.4999999999999998,3994.2,3762.2125,3944.7000000000007,3409.4999999999995,3854.6017857142856,154.5879062264939,3929.5,120.25052073511546
2021-04-03,4083.6,0,5,3,4,2,93,13,2021,-0.9749279121818236,-0.2225209339563146,0.9995786855478958,-0.029025013321975237,0.8660254037844387,-0.4999999999999998,4045.6,3734.375,3937.8000000000006,3345.6000000000004,3904.4910714285716,165.3015632353141,3934.36,123.49993387893342
2021-04-04,3949.400000000001,0,6,4,4,2,94,13,2021,-0.7818314824680299,0.6234898018587334,0.9989315138848577,-0.046215046983708354,0.8660254037844387,-0.4999999999999998,4083.6,3706.5375,3956.4,3379.4999999999995,3939.1857142857148,140.44738550518016,3934.1266666666666,123.46346423713479
2021-04-05,4066.6,0,0,5,4,2,95,14,2021,0.0,1.0,0.9979887423155984,-0.06339140486951038,0.8660254037844387,-0.4999999999999998,3949.400000000001,3678.7,4004.5,3081.1,3994.6,86.83240562525495,3936.196666666667,125.1925157564711
2021-04-06,4060.2,0,1,6,4,2,96,14,2021,0.7818314824680298,0.6234898018587336,0.9967506498213929,-0.08054900421874167,0.8660254037844387,-0.4999999999999998,4066.6,3828.8,3993.4,3213.1000000000004,4027.6571428571433,48.995743255355805,3938.423333333333,126.82837684780193
2021-04-07,4114.8,0,2,7,4,2,97,14,2021,0.9749279121818236,-0.22252093395631434,0.9952176027737294,-0.09768276782171598,0.8660254037844387,-0.4999999999999998,4060.2,3994.000000000001,3846.3,3387.6000000000004,4044.914285714286,55.9462667378847,3947.373333333334,129.54783739548913
2021-04-08,4156.0,0,3,8,4,2,98,14,2021,0.43388373911755823,-0.900968867902419,0.9933900548258936,-0.11478762552212701,0.8660254037844387,-0.4999999999999998,4114.8,3994.2,3973.000000000001,3434.5000000000005,4068.0285714285715,64.30152186602834,3953.473333333334,134.99025291014408
2021-04-09,4117.5,0,4,9,4,2,99,14,2021,-0.433883739117558,-0.9009688679024191,0.9912685467787256,-0.13185851571739118,0.8660254037844387,-0.4999999999999998,4156.0,4045.6,4057.6,3413.0,4078.3,65.84575410256048,3955.4700000000003,137.0113847994126
2021-04-10,4080.7,0,5,10,4,2,100,14,2021,-0.9749279121818236,-0.2225209339563146,0.9888537064205885,-0.1488903868564548,0.8660254037844387,-0.4999999999999998,4117.5,4083.6,4060.4,3312.3000000000006,4077.8857142857146,65.81596636510747,3956.146666666667,137.59635859275508
2021-04-11,3939.7,0,6,11,4,2,101,14,2021,-0.7818314824680299,0.6234898018587334,0.986146248341595,-0.16587819893463143,0.8660254037844387,-0.4999999999999998,4080.7,3949.400000000001,4047.600000000001,3494.7,4076.5,68.99724632187568,3952.55,136.52948139061627
2021-04-12,4040.5,0,0,12,4,2,102,15,2021,0.0,1.0,0.9831469737221499,-0.1828169249850199,0.8660254037844387,-0.4999999999999998,3939.7,4066.6,3913.1,3586.6000000000004,4072.7714285714287,70.31405061783406,3956.7966666666666,137.23960346800413
2021-04-13,4041.9,0,1,13,4,2,103,15,2021,0.7818314824680298,0.6234898018587336,0.9798567700958665,-0.1997015525660636,0.8660254037844387,-0.4999999999999998,4040.5,4060.2,3822.4,3601.1,4070.157142857143,71.19405071453998,3964.1133333333337,135.6695604110369
2021-04-14,3953.0,0,2,14,4,2,104,15,2021,0.9749279121818236,-0.22252093395631434,0.9762766110869321,-0.21652708524481437,0.8660254037844387,-0.4999999999999998,4041.9,4114.8,3808.6,3589.8,4047.042857142857,80.0046635545578,3968.9266666666667,132.4861376016629
2021-04-15,3915.5,0,3,15,4,2,105,15,2021,0.43388373911755823,-0.900968867902419,0.9724075561219968,-0.23328854407545518,0.8660254037844387,-0.4999999999999998,3953.0,4156.0,3974.5,3565.3,4012.6857142857143,76.99940321353236,3966.96,132.8379926406247
2021-04-16,3937.8,0,4,16,4,2,106,15,2021,-0.433883739117558,-0.9009688679024191,0.9682507501166718,-0.2499809690726521,0.8660254037844387,-0.4999999999999998,3915.5,4117.5,4054.8000000000006,3491.2,3987.0142857142855,65.29692255566354,3963.0599999999995,131.88424605598718
2021-04-17,3876.599999999999,0,5,17,4,2,107,15,2021,-0.9749279121818236,-0.2225209339563146,0.9638074231367307,-0.26659942067929354,0.8660254037844387,-0.4999999999999998,3937.8,4080.7,4095.7,3300.5,3957.8571428571427,61.975071793520144,3955.7566666666667,130.3433103506216
2021-04-18,3831.4,0,6,18,4,2,108,15,2021,-0.7818314824680299,0.6234898018587334,0.9590788900341131,-0.28313898122818354,0.8660254037844387,-0.4999999999999998,3876.599999999999,3939.7,4085.999999999999,3109.8,3942.3857142857146,78.56168337835332,3947.2699999999995,129.85834820732728
2021-04-19,3984.999999999999,0,0,19,4,2,109,16,2021,0.0,1.0,0.9540665500578387,-0.2995947563972602,0.8660254037844387,-0.4999999999999998,3831.4,4040.5,4040.9,2970.9,3934.4571428571426,69.25936415974448,3945.4066666666668,128.86578731131604
2021-04-20,3986.8,0,1,20,4,2,110,16,2021,0.7818314824680298,0.6234898018587336,0.9487718864399473,-0.31596187665790293,0.8660254037844387,-0.4999999999999998,3984.999999999999,4041.9,4029.0,2773.3,3926.585714285714,57.071955418057264,3944.0,128.1501738095244
2021-04-21,3904.900000000001,0,2,21,4,2,111,16,2021,0.9749279121818236,-0.22252093395631434,0.9431964659565866,-0.33223549871590435,0.8660254037844387,-0.4999999999999998,3986.8,3953.0,3901.4,2649.3,3919.714285714286,56.25135342289477,3944.116666666667,128.1116412435808
2021-04-22,3818.4,0,3,22,4,2,112,16,2021,0.43388373911755823,-0.900968867902419,0.9373419384643772,-0.3484108069446808,0.8660254037844387,-0.4999999999999998,3904.900000000001,3915.5,3873.5625,2589.0000000000005,3905.842857142857,68.17281611570392,3942.277916666667,129.54702858467903
2021-04-23,3804.8,0,4,23,4,2,113,16,2021,-0.433883739117558,-0.9009688679024191,0.9312100364121947,-0.3644830148102912,0.8660254037844387,-0.4999999999999998,3818.4,3937.8,3845.725,2625.0,3886.842857142857,75.87994590456034,3940.91375,130.80815501992734
2021-04-24,3833.9,0,5,24,4,2,114,16,2021,-0.9749279121818236,-0.2225209339563146,0.9248025743285089,-0.38044736628785164,0.8660254037844387,-0.4999999999999998,3804.8,3876.599999999999,3817.8875,2635.8,3880.7428571428577,78.51131250004062,3941.4475,130.32060823611894
2021-04-25,3744.9,0,6,25,4,2,115,16,2021,-0.7818314824680299,0.6234898018587334,0.9181214482844365,-0.39629913726891813,0.8660254037844387,-0.4999999999999998,3833.9,3831.4,3762.2125,2661.1,3868.3857142857146,93.03568183896441,3940.8704166666666,131.17717825796942
2021-04-26,3913.3,0,0,26,4,2,116,17,2021,0.0,1.0,0.9111686353326631,-0.41203363695942635,0.8660254037844387,-0.4999999999999998,3744.9,3984.999999999999,3734.375,2701.7000000000007,3858.1428571428573,81.25865814676332,3946.834583333333,125.40537620136487
2021-04-27,3964.599999999999,0,1,27,4,2,117,17,2021,0.7818314824680298,0.6234898018587336,0.9039461929224011,-0.42764620926777464,0.8660254037844387,-0.4999999999999998,3913.3,3986.8,3706.5375,2727.6,3854.971428571429,75.63935735419344,3955.436666666667,116.91756448478989
2021-04-28,4007.6,0,2,28,4,2,118,17,2021,0.9749279121818236,-0.22252093395631434,0.8964562582905575,-0.44313223418263453,0.8660254037844387,-0.4999999999999998,3964.599999999999,3904.900000000001,3678.7,2784.2,3869.6428571428573,94.53723882054325,3966.4,104.87328643126473
2021-04-29,4015.6,0,3,29,4,2,119,17,2021,0.43388373911755823,-0.900968867902419,0.8887010478292915,-0.45848712914008766,0.8660254037844387,-0.4999999999999998,4007.6,3818.4,3828.8,2791.2000000000003,3897.8142857142852,105.47194616851539,3972.6266666666666,101.92585517924556
2021-04-30,3950.7999999999993,0,4,30,4,2,120,17,2021,-0.433883739117558,-0.9009688679024191,0.8806828564301475,-0.47370635037968,0.8660254037844387,-0.4999999999999998,4015.6,3804.8,3994.000000000001,2787.600000000001,3918.6714285714284,98.19765296391627,3971.186666666667,101.91864481495567
2021-05-01,3774.4,0,5,1,5,2,121,17,2021,-0.9749279121818236,-0.2225209339563146,0.8724040568049612,-0.48878539428899265,0.49999999999999994,-0.8660254037844387,3950.7999999999993,3833.9,3994.2,2748.9000000000005,3910.1714285714284,108.76501757284723,3963.8599999999997,107.93035302196418
2021-05-02,3681.3,0,6,2,5,2,122,17,2021,-0.7818314824680299,0.6234898018587334,0.8638670987837349,-0.503719798736334,0.49999999999999994,-0.8660254037844387,3774.4,3744.9,4045.6,2753.4,3901.085714285714,126.14053576034748,3951.7166666666667,118.40240876897886
2021-05-03,3742.1,0,0,3,5,2,123,18,2021,0.0,1.0,0.8550745085896932,-0.518505144391157,0.49999999999999994,-0.8660254037844387,3681.3,3913.3,4083.6,2723.0,3876.628571428572,139.2891562456384,3940.3333333333335,121.65713645558245
2021-05-04,3776.4,0,1,4,5,2,124,18,2021,0.7818314824680298,0.6234898018587336,0.8460288880917339,-0.533137056031809,0.49999999999999994,-0.8660254037844387,3742.1,3964.599999999999,3949.400000000001,2712.1,3849.7428571428572,137.6321892720321,3934.5666666666666,125.25940073009232
2021-05-05,3784.1,0,2,5,5,2,125,18,2021,0.9749279121818236,-0.22252093395631434,0.8367329140344921,-0.5476112038402312,0.49999999999999994,-0.8660254037844387,3776.4,4007.6,4066.6,2691.6,3817.8142857142852,119.65909115165951,3925.15,125.60952289287938
2021-05-06,3760.6,0,3,6,5,2,126,18,2021,0.43388373911755823,-0.900968867902419,0.8271893372462497,-0.5619233046832195,0.49999999999999994,-0.8660254037844387,3784.1,4015.6,4060.2,2713.9000000000005,3781.3857142857146,82.43663078535732,3915.163333333333,126.40943461987723
2021-05-07,3702.999999999999,0,4,7,5,2,127,18,2021,-0.433883739117558,-0.9009688679024191,0.8174009818249189,-0.5760691233798758,0.49999999999999994,-0.8660254037844387,3760.6,3950.7999999999993,4114.8,2797.2,3745.9857142857145,39.6774255117632,3901.4366666666665,126.34201660934897
2021-05-08,3769.2,0,5,8,5,2,128,18,2021,-0.9749279121818236,-0.2225209339563146,0.8073707443023492,-0.5900444739548627,0.49999999999999994,-0.8660254037844387,3702.999999999999,3774.4,4156.0,2815.7000000000003,3745.242857142857,39.101272662318124,3888.543333333333,118.99054637421511
2021-05-09,3631.3,0,6,9,5,2,129,18,2021,-0.7818314824680299,0.6234898018587334,0.7971015927871943,-0.6038452208771035,0.49999999999999994,-0.8660254037844387,3769.2,3681.3,4117.5,2909.4000000000005,3738.1,54.33016350674922,3872.3366666666666,119.83854794977313
2021-05-10,3677.2000000000007,0,0,10,5,2,130,19,2021,0.0,1.0,0.7865965660866021,-0.6174672802835514,0.49999999999999994,-0.8660254037844387,3631.3,3742.1,4080.7,2972.4,3728.828571428571,58.880803727721805,3858.8866666666663,118.27976984260833
2021-05-11,3668.4,0,1,11,5,2,131,19,2021,0.7818314824680298,0.6234898018587336,0.7758587728069828,-0.6309066211876704,0.49999999999999994,-0.8660254037844387,3677.2000000000007,3776.4,3939.7,2935.3,3713.4,58.48643717424431,3849.8433333333332,122.19457825132992
2021-05-12,3582.7,0,2,12,5,2,132,19,2021,0.9749279121818236,-0.22252093395631434,0.7648913904341226,-0.6441592666722685,0.49999999999999994,-0.8660254037844387,3668.4,3784.1,4040.5,2965.1,3684.628571428571,66.84984952081787,3834.5833333333335,126.08747670409849
2021-05-13,3501.8,0,3,13,5,2,133,19,2021,0.43388373911755823,-0.900968867902419,0.753697664392914,-0.6572212950663319,0.49999999999999994,-0.8660254037844387,3582.7,3760.6,4041.9,2982.0,3647.657142857143,86.50610493184836,3816.58,133.78887743058198
2021-05-14,3566.6,0,4,14,5,2,134,19,2021,-0.433883739117558,-0.9009688679024191,0.742280907086982,-0.6700888411055113,0.49999999999999994,-0.8660254037844387,3501.8,3702.999999999999,3953.0,2905.5,3628.171428571429,87.32068701605742,3803.6999999999994,138.7117079810923
2021-05-15,3560.7000000000003,0,5,15,5,2,135,19,2021,-0.9749279121818236,-0.2225209339563146,0.7306444969184916,-0.6827580970759147,0.49999999999999994,-0.8660254037844387,3566.6,3769.2,3915.5,2858.6,3598.385714285715,63.51171620450929,3791.8733333333334,143.87984194993248
2021-05-16,3416.2000000000003,0,6,16,5,2,136,19,2021,-0.7818314824680299,0.6234898018587334,0.7187918772884232,-0.6952253139408722,0.49999999999999994,-0.8660254037844387,3560.7000000000003,3631.3,3937.8,2860.8,3567.657142857143,91.01373261114881,3774.4866666666667,156.5916977878752
2021-05-17,3450.4,0,0,17,5,2,137,20,2021,0.0,1.0,0.7067265555776158,-0.7074868024503348,0.49999999999999994,-0.8660254037844387,3416.2000000000003,3677.2000000000007,3876.599999999999,2785.6,3535.2571428571428,85.73435439667007,3760.2799999999997,166.0554527238043
2021-05-18,3295.6,0,1,18,5,2,138,20,2021,0.7818314824680298,0.6234898018587336,0.6944521021088763,-0.719538934232584,0.49999999999999994,-0.8660254037844387,3450.4,3668.4,3831.4,2896.5,3482.0,103.24448330704122,3742.42,185.7842694057221
2021-05-19,3145.0999999999995,0,2,19,5,2,139,20,2021,0.9749279121818236,-0.22252093395631434,0.6819721490904629,-0.7313781428679254,0.49999999999999994,-0.8660254037844387,3295.6,3582.7,3984.999999999999,2916.600000000001,3419.4857142857145,152.73146836384575,3714.423333333333,209.71160605136023
2021-05-20,3180.0,0,3,20,5,2,140,20,2021,0.43388373911755823,-0.900968867902419,0.6692903895412567,-0.7430009249440493,0.49999999999999994,-0.8660254037844387,3145.0999999999995,3501.8,3986.8,2914.7000000000003,3373.514285714286,171.14592631799144,3687.5299999999997,224.76896053656256
2021-05-21,3274.6,0,4,21,5,2,141,20,2021,-0.433883739117558,-0.9009688679024191,0.6564105761979381,-0.7544038410927472,0.49999999999999994,-0.8660254037844387,3180.0,3566.6,3904.900000000001,2893.1000000000004,3331.7999999999997,150.59157789643763,3666.52,233.0554431593564
2021-05-22,3359.6000000000004,0,5,22,5,2,142,20,2021,-0.9749279121818236,-0.2225209339563146,0.6433365204044917,-0.765583517007675,0.49999999999999994,-0.8660254037844387,3274.6,3560.7000000000003,3818.4,2739.8,3303.0714285714284,114.50418790430639,3651.226666666667,237.75140005872123
2021-05-23,3373.4000000000005,0,6,23,5,2,143,20,2021,-0.7818314824680299,0.6234898018587334,0.6300720909843687,-0.7765366444428655,0.49999999999999994,-0.8660254037844387,3359.6000000000004,3416.2000000000003,3804.8,2736.4999999999995,3296.957142857143,108.43861331254911,3636.8466666666664,241.1642361163989
2021-05-24,3496.3,0,0,24,5,2,144,21,2021,0.0,1.0,0.6166212130956382,-0.7872599821916922,0.49999999999999994,-0.8660254037844387,3373.4000000000005,3450.4,3833.9,2831.3,3303.5142857142855,120.0315851289863,3625.5933333333332,239.5232116508486
2021-05-25,3497.4,0,1,25,5,2,145,21,2021,0.7818314824680298,0.6234898018587336,0.6029878670694714,-0.7977503570459932,0.49999999999999994,-0.8660254037844387,3496.3,3295.6,3744.9,2857.9999999999995,3332.342857142857,140.33110675760736,3617.343333333333,239.5345539587699
2021-05-26,3469.9,0,2,26,5,2,146,21,2021,0.9749279121818236,-0.22252093395631434,0.5891760872322963,-0.8080046647350754,0.49999999999999994,-0.8660254037844387,3497.4,3145.0999999999995,3913.3,2951.7000000000003,3378.7428571428572,120.38014588716304,3602.5633333333335,234.26502893433778
2021-05-27,3501.2,0,3,27,5,2,147,21,2021,0.43388373911755823,-0.900968867902419,0.5751899607119775,-0.8180198708443175,0.49999999999999994,-0.8660254037844387,3469.9,3180.0,3964.599999999999,2924.4999999999995,3424.628571428572,89.16914104268663,3587.116666666667,224.65061007972432
2021-05-28,3627.099999999999,0,4,28,5,2,148,21,2021,-0.433883739117558,-0.9009688679024191,0.5610336262283677,-0.8277930117131022,0.49999999999999994,-0.8660254037844387,3501.2,3274.6,4007.6,2993.1,3474.9857142857145,89.8536111048181,3574.4333333333334,210.3802326713408
2021-05-29,3724.1,0,5,29,5,2,149,21,2021,-0.9749279121818236,-0.2225209339563146,0.5467112728685939,-0.8373211953118121,0.49999999999999994,-0.8660254037844387,3627.099999999999,3359.6000000000004,4015.6,2957.6,3527.057142857143,114.16804656797382,3564.7166666666667,195.5077475902502
2021-05-30,3604.9,0,6,30,5,2,150,21,2021,-0.7818314824680299,0.6234898018587334,0.5322271388474397,-0.8466016020976267,0.49999999999999994,-0.8660254037844387,3724.1,3373.4000000000005,3950.7999999999993,2996.8,3560.128571428572,93.98494053635979,3553.1866666666665,181.66293481350115
2021-05-31,3748.1,0,0,31,5,2,151,22,2021,0.0,1.0,0.5175855102531889,-0.8556314858488706,0.49999999999999994,-0.8660254037844387,3604.9,3496.3,3774.4,3046.6000000000004,3596.0999999999995,111.9528025553798,3552.31,180.61905491945444
2021-06-01,3530.7,0,1,1,6,2,152,22,2021,0.7818314824680298,0.6234898018587336,0.5027907197793043,-0.8644081744776648,1.2246467991473532e-16,-1.0,3748.1,3497.4,3681.3,3046.1000000000004,3600.8571428571427,107.68599192627931,3547.29,178.99591663613634
2021-06-02,3624.8,0,2,2,6,2,153,22,2021,0.9749279121818236,-0.22252093395631434,0.4878471454423119,-0.8729290708206411,1.2246467991473532e-16,-1.0,3530.7,3469.9,3742.1,3066.9999999999995,3622.985714285714,90.89683581901241,3543.3799999999997,175.8471934614617
2021-06-03,3624.3,0,3,3,6,2,154,22,2021,0.43388373911755823,-0.900968867902419,0.47275920928627757,-0.881191653407483,1.2246467991473532e-16,-1.0,3624.8,3501.2,3776.4,3189.7000000000003,3640.571428571428,73.68692136977923,3538.31,171.02363286983723
2021-06-04,3672.2,0,4,4,6,2,155,22,2021,-0.433883739117558,-0.9009688679024191,0.4575313760742512,-0.8891934772070711,1.2246467991473532e-16,-1.0,3624.3,3627.099999999999,3784.1,3282.7,3647.0142857142855,74.28199487028043,3534.58,166.64227927322696
2021-06-05,3590.7,0,5,5,6,2,156,22,2021,-0.9749279121818236,-0.2225209339563146,0.44216815196707204,-0.8969321743510065,1.2246467991473532e-16,-1.0,3672.2,3724.1,3760.6,3066.9,3627.957142857143,68.0609495757043,3528.9166666666665,161.50392774839182
2021-06-06,3778.9,0,6,6,6,2,157,22,2021,-0.7818314824680299,0.6234898018587334,0.42667408318992467,-0.9044054548343001,1.2246467991473532e-16,-1.0,3590.7,3604.9,3702.999999999999,3061.1,3652.8142857142852,87.29330689448656,3531.446666666667,164.8841468578903
2021-06-07,3778.9,0,0,7,6,2,158,23,2021,0.0,1.0,0.4110537546870351,-0.9116111071930239,1.2246467991473532e-16,-1.0,3778.9,3748.1,3769.2,3243.5,3657.214285714286,93.45538023699686,3531.77,165.3752309144174
2021-06-08,3900.1,0,1,8,6,2,159,23,2021,0.7818314824680298,0.6234898018587336,0.3953117887649151,-0.9185469991587165,1.2246467991473532e-16,-1.0,3778.9,3530.7,3631.3,3309.1,3709.985714285714,112.4702098123825,3540.7300000000005,177.77090671946002
2021-06-09,3929.8,0,2,9,6,2,160,23,2021,0.9749279121818236,-0.22252093395631434,0.37945284372454435,-0.925211078289358,1.2246467991473532e-16,-1.0,3900.1,3624.8,3677.2000000000007,3316.0,3753.557142857143,131.44689494422914,3549.15,190.0178644051668
2021-06-10,3901.3,0,3,10,6,2,161,23,2021,0.43388373911755823,-0.900968867902419,0.36348161248290634,-0.9316013725767187,1.2246467991473532e-16,-1.0,3929.8,3624.3,3668.4,3368.9,3793.128571428572,127.6903639575903,3556.913333333333,199.57522604414518
2021-06-11,3810.0,0,4,11,6,2,162,23,2021,-0.433883739117558,-0.9009688679024191,0.3474028211842774,-0.9377159910299093,1.2246467991473532e-16,-1.0,3901.3,3672.2,3582.7,3405.6,3812.8142857142857,116.02960008222388,3564.49,204.83328687933036
2021-06-12,3766.4,0,5,12,6,2,163,23,2021,-0.9749279121818236,-0.2225209339563146,0.3312212278016865,-0.9435531242349544,1.2246467991473532e-16,-1.0,3810.0,3590.7,3501.8,3344.7,3837.914285714286,69.7455716293682,3573.31,207.7172669760436
2021-06-13,3582.600000000001,0,6,13,6,2,164,23,2021,-0.7818314824680299,0.6234898018587334,0.31494162072895193,-0.9491110448902284,1.2246467991473532e-16,-1.0,3766.4,3778.9,3566.6,3391.9,3809.871428571429,119.29274515921622,3573.8433333333332,207.71998506498903
2021-06-14,3617.5375000000004,1,0,14,6,2,165,24,2021,0.0,1.0,0.2985688173637202,-0.9543881083175908,1.2246467991473532e-16,-1.0,3582.600000000001,3778.9,3560.7000000000003,3401.2999999999997,3786.819642857143,140.05830405309408,3575.7379166666665,207.8551321835304
2021-06-15,3652.4750000000004,1,1,15,6,2,166,24,2021,0.7818314824680298,0.6234898018587336,0.2821076626819194,-0.9593827529490743,1.2246467991473532e-16,-1.0,3617.5375000000004,3900.1,3416.2000000000003,3371.2000000000003,3751.444642857143,137.93372839904842,3583.61375,206.0703172470996
2021-06-16,3687.4125000000004,1,2,16,6,2,167,24,2021,0.9749279121818236,-0.22252093395631434,0.26556302780405594,-0.9640935007889755,1.2246467991473532e-16,-1.0,3652.4750000000004,3929.8,3450.4,3419.3,3716.8178571428575,114.0545647598667,3591.514166666667,205.3290104691174
2021-06-18,3757.2874999999995,1,4,18,6,2,169,24,2021,-0.433883739117558,-0.9009688679024191,0.23224292400907015,-0.9726578145718654,1.2246467991473532e-16,-1.0,3687.4125000000004,3901.3,3295.6,3565.1,3696.244642857143,84.35242872701436,3606.90375,199.607416369525
2021-06-19,3792.2249999999995,1,5,19,6,2,170,24,2021,-0.9749279121818236,-0.2225209339563146,0.21547731504673012,-0.976508846196619,1.2246467991473532e-16,-1.0,3757.2874999999995,3810.0,3145.0999999999995,3651.1,3693.7053571428573,80.53860903098612,3628.4745833333336,182.18716561106916
2021-06-20,3827.1624999999995,1,6,20,6,2,171,24,2021,-0.7818314824680299,0.6234898018587334,0.19864794288017112,-0.9800709131432666,1.2246467991473532e-16,-1.0,3792.2249999999995,3766.4,3180.0,3674.8,3702.3857142857137,92.12099194939884,3650.046666666667,164.73170758597942
2021-06-21,3862.099999999999,0,0,21,6,2,172,25,2021,0.0,1.0,0.18175978759137534,-0.9833429613388902,1.2246467991473532e-16,-1.0,3827.1624999999995,3582.600000000001,3274.6,3735.8,3742.3142857142852,92.12099194939783,3669.6299999999997,153.06756873725806
2021-06-22,4042.900000000001,0,1,22,6,2,173,25,2021,0.7818314824680298,0.6234898018587336,0.16481784665719793,-0.9863240225317866,1.2246467991473532e-16,-1.0,3862.099999999999,3617.5375000000004,3359.6000000000004,3771.6,3803.0803571428564,129.00425074900554,3692.4066666666668,156.15082596550704
2021-06-23,4111.6,0,2,23,6,2,174,25,2021,0.9749279121818236,-0.22252093395631434,0.14782713347053048,-0.9890132145779883,1.2246467991473532e-16,-1.0,4042.900000000001,3652.4750000000004,3373.4000000000005,3705.2999999999993,3868.6696428571427,153.97039536486236,3717.0133333333333,162.19427357568668
2021-06-24,4041.500000000001,0,3,24,6,2,175,25,2021,0.43388373911755823,-0.900968867902419,0.13079267585675922,-0.9914097417023038,1.2246467991473532e-16,-1.0,4111.6,3687.4125000000004,3496.3,3541.4000000000005,3919.253571428571,142.21248163588893,3735.186666666667,167.08160395670373
2021-06-25,4071.8,0,4,25,6,2,176,25,2021,-0.433883739117558,-0.9009688679024191,0.11371951458594969,-0.9935128947338007,1.2246467991473532e-16,-1.0,4041.500000000001,3757.2874999999995,3497.4,3483.6000000000004,3964.183928571428,131.81589763961622,3754.3333333333335,171.73955833757773
2021-06-26,4044.1,0,5,26,6,2,177,25,2021,-0.9749279121818236,-0.2225209339563146,0.0966127018812031,-0.9953220513156602,1.2246467991473532e-16,-1.0,4071.8,3792.2249999999995,3469.9,3306.0,4000.1660714285717,109.54929510516054,3773.4733333333334,170.9418143637956
2021-06-27,3920.7000000000007,0,6,27,6,2,178,25,2021,-0.7818314824680299,0.6234898018587334,0.07947729992362097,-0.9968366760893436,1.2246467991473532e-16,-1.0,4044.1,3827.1624999999995,3501.2,3193.1000000000004,4013.528571428572,88.63879350649705,3787.4566666666665,164.95442714858385
2021-06-28,4129.5,0,0,28,6,2,179,26,2021,0.0,1.0,0.062318379354325076,-0.998056320853012,1.2246467991473532e-16,-1.0,3920.7000000000007,3862.099999999999,3627.099999999999,3246.4,4051.728571428572,67.63270200837623,3804.2033333333334,173.39955693790668
2021-06-29,4297.200000000001,0,1,29,6,2,180,26,2021,0.7818314824680298,0.6234898018587336,0.04514101777397193,-0.9989806246941579,1.2246467991473532e-16,-1.0,4129.5,4042.900000000001,3724.1,3255.8,4088.0571428571434,114.29859808331331,3823.306666666667,194.54950908237595
2021-06-30,4380.500000000001,0,2,30,6,2,181,26,2021,0.9749279121818236,-0.22252093395631434,0.02795029824021032,-0.999609314096404,1.2246467991473532e-16,-1.0,4297.200000000001,4111.6,3604.9,3205.5,4126.471428571429,159.69970480338026,3849.1600000000008,214.985719363335
2021-07-01,4318.300000000001,0,3,1,7,3,182,26,2021,0.43388373911755823,-0.900968867902419,0.01075130776352193,-0.9999422030204416,-0.4999999999999997,-0.8660254037844388,4380.500000000001,4041.500000000001,3748.1,3179.4,4166.014285714286,169.14321770392974,3868.1666666666665,230.39610127819813
2021-07-02,4283.8,0,4,2,7,3,183,26,2021,-0.433883739117558,-0.9009688679024191,-0.00645086419810515,-0.9999791929590823,-0.4999999999999997,-0.8660254037844388,4318.300000000001,4071.8,3530.7,3164.4,4196.3,168.44046425963282,3893.27,233.3674427973128
2021-07-03,4216.1,0,5,3,7,3,184,26,2021,-0.9749279121818236,-0.2225209339563146,-0.023651127245231586,-0.9997202729664083,-0.4999999999999997,-0.8660254037844388,4283.8,4044.1,3624.8,3247.5000000000005,4220.8714285714295,154.50677131101014,3912.9800000000005,234.87627574849125
2021-07-04,4187.6,0,6,4,7,3,185,26,2021,-0.7818314824680299,0.6234898018587334,-0.04084439154329611,-0.9991655196610109,-0.4999999999999997,-0.8660254037844388,4216.1,3920.7000000000007,3624.3,3264.627272727273,4259.000000000001,85.69484620831489,3931.756666666667,233.51454123234524
2021-07-05,4332.300000000001,0,0,5,7,3,186,27,2021,0.0,1.0,-0.05802556932878035,-0.9983150972033183,-0.4999999999999997,-0.8660254037844388,4187.6,4129.5,3672.2,3281.7545454545457,4287.971428571429,66.81925157431925,3953.76,239.2432816319682
2021-07-06,4465.4,0,1,6,7,3,187,27,2021,0.7818314824680298,0.6234898018587336,-0.07518957641475855,-0.9971692572470178,-0.4999999999999997,-0.8660254037844388,4332.300000000001,4297.200000000001,3590.7,3298.8818181818187,4312.000000000001,94.99385945066574,3982.916666666667,246.65644654483557
2021-07-07,4503.8,0,2,7,7,3,188,27,2021,0.9749279121818236,-0.22252093395631434,-0.09233133369539122,-0.9957283388645872,-0.4999999999999997,-0.8660254037844388,4465.4,4380.500000000001,3778.9,3572.918181818182,4329.614285714286,118.36817461591636,4007.0800000000004,261.0669964465438
2021-07-08,4355.1,0,3,8,7,3,189,27,2021,0.43388373911755823,-0.900968867902419,-0.10944576864891556,-0.993992768446958,-0.4999999999999997,-0.8660254037844388,4503.8,4318.300000000001,3778.9,3590.045454545455,4334.871428571429,118.59889985838106,4026.286666666667,264.86875403396465
2021-07-09,4304.7,0,4,9,7,3,190,27,2021,-0.433883739117558,-0.9009688679024191,-0.12652781683868314,-0.9919630595773397,-0.4999999999999997,-0.8660254037844388,4355.1,4283.8,3900.1,3607.1727272727276,4337.857142857143,117.35545516567215,4039.773333333333,268.4978939775906
2021-07-10,4273.5,0,5,10,7,3,191,27,2021,-0.9749279121818236,-0.2225209339563146,-0.1435724234118113,-0.9896398128792412,-0.4999999999999997,-0.8660254037844388,4304.7,4216.1,3929.8,3624.3,4346.057142857143,109.1483525168475,4051.2300000000005,270.9649943910543
2021-07-11,4030.6,0,6,11,7,3,192,27,2021,-0.7818314824680299,0.6234898018587334,-0.16057454459499376,-0.9870237158387383,-0.4999999999999997,-0.8660254037844388,4273.5,4187.6,3901.3,3684.7000000000007,4323.628571428571,154.03648609215432,4055.5400000000004,269.52244653339005
2021-07-12,4032.8,0,0,12,7,3,193,28,2021,0.0,1.0,-0.17752914918703497,-0.984115542601034,-0.4999999999999997,-0.8660254037844388,4030.6,4332.300000000001,3810.0,3740.599999999999,4280.842857142857,188.88055182348089,4062.966666666667,265.5638556265314
2021-07-13,4029.5,0,1,13,7,3,194,28,2021,0.7818314824680298,0.6234898018587336,-0.19443122004766195,-0.9809161537413774,-0.4999999999999997,-0.8660254037844388,4032.8,4465.4,3766.4,3835.4,4218.571428571428,189.74674098462447,4071.7366666666667,259.7121433062892
2021-07-14,3971.2,0,2,14,7,3,195,28,2021,0.9749279121818236,-0.22252093395631434,-0.2112757555821793,-0.9774264960104055,-0.4999999999999997,-0.8660254037844388,4029.5,4503.8,3582.600000000001,3894.500000000001,4142.4857142857145,160.90213825564683,4084.6900000000005,243.67026910850913
2021-07-15,4019.2,0,3,15,7,3,196,28,2021,0.43388373911755823,-0.900968867902419,-0.2280577712215198,-0.9736476020539838,-0.4999999999999997,-0.8660254037844388,3971.2,4355.1,3617.5375000000004,3884.7,4094.5,134.91547971477652,4098.07875,227.62344316132277
2021-07-16,4193.3,0,4,16,7,3,197,28,2021,-0.433883739117558,-0.9009688679024191,-0.24477230089725957,-0.9695805901076308,-0.4999999999999997,-0.8660254037844388,4019.2,4304.7,3652.4750000000004,3735.7,4078.5857142857144,110.31596180323686,4116.10625,211.99505412024035
2021-07-17,4232.9,0,5,17,7,3,198,28,2021,-0.9749279121818236,-0.2225209339563146,-0.2614143985111562,-0.965226663665613,-0.4999999999999997,-0.8660254037844388,4193.3,4273.5,3687.4125000000004,3727.7999999999997,4072.785714285714,98.8294056876457,4134.2891666666665,196.80719439178947
2021-07-18,3928.0,0,6,18,7,3,199,28,2021,-0.7818314824680299,0.6234898018587334,-0.2779791393987801,-0.9605871111248129,-0.4999999999999997,-0.8660254037844388,4232.9,4030.6,3757.2874999999995,3719.8999999999996,4058.128571428572,112.75560169804281,4139.979583333333,187.7923118699206
2021-07-19,3846.2,0,0,19,7,3,200,29,2021,0.0,1.0,-0.2944616217868012,-0.9556633054034704,-0.4999999999999997,-0.8660254037844388,3928.0,4032.8,3792.2249999999995,3712.0,4031.4714285714285,138.79295988733705,4141.77875,184.5767481582334
2021-07-20,3777.1,0,1,20,7,3,201,29,2021,0.7818314824680298,0.6234898018587336,-0.3108569682435036,-0.9504567035349151,-0.4999999999999997,-0.8660254037844388,3846.2,4029.5,3827.1624999999995,3640.8999999999996,3995.414285714286,168.90876658295153,4140.11,187.71882559497973
2021-07-21,3736.7,0,2,21,7,3,202,29,2021,0.9749279121818236,-0.22252093395631434,-0.3271603271220951,-0.9449688462364056,-0.4999999999999997,-0.8660254037844388,3777.1,3971.2,3862.099999999999,3633.0,3961.9142857142856,195.6493583648419,4135.93,195.36334521903586
2021-07-22,3800.099999999999,0,3,22,7,3,203,29,2021,0.43388373911755823,-0.900968867902419,-0.34336687399638804,-0.939201357453208,-0.4999999999999997,-0.8660254037844388,3736.7,4019.2,4042.900000000001,3625.1,3930.614285714285,202.36782047032082,4127.836666666667,204.18048216920815
2021-07-23,3883.2,0,4,23,7,3,204,29,2021,-0.433883739117558,-0.9009688679024191,-0.3594718130884232,-0.9331559438780432,-0.4999999999999997,-0.8660254037844388,3800.099999999999,4193.3,4111.6,3617.2,3886.3142857142852,165.94341835469615,4120.223333333333,209.0079188127486
2021-07-24,3892.1,0,5,24,7,3,205,29,2021,-0.9749279121818236,-0.2225209339563146,-0.3754703786876202,-0.9268343944460494,-0.4999999999999997,-0.8660254037844388,3883.2,4232.9,4041.500000000001,3553.2,3837.628571428571,68.97225805319447,4115.243333333334,212.69566032136143
2021-07-25,3865.1,0,6,25,7,3,206,29,2021,-0.7818314824680299,0.6234898018587334,-0.3913578365610259,-0.9202385798054075,-0.4999999999999997,-0.8660254037844388,3892.1,3928.0,4071.8,3453.6,3828.6428571428573,58.54559070058421,4108.3533333333335,217.44631320497592
2021-07-26,4006.8,0,0,26,7,3,207,30,2021,0.0,1.0,-0.4071294853542516,-0.9133704517637858,-0.4999999999999997,-0.8660254037844388,3865.1,3846.2,4044.1,3537.1,3851.585714285714,89.73350226406738,4107.11,217.93247032209166
2021-07-27,3953.6,0,1,27,7,3,208,30,2021,0.7818314824680298,0.6234898018587336,-0.4227806579826773,-0.9062320427107697,-0.4999999999999997,-0.8660254037844388,4006.8,3777.1,3920.7000000000007,3590.7000000000003,3876.7999999999997,90.11204137074981,4108.206666666667,217.0430466335048
2021-07-28,3740.5,0,2,28,7,3,209,30,2021,0.9749279121818236,-0.22252093395631434,-0.4383067230125192,-0.898825465016444,-0.4999999999999997,-0.8660254037844388,3953.6,3736.7,4129.5,3638.7,3877.342857142857,89.13351141488019,4095.2400000000002,227.1133388633412
2021-07-29,3721.1,0,3,29,7,3,210,30,2021,0.43388373911755823,-0.900968867902419,-0.45370308603134424,-0.8911529104063088,-0.4999999999999997,-0.8660254037844388,3740.5,3800.099999999999,4297.200000000001,3632.6,3866.057142857143,104.26128807222746,4076.0366666666664,233.7080000745592
2021-07-30,3724.0,0,4,30,7,3,211,30,2021,-0.433883739117558,-0.9009688679024191,-0.46896519100763184,-0.8832166493127127,-0.4999999999999997,-0.8660254037844388,3721.1,3883.2,4380.500000000001,3755.7,3843.3142857142857,116.5391125841826,4054.153333333333,234.94892582671227
2021-07-31,3736.7,0,5,31,7,3,212,30,2021,-0.9749279121818236,-0.2225209339563146,-0.48408852163897587,-0.8750190302029955,-0.4999999999999997,-0.8660254037844388,3724.0,3892.1,4318.300000000001,3878.8,3821.1142857142854,120.43315474531504,4034.766666666667,236.39219360080767
2021-08-01,3616.7,0,6,1,8,3,213,30,2021,-0.7818314824680299,0.6234898018587334,-0.4990686026885319,-0.8665624788845385,-0.8660254037844384,-0.5000000000000004,3736.7,3865.1,4283.8,3926.8,3785.628571428572,140.27394286760327,4012.53,243.4298640761591
2021-08-02,3847.2,0,0,2,8,3,214,31,2021,0.0,1.0,-0.5139010013093103,-0.8578494977869301,-0.8660254037844384,-0.5000000000000004,3616.7,4006.8,4216.1,3805.2,3762.828571428571,107.46785122828045,4000.233333333333,242.10583939934966
2021-08-03,3953.9,0,1,3,8,3,215,31,2021,0.7818314824680298,0.6234898018587336,-0.5285813283559292,-0.8488826652214553,-0.8660254037844384,-0.5000000000000004,3847.2,3953.6,4187.6,3724.9,3762.871428571428,107.55663181609881,3992.443333333333,239.61620704401489
2021-08-04,4034.7,0,2,4,8,3,216,31,2021,0.9749279121818236,-0.22252093395631434,-0.5431052396834317,-0.8396646346181327,-0.8660254037844384,-0.5000000000000004,3953.9,3740.5,4332.300000000001,3780.2,3804.9,147.4426781272564,3982.523333333333,231.068936845072
2021-08-05,4151.0,0,3,5,8,3,217,31,2021,0.43388373911755823,-0.900968867902419,-0.5574684374327892,-0.8301981337405212,-0.8660254037844384,-0.5000000000000004,4034.7,3721.1,4465.4,3709.499999999999,3866.3142857142852,190.08630871766815,3972.043333333333,214.98294669069753
2021-08-06,4208.599999999999,0,4,6,8,3,218,31,2021,-0.433883739117558,-0.9009688679024191,-0.5716666713027052,-0.8204859638785327,-0.8660254037844384,-0.5000000000000004,4151.0,3724.0,4503.8,3638.2,3935.542857142857,216.08440370330476,3962.203333333333,195.6951790207239
2021-08-07,4234.599999999999,0,5,7,8,3,219,31,2021,-0.9749279121818236,-0.2225209339563146,-0.5856957398073508,-0.8105309990194823,-0.8660254037844384,-0.5000000000000004,4208.599999999999,3736.7,4355.1,3643.2374999999997,4006.6714285714284,221.59895994255405,3958.186666666667,188.45557737482136
2021-08-08,4090.7999999999993,0,6,8,8,3,220,31,2021,-0.7818314824680299,0.6234898018587334,-0.5995514915196489,-0.8003361849976323,-0.8660254037844384,-0.5000000000000004,4234.599999999999,3616.7,4304.7,3648.2749999999996,4074.4,139.95617171101122,3951.0566666666664,178.68671618290202
2021-08-09,4240.8,0,0,9,8,3,221,32,2021,0.0,1.0,-0.6132298262997502,-0.7899045386224707,-0.8660254037844384,-0.5000000000000004,4090.7999999999993,3847.2,4273.5,3653.3124999999995,4130.628571428571,109.13595060422286,3949.9666666666667,176.74111075209453
2021-08-10,4321.0,0,1,10,8,3,222,32,2021,0.7818314824680298,0.6234898018587336,-0.6267266965083301,-0.7792391467859886,-0.8660254037844384,-0.5000000000000004,4240.8,3953.9,4030.6,3663.3874999999994,4183.071428571428,97.65624599048289,3959.6466666666665,188.8475132596851
2021-08-11,4372.2,0,2,11,8,3,223,32,2021,0.9749279121818236,-0.22252093395631434,-0.6400381082043503,-0.7683431655492202,-0.8660254037844384,-0.5000000000000004,4321.0,4034.7,4032.8,3668.4249999999993,4231.285714285714,95.48443902144017,3970.9599999999996,203.0158149096947
2021-08-12,4422.200000000001,0,3,12,8,3,224,32,2021,0.43388373911755823,-0.900968867902419,-0.65316012232693,-0.7572198192083127,-0.8660254037844384,-0.5000000000000004,4372.2,4151.0,4029.5,3673.462499999999,4270.028571428572,111.2048217522659,3984.05,218.9549926197223
2021-08-13,4451.200000000001,0,4,13,8,3,225,32,2021,-0.433883739117558,-0.9009688679024191,-0.666088855860977,-0.7458723993404063,-0.8660254037844384,-0.5000000000000004,4422.200000000001,4208.599999999999,3971.2,3678.499999999999,4304.685714285714,125.725142388355,4000.05,234.93809712934572
2021-08-14,4436.3,0,5,14,8,3,226,32,2021,-0.9749279121818236,-0.2225209339563146,-0.6788204829862355,-0.734304263829602,-0.8660254037844384,-0.5000000000000004,4451.200000000001,4234.599999999999,4019.2,3688.299999999999,4333.5,130.0252155032525,4013.9533333333334,248.0843595861369
2021-08-15,4255.3,0,6,15,8,3,227,32,2021,-0.7818314824680299,0.6234898018587334,-0.6913512362094071,-0.722518835873311,-0.8660254037844384,-0.5000000000000004,4436.3,4090.7999999999993,4193.3,3611.8000000000006,4357.0,86.39592968807658,4016.0199999999995,249.88166081926144
2021-08-16,4366.8,0,0,16,8,3,228,33,2021,0.0,1.0,-0.7036774074790128,-0.7105196029692745,-0.8660254037844384,-0.5000000000000004,4255.3,4240.8,4232.9,3506.0,4375.000000000001,69.6552702002297,4020.483333333333,255.03187912066096
2021-08-17,4420.099999999999,0,1,17,8,3,229,33,2021,0.7818314824680298,0.6234898018587336,-0.7157953492826642,-0.6983101158835584,-0.8660254037844384,-0.5000000000000004,4366.8,4321.0,3928.0,3514.9000000000005,4389.157142857143,66.86575748325748,4036.8866666666668,264.5272135577794
2021-08-18,4379.6,0,2,18,8,3,230,33,2021,0.9749279121818236,-0.22252093395631434,-0.7277014757264236,-0.6858939875998223,-0.8660254037844384,-0.5000000000000004,4420.099999999999,4372.2,3846.2,3362.7000000000003,4390.214285714285,66.61099580328337,4054.666666666666,269.15396995071296
2021-08-19,4360.2,0,3,19,8,3,231,33,2021,0.43388373911755823,-0.900968867902419,-0.7393922635959241,-0.673274892250183,-0.8660254037844384,-0.5000000000000004,4379.6,4422.200000000001,3777.1,3339.1000000000004,4381.357142857143,65.76571693374763,4074.1033333333335,269.4723944448031
2021-08-20,4199.9,0,4,20,8,3,232,33,2021,-0.433883739117558,-0.9009688679024191,-0.7508642533989489,-0.6604565640279754,-0.8660254037844384,-0.5000000000000004,4360.2,4451.200000000001,3736.7,3555.5,4345.457142857143,86.58115378346837,4089.5433333333335,262.65735865852065
2021-08-21,4009.4,0,5,21,8,3,233,33,2021,-0.9749279121818236,-0.2225209339563146,-0.7621140503891487,-0.6474427960827475,-0.8660254037844384,-0.5000000000000004,4199.9,4436.3,3800.099999999999,3620.499999999999,4284.471428571428,143.5414889417678,4096.5199999999995,257.43181541178313
2021-08-22,3728.1,0,6,22,8,3,234,33,2021,-0.7818314824680299,0.6234898018587334,-0.7731383255706026,-0.6342374393978054,-0.8660254037844384,-0.5000000000000004,4009.4,4255.3,3883.2,3475.1,4209.157142857143,255.8050876295147,4091.35,263.3529855536092
2021-08-23,3983.099999999999,0,0,23,8,3,235,34,2021,0.0,1.0,-0.7839338166829201,-0.620844401650647,-0.8660254037844384,-0.5000000000000004,3728.1,4366.8,3892.1,3338.6000000000004,4154.342857142857,257.4994424404525,4094.3833333333328,261.4963915928697
2021-08-24,4203.3,0,1,24,8,3,236,34,2021,0.7818314824680298,0.6234898018587336,-0.7944973291665992,-0.6072676460566135,-0.8660254037844384,-0.5000000000000004,3983.099999999999,4420.099999999999,3865.1,3322.4999999999995,4123.371428571429,231.98100291680555,4105.656666666667,258.5443251310513
2021-08-25,4287.200000000001,0,2,25,8,3,237,34,2021,0.9749279121818236,-0.22252093395631434,-0.8048257371083452,-0.593511190196115,-0.8660254037844384,-0.5000000000000004,4203.3,4379.6,4006.8,3339.2,4110.171428571429,217.12444752787977,4115.003333333333,259.9120812669263
2021-08-26,4289.0,0,3,26,8,3,238,34,2021,0.43388373911755823,-0.900968867902419,-0.8149159841660791,-0.5795791048257612,-0.8660254037844384,-0.5000000000000004,4287.200000000001,4360.2,3953.6,3301.7,4100.0,204.77602398718793,4126.183333333333,259.9435244808761
2021-08-27,4266.400000000001,0,4,27,8,3,239,34,2021,-0.433883739117558,-0.9009688679024191,-0.8247650844733614,-0.5654755126737576,-0.8660254037844384,-0.5000000000000004,4289.0,4199.9,3740.5,3494.6,4109.5,211.61148362033987,4143.713333333333,250.60193016475048
2021-08-28,4212.400000000001,0,5,28,8,3,240,34,2021,-0.9749279121818236,-0.2225209339563146,-0.8343701235229537,-0.5512045872199277,-0.8660254037844384,-0.5000000000000004,4266.400000000001,4009.4,3721.1,3628.9,4138.5,209.50653132221902,4160.09,237.7559214245009
2021-08-29,4027.8,0,6,29,8,3,241,34,2021,-0.7818314824680299,0.6234898018587334,-0.8437282590292712,-0.5367705514607103,-0.8660254037844384,-0.5000000000000004,4212.400000000001,3728.1,3724.0,3680.000000000001,4181.314285714286,125.40122844389985,4170.216666666666,224.64977660001458
2021-08-30,4022.2,0,0,30,8,3,242,35,2021,0.0,1.0,-0.8528367217694595,-0.522177676659508,-0.8660254037844384,-0.5000000000000004,4027.8,3983.099999999999,3736.7,3626.0,4186.900000000001,115.58752816228764,4179.733333333334,211.30247698881544
2021-08-31,3975.599999999999,0,1,31,8,3,243,35,2021,0.7818314824680298,0.6234898018587336,-0.8616928164028521,-0.5074302810827518,-0.8660254037844384,-0.5000000000000004,4022.2,4203.3,3616.7,3593.1,4154.371428571429,139.72284130003044,4191.696666666667,187.09978986577136
2021-09-01,3943.6,0,2,1,9,3,244,35,2021,0.9749279121818236,-0.22252093395631434,-0.8702939222685674,-0.49253272872205434,-1.0,-1.8369701987210297e-16,3975.599999999999,4287.200000000001,3847.2,3603.4,4105.285714285715,145.51640719144342,4194.91,181.7299860440921
2021-09-02,3979.4,0,3,2,9,3,245,35,2021,0.43388373911755823,-0.900968867902419,-0.8786374941610001,-0.4774894280028391,-1.0,-1.8369701987210297e-16,3943.6,4289.0,3953.9,3448.6000000000004,4061.057142857143,126.13039360311826,4195.76,180.62009205836466
2021-09-03,3942.5,0,4,3,9,3,246,35,2021,-0.433883739117558,-0.9009688679024191,-0.886721063082993,-0.46230483047981086,-1.0,-1.8369701987210297e-16,3979.4,4266.400000000001,4034.7,3591.1,4014.785714285714,93.41310451558468,4192.6866666666665,184.20395879779926
2021-09-04,3895.000000000001,0,5,4,9,3,247,35,2021,-0.9749279121818236,-0.2225209339563146,-0.8945422369764496,-0.4469834295196741,-1.0,-1.8369701987210297e-16,3942.5,4212.400000000001,4151.0,3653.999999999999,3969.442857142857,47.01318457423447,4184.153333333334,191.96775004534217
2021-09-05,3790.9,0,6,5,9,3,248,35,2021,-0.7818314824680299,0.6234898018587334,-0.9020987014301837,-0.43152975897147144,-1.0,-1.8369701987210297e-16,3895.000000000001,4027.8,4208.599999999999,3655.4,3935.5999999999995,74.96227940327681,4170.23,204.84911714016042
2021-09-06,3950.0,0,0,6,9,3,249,36,2021,0.0,1.0,-0.9093882203647925,-0.4159483918249421,-1.0,-1.8369701987210297e-16,3790.9,4022.2,4234.599999999999,3711.7,3925.285714285714,65.42064986357956,4160.743333333333,208.32579869593343
2021-09-07,3880.7,0,1,7,9,3,250,36,2021,0.7818314824680298,0.6234898018587336,-0.9164086366943458,-0.4002439388573056,-1.0,-1.8369701987210297e-16,3950.0,3975.599999999999,4090.7999999999993,3781.000000000001,3911.7285714285713,63.04621887383428,4153.740000000001,214.20666076768273
2021-09-08,3908.4,0,2,8,9,3,251,36,2021,0.9749279121818236,-0.22252093395631434,-0.9231578729647039,-0.38442104726885545,-1.0,-1.8369701987210297e-16,3880.7,3943.6,4240.8,3790.8000000000006,3906.7000000000003,61.46440704452497,4142.66,218.10939931365925
2021-09-09,3971.499999999999,0,3,9,9,3,252,36,2021,0.43388373911755823,-0.900968867902419,-0.9296339319682695,-0.3684843993077793,-1.0,-1.8369701987210297e-16,3908.4,3979.4,4321.0,3626.2,3905.5714285714284,59.96120174152124,4131.01,217.58854773045397
2021-09-10,3860.8000000000006,0,4,10,9,3,253,36,2021,-0.433883739117558,-0.9009688679024191,-0.9358348973349941,-0.35243871088460327,-1.0,-1.8369701987210297e-16,3971.499999999999,3942.5,4372.2,3759.6,3893.9,59.52489675198984,4113.963333333334,218.07319790308466
2021-09-11,3681.7,0,5,11,9,3,254,36,2021,-0.9749279121818236,-0.2225209339563146,-0.9417589340994617,-0.33628873017668287,-1.0,-1.8369701987210297e-16,3860.8000000000006,3895.000000000001,4422.200000000001,3864.9,3863.4285714285716,99.82263795162311,4089.28,223.81376248091138
2021-09-12,3560.6,0,6,12,9,3,255,36,2021,-0.7818314824680299,0.6234898018587334,-0.9474042892438845,-0.32003923622313857,-1.0,-1.8369701987210297e-16,3681.7,3790.9,4451.200000000001,3952.0,3830.528571428571,152.01712309568137,4059.5933333333332,233.02825925023583
2021-09-13,3706.9,0,0,13,9,3,256,37,2021,0.0,1.0,-0.9527692922168511,-0.30369503751065885,-1.0,-1.8369701987210297e-16,3560.6,3950.0,4436.3,3951.400000000001,3795.7999999999997,147.88696133647213,4035.2799999999997,230.4054483311741
2021-09-14,3667.9,0,1,14,9,3,257,37,2021,0.7818314824680298,0.6234898018587336,-0.9578523554276669,-0.28726097055059635,-1.0,-1.8369701987210297e-16,3706.9,3880.7,4255.3,3933.6,3765.4,149.3902049444181,4015.7,235.95524268751439
2021-09-15,3727.000000000001,0,2,15,9,3,258,37,2021,0.9749279121818236,-0.22252093395631434,-0.9626519747161487,-0.2707418984477642,-1.0,-1.8369701987210297e-16,3667.9,3908.4,4366.8,3890.7,3739.4857142857145,135.54169627304125,3994.3733333333334,232.00795903906163
2021-09-16,3739.5,0,3,16,9,3,259,37,2021,0.43388373911755823,-0.900968867902419,-0.9671667297977312,-0.2541427094613622,-1.0,-1.8369701987210297e-16,3727.000000000001,3971.499999999999,4420.099999999999,3720.1,3706.342857142857,90.10136619651367,3971.6866666666665,222.0033996840229
2021-09-17,3739.5,0,4,17,9,3,260,37,2021,-0.433883739117558,-0.9009688679024191,-0.97139528468375,-0.23746831555846842,-1.0,-1.8369701987210297e-16,3739.5,3860.8000000000006,4379.6,3819.1,3689.014285714286,63.0475595237978,3950.35,211.9807680769234
2021-09-18,3853.6,0,5,18,9,3,261,37,2021,-0.9749279121818236,-0.2225209339563146,-0.9753363880767837,-0.2207236509605022,-1.0,-1.8369701987210297e-16,3739.5,3681.7,4360.2,3860.8000000000006,3713.5714285714284,88.18876939622793,3933.463333333333,197.91745838438044
2021-09-19,3849.1,0,6,19,9,3,262,37,2021,-0.7818314824680299,0.6234898018587334,-0.9789888737409319,-0.20391367068311472,-1.0,-1.8369701987210297e-16,3853.6,3560.6,4199.9,3897.0,3754.785714285714,70.40474483470581,3921.77,191.90469464707172
2021-09-20,3990.7,0,0,20,9,3,263,38,2021,0.0,1.0,-0.9823516608469237,-0.18704334906991657,-1.0,-1.8369701987210297e-16,3849.1,3706.9,4009.4,3871.299999999999,3795.328571428571,109.23782486370833,3921.146666666667,191.64043330717178
2021-09-21,3926.0,0,1,21,9,3,264,38,2021,0.7818314824680298,0.6234898018587336,-0.9854237542919524,-0.17011767832049052,-1.0,-1.8369701987210297e-16,3990.7,3667.9,3728.1,3912.5,3832.2000000000003,102.40270178728231,3927.7433333333333,188.14032489228444
2021-09-22,3790.2,0,2,22,9,3,265,38,2021,0.9749279121818236,-0.22252093395631434,-0.9882042449941422,-0.15314166701312007,-1.0,-1.8369701987210297e-16,3926.0,3727.000000000001,3983.099999999999,3911.8,3841.2285714285713,94.02502706347637,3921.3133333333335,189.47478539069573
2021-09-23,3723.6,0,3,23,9,3,266,38,2021,0.43388373911755823,-0.900968867902419,-0.9906923101615609,-0.13612033862266704,-1.0,-1.8369701987210297e-16,3790.2,3739.5,4203.3,3738.3,3838.9571428571426,97.0359874332436,3905.3233333333337,185.04648192079736
2021-09-24,3723.5,0,4,24,9,3,267,38,2021,-0.433883739117558,-0.9009688679024191,-0.9928872135356962,-0.11905873003404988,-1.0,-1.8369701987210297e-16,3723.6,3739.5,4287.200000000001,3763.500000000001,3836.6714285714284,99.91492571660223,3886.5333333333333,173.1714146462236
2021-09-25,3787.3,0,5,25,9,3,268,38,2021,-0.9749279121818236,-0.2225209339563146,-0.994788305609327,-0.10196189005174576,-1.0,-1.8369701987210297e-16,3723.5,3853.6,4289.0,3779.500000000001,3827.2000000000003,101.17720428371422,3869.8099999999995,156.3748333883716
2021-09-26,3644.2,0,6,26,9,3,269,38,2021,-0.7818314824680299,0.6234898018587334,-0.9963950238187231,-0.08483487790576538,-1.0,-1.8369701987210297e-16,3787.3,3849.1,4266.400000000001,3721.2,3797.9285714285716,121.40334583920755,3849.07,142.61733016035797
2021-09-27,3713.500000000001,0,0,27,9,3,270,39,2021,0.0,1.0,-0.9977068927101168,-0.06768276175455162,-1.0,-1.8369701987210297e-16,3644.2,3990.7,4212.400000000001,3736.1,3758.3285714285716,88.90338790481677,3832.4400000000005,127.02500595524727
2021-09-28,3749.8,0,1,28,9,3,271,39,2021,0.7818314824680298,0.6234898018587336,-0.9987235240803972,-0.050510617185222886,-1.0,-1.8369701987210297e-16,3713.500000000001,3926.0,4027.8,3765.9,3733.1571428571433,49.91108284217241,3823.173333333333,122.33545157738719
2021-09-29,3787.0,0,2,29,9,3,272,39,2021,0.9749279121818236,-0.22252093395631434,-0.9994446170919858,-0.033323525711631344,-1.0,-1.8369701987210297e-16,3749.8,3790.2,4022.2,3638.6,3732.7000000000003,49.312608259301655,3815.3333333333335,116.54003998428955
2021-09-30,3847.499999999999,0,3,30,9,3,273,39,2021,0.43388373911755823,-0.900968867902419,-0.9998699583618592,-0.016126573270657762,-1.0,-1.8369701987210297e-16,3787.0,3723.6,3975.599999999999,3526.1,3750.4000000000005,65.18384257878087,3811.063333333333,112.75058676606318
2021-10-01,3815.6,0,4,1,10,4,274,39,2021,-0.433883739117558,-0.9009688679024191,-0.9999994220246925,0.001075151282798226,-0.8660254037844386,0.5000000000000001,3847.499999999999,3723.5,3943.6,3732.3,3763.557142857143,68.07992501815879,3806.7966666666666,109.94930331225461
2021-10-02,3645.1,0,5,2,10,4,275,39,2021,-0.9749279121818236,-0.2225209339563146,-0.999832969770105,0.018276557681691223,-0.8660254037844386,0.5000000000000001,3815.6,3787.3,3979.4,3767.4,3743.242857142857,79.98847536038011,3795.6533333333336,108.78725119694911
2021-10-03,3631.2,0,6,3,10,4,276,39,2021,-0.7818314824680299,0.6234898018587334,-0.9993706508539969,0.03547255575312556,-0.8660254037844386,0.5000000000000001,3645.1,3644.2,3942.5,3714.499999999999,3741.3857142857146,82.773696074941,3785.2766666666666,109.14337512342625
2021-10-04,3819.3,0,0,4,10,4,277,40,2021,0.0,1.0,-0.9986126020839734,0.052658056924614005,-0.8660254037844386,0.5000000000000001,3631.2,3713.500000000001,3895.000000000001,3698.500000000001,3756.4999999999995,86.41261481983963,3782.7533333333336,107.37998507823468
2021-10-05,3825.6,0,1,5,10,4,278,40,2021,0.7818314824680298,0.6234898018587336,-0.9975590477788613,0.06982797572987089,-0.8660254037844386,0.5000000000000001,3819.3,3749.8,3790.9,3626.4,3767.328571428571,90.10360174610686,3783.9100000000003,107.65729582720898
2021-10-06,3839.8,0,2,6,10,4,279,40,2021,0.9749279121818236,-0.22252093395631434,-0.9962102997023297,0.0869772313136861,-0.8660254037844386,0.5000000000000001,3825.6,3787.0,3950.0,3704.000000000001,3774.871428571428,94.14424596129624,3780.2366666666667,103.59831407006837
2021-10-07,3881.2,0,3,7,10,4,280,40,2021,0.43388373911755823,-0.900968867902419,-0.9945667569706337,0.1041007489354256,-0.8660254037844386,0.5000000000000001,3839.8,3847.499999999999,3880.7,3616.8,3779.6857142857143,99.20303134770352,3780.253333333333,103.61507257328645
2021-10-08,3894.4,0,4,8,10,4,281,40,2021,-0.433883739117558,-0.9009688679024191,-0.9926289059345095,0.121193461470736,-0.8660254037844386,0.5000000000000001,3881.2,3815.6,3908.4,3714.3,3790.942857142857,108.03542408462557,3779.786666666667,103.04799261319359
2021-10-09,3823.1,0,5,9,10,4,282,40,2021,-0.9749279121818236,-0.2225209339563146,-0.9903973200352558,0.1382503109109819,-0.8660254037844386,0.5000000000000001,3894.4,3645.1,3971.499999999999,3753.6,3816.371428571429,86.85963224817253,3774.8399999999997,96.90659064451938
2021-10-10,3766.7,0,6,10,10,4,283,40,2021,-0.7818314824680299,0.6234898018587334,-0.9878726596350429,0.15526624985999563,-0.8660254037844386,0.5000000000000001,3823.1,3631.2,3860.8000000000006,3811.4,3835.7285714285713,42.47248969573661,3771.703333333333,95.54159766853961
2021-10-11,3884.599999999999,0,0,11,10,4,284,41,2021,0.0,1.0,-0.9850556718215013,0.172236243027682,-0.8660254037844386,0.5000000000000001,3766.7,3819.3,3681.7,3793.900000000001,3845.057142857143,45.33732300373427,3778.4666666666667,96.13038678985652
2021-10-12,3912.0,0,1,12,10,4,285,41,2021,0.7818314824680298,0.6234898018587336,-0.981947190186646,0.18915526872004093,-0.8660254037844386,0.5000000000000001,3884.599999999999,3825.6,3560.6,3809.8,3857.399999999999,50.61155994436543,3790.18,89.87341442656579
2021-10-13,3899.2,0,2,13,10,4,286,41,2021,0.9749279121818236,-0.22252093395631434,-0.9785481345802031,0.20601832032517084,-0.8660254037844386,0.5000000000000001,3912.0,3839.8,3706.9,3737.500000000001,3865.8857142857137,52.12582304936338,3796.5899999999997,90.58370999932029
2021-10-14,3832.9,0,3,14,10,4,287,41,2021,0.43388373911755823,-0.900968867902419,-0.9748595108374125,0.22282040779479959,-0.8660254037844386,0.5000000000000001,3899.2,3881.2,3667.9,3513.5000000000005,3858.985714285714,52.951028588437495,3802.0899999999997,87.45573205322275
2021-10-15,3677.7,0,4,15,10,4,288,41,2021,-0.433883739117558,-0.9009688679024191,-0.9708824104813836,0.23955655912092708,-0.8660254037844386,0.5000000000000001,3832.9,3894.4,3727.000000000001,3605.900000000001,3828.0285714285715,83.39144069360125,3800.446666666667,89.35786144653662
2021-10-16,3706.7,0,5,16,10,4,289,41,2021,-0.9749279121818236,-0.2225209339563146,-0.9666180104000972,0.2562218218071163,-0.8660254037844386,0.5000000000000001,3677.7,3823.1,3739.5,3642.8,3811.399999999999,95.29389627184248,3799.3533333333335,90.32471588026259
2021-10-17,3556.7,0,6,17,10,4,290,41,2021,-0.7818314824680299,0.6234898018587334,-0.9620675724981452,0.27281126433401914,-0.8660254037844386,0.5000000000000001,3706.7,3766.7,3739.5,3637.1,3781.4,136.05119134601,3793.26,100.13481119866704
2021-10-18,3532.1000000000004,0,0,18,10,4,291,42,2021,0.0,1.0,-0.957232443323312,0.28931997761869527,-0.8660254037844386,0.5000000000000001,3556.7,3884.599999999999,3853.6,3654.7,3731.042857142857,155.35385261978996,3782.5433333333335,110.15673061075371
2021-10-19,3576.5000000000005,0,1,19,10,4,292,42,2021,0.7818314824680298,0.6234898018587336,-0.9521140536681102,0.3057430764672831,-0.8660254037844386,0.5000000000000001,3532.1000000000004,3912.0,3849.1,3685.1,3683.1142857142863,141.3428978120464,3773.4566666666665,115.5866138393636
2021-10-20,3636.0,0,2,20,10,4,293,42,2021,0.9749279121818236,-0.22252093395631434,-0.9467139181463862,0.3220757010206104,-0.8660254037844386,0.5000000000000001,3576.5000000000005,3899.2,3990.7,3660.1,3645.514285714286,104.48069085676342,3761.633333333333,110.63354025739505
2021-10-21,3635.6,0,3,21,10,4,294,42,2021,0.43388373911755823,-0.900968867902419,-0.9410336347451197,0.3383130181923076,-0.8660254037844386,0.5000000000000001,3636.0,3832.9,3926.0,3471.6,3617.328571428571,64.44782681327689,3751.953333333333,108.43885209498374
2021-10-22,3683.499999999999,0,4,22,10,4,295,42,2021,-0.433883739117558,-0.9009688679024191,-0.9350748843515574,0.3544502230989869,-0.8660254037844386,0.5000000000000001,3635.6,3677.7,3790.2,3553.8,3618.157142857143,65.38383737956903,3748.3966666666665,108.89002830547625
2021-10-23,3617.8,0,5,23,10,4,296,42,2021,-0.9749279121818236,-0.2225209339563146,-0.9288394302558068,0.3704825404820963,-0.8660254037844386,0.5000000000000001,3683.499999999999,3706.7,3723.6,3557.9,3605.457142857143,52.7281347145706,3744.87,111.40507061449355
2021-10-24,3421.8,0,6,24,10,4,297,42,2021,-0.7818314824680299,0.6234898018587334,-0.9223291176290545,0.3864052261209853,-0.8660254037844386,0.5000000000000001,3617.8,3556.7,3723.5,3519.600000000001,3586.1857142857143,87.01964200822567,3734.813333333333,126.05486690827917
2021-10-25,3524.1000000000004,0,0,25,10,4,298,43,2021,0.0,1.0,-0.9155458729775467,0.40221356823680365,-0.8660254037844386,0.5000000000000001,3421.8,3532.1000000000004,3787.3,3505.0000000000005,3585.042857142857,87.89647048551596,3726.04,131.32496834320744
2021-10-26,3600.6,0,1,26,10,4,299,43,2021,0.7818314824680298,0.6234898018587336,-0.9084917035725082,0.41790288888678667,-0.8660254037844386,0.5000000000000001,3524.1000000000004,3576.5000000000005,3644.2,3460.0,3588.485714285714,87.97803567883535,3724.5866666666666,132.4979134079887
2021-10-27,3586.8,0,2,27,10,4,300,43,2021,0.9749279121818236,-0.22252093395631434,-0.9011686968561569,0.4334685453485363,-0.8660254037844386,0.5000000000000001,3600.6,3636.0,3713.500000000001,3401.4,3581.4571428571426,85.47927345548649,3720.3633333333332,134.86166215622526
2021-10-28,3576.0000000000005,0,3,28,10,4,301,43,2021,0.43388373911755823,-0.900968867902419,-0.8935790198239952,0.4489059314938798,-0.8660254037844386,0.5000000000000001,3586.8,3635.6,3749.8,3189.9,3572.9428571428575,82.08848593932738,3714.57,137.26512767582918
2021-10-29,3549.8,0,4,29,10,4,302,43,2021,-0.433883739117558,-0.9009688679024191,-0.8857249183835637,0.4642104791518923,-0.8660254037844386,0.5000000000000001,3576.0000000000005,3683.499999999999,3787.0,3300.2,3553.842857142857,66.06834484439435,3706.6633333333334,139.75808281685644
2021-10-30,3488.1,0,5,30,10,4,303,43,2021,-0.9749279121818236,-0.2225209339563146,-0.8776087166898392,0.4793776594606945,-0.8660254037844386,0.5000000000000001,3549.8,3617.8,3847.499999999999,3394.1,3535.3142857142857,63.27006739820188,3694.6833333333334,142.64335580048112
2021-10-31,3377.3,0,6,31,10,4,304,43,2021,-0.7818314824680299,0.6234898018587334,-0.8692328164574792,0.49440298420761813,-0.8660254037844386,0.5000000000000001,3488.1,3421.8,3815.6,3437.0000000000005,3528.9571428571435,77.26441304902986,3680.0733333333333,151.97259946617163
2021-11-01,3420.4,0,0,1,11,4,305,44,2021,0.0,1.0,-0.8605996962501181,0.5092820071573356,-0.5000000000000004,0.8660254037844384,3377.3,3524.1000000000004,3645.1,3437.8,3514.1428571428573,87.6009485706503,3672.5833333333335,159.12460544325305
2021-11-02,3454.0999999999995,0,1,2,11,4,306,44,2021,0.7818314824680298,0.6234898018587336,-0.8517119107469189,0.5240103253675756,-0.5000000000000004,0.8660254037844384,3420.4,3600.6,3631.2,3460.000000000001,3493.214285714286,80.73395461992995,3666.68,163.9254948507665
2021-11-03,3389.0000000000005,0,2,3,11,4,307,44,2021,0.9749279121818236,-0.22252093395631434,-0.8425720899866032,0.5385835804920232,-0.5000000000000004,0.8660254037844384,3454.0999999999995,3586.8,3819.3,3477.3,3464.9571428571426,77.05073776725024,3652.3366666666666,168.86199728309654
2021-11-04,3066.9,0,3,4,11,4,308,44,2021,0.43388373911755823,-0.900968867902419,-0.8331829385891785,0.5529974600700271,-0.5000000000000004,0.8660254037844384,3389.0000000000005,3576.0000000000005,3825.6,3336.4999999999995,3392.2285714285713,155.30279793880132,3627.046666666667,196.56053157923748
2021-11-05,2942.999999999999,0,4,5,11,4,309,44,2021,-0.433883739117558,-0.9009688679024191,-0.8235472349556007,0.5672476988027229,-0.5000000000000004,0.8660254037844384,3066.9,3549.8,3839.8,3471.0000000000005,3305.542857142857,211.7744150201902,3597.153333333333,228.66122770918363
2021-11-06,3066.8,0,5,6,11,4,310,44,2021,-0.9749279121818236,-0.2225209339563146,-0.8136678304455991,0.5813300798152042,-0.5000000000000004,0.8660254037844384,2942.999999999999,3488.1,3881.2,3496.2000000000003,3245.3571428571427,211.11024653123042,3570.0066666666667,241.7448540026892
2021-11-07,3087.5999999999995,0,6,7,11,4,311,44,2021,-0.7818314824680299,0.6234898018587334,-0.8035476485339116,0.5952404359043674,-0.5000000000000004,0.8660254037844384,3066.8,3377.3,3894.4,3459.1,3203.971428571428,209.32199051768612,3543.1133333333332,249.17548688498192
2021-11-08,3257.0,0,0,8,11,4,312,45,2021,0.0,1.0,-0.7931896839451843,0.6089746507720486,-0.5000000000000004,0.8660254037844384,3087.5999999999995,3420.4,3823.1,3411.7000000000003,3180.628571428571,189.31924285261175,3524.2433333333333,248.67582232536282
2021-11-09,3367.0,0,1,9,11,4,313,45,2021,0.7818314824680298,0.6234898018587336,-0.7825970017677834,0.6225286602431057,-0.5000000000000004,0.8660254037844384,3257.0,3454.0999999999995,3766.7,3432.100000000001,3168.1857142857143,170.25205264128806,3510.92,245.92998499012157
2021-11-10,3398.2,0,2,10,11,4,314,45,2021,0.9749279121818236,-0.22252093395631434,-0.7717727365467837,0.6358984534680745,-0.5000000000000004,0.8660254037844384,3367.0,3389.0000000000005,3884.599999999999,3423.7,3169.4999999999995,172.26438014478532,3494.7066666666665,236.2894235427414
2021-11-11,3355.5,0,3,11,11,4,315,45,2021,0.43388373911755823,-0.900968867902419,-0.7607200913564104,0.6490800741100398,-0.5000000000000004,0.8660254037844384,3398.2,3066.9,3912.0,3299.0999999999995,3210.7285714285713,178.05466121658523,3476.1566666666668,223.92037945067327
2021-11-12,3403.1000000000004,0,4,12,11,4,316,45,2021,-0.433883739117558,-0.9009688679024191,-0.7494423368521953,0.6620696215153815,-0.5000000000000004,0.8660254037844384,3355.5,2942.999999999999,3899.2,3402.4000000000005,3276.457142857143,144.51484188072223,3459.6200000000003,209.45228474811896
2021-11-13,3404.9,0,5,13,11,4,317,45,2021,-0.9749279121818236,-0.2225209339563146,-0.7379428103031386,0.6748632518680403,-0.5000000000000004,0.8660254037844384,3403.1000000000004,3066.8,3832.9,3414.5,3324.7571428571428,116.56075464670879,3445.3533333333335,197.37830949086455
2021-11-14,3321.2000000000003,0,6,14,11,4,318,45,2021,-0.7818314824680299,0.6234898018587334,-0.7262249146041543,0.6874571793269664,-0.5000000000000004,0.8660254037844384,3404.9,3087.5999999999995,3677.7,3403.8,3358.128571428572,53.993879723722,3433.47,193.60289815086466
2021-11-15,3429.2000000000003,0,0,15,11,4,319,46,2021,0.0,1.0,-0.7142921172691032,0.699847677146407,-0.5000000000000004,0.8660254037844384,3321.2000000000003,3257.0,3706.7,3423.4,3382.7285714285717,36.69712587682849,3424.2200000000003,186.60091177661053
2021-11-16,3463.4999999999995,0,1,16,11,4,320,46,2021,0.7818314824680298,0.6234898018587336,-0.7021479494046978,0.7120310787787131,-0.5000000000000004,0.8660254037844384,3429.2000000000003,3367.0,3556.7,3339.8,3396.514285714286,46.59468598354877,3421.1133333333332,185.08893805007924
2021-11-17,3454.3,0,2,17,11,4,321,46,2021,0.9749279121818236,-0.22252093395631434,-0.6897960046655887,0.7240037789593305,-0.5000000000000004,0.8660254037844384,3463.4999999999995,3398.2,3532.1000000000004,3009.7,3404.5285714285715,51.49940822591862,3418.5199999999995,184.02221455105956
2021-11-18,3406.8,0,3,18,11,4,322,46,2021,0.43388373911755823,-0.900968867902419,-0.6772399381909491,0.7357622347736527,-0.5000000000000004,0.8660254037844384,3454.3,3355.5,3576.5000000000005,2808.4999999999995,3411.8571428571427,46.7948308093636,3412.8633333333332,181.59075147977347
2021-11-19,3324.7000000000003,0,4,19,11,4,323,46,2021,-0.433883739117558,-0.9009688679024191,-0.6644834655228552,0.7473029667054297,-0.5000000000000004,0.8660254037844384,3406.8,3403.1000000000004,3636.0,2870.2,3400.657142857143,57.416805238625635,3402.486666666666,177.24261325658497
2021-11-20,3337.0,0,5,20,11,4,324,46,2021,-0.9749279121818236,-0.2225209339563146,-0.6515303615068021,0.75862255966641,-0.5000000000000004,0.8660254037844384,3324.7000000000003,3404.9,3635.6,3095.8,3390.957142857143,62.12318024546272,3392.5333333333333,172.0072158336707
2021-11-21,3204.0,0,6,21,11,4,325,46,2021,-0.7818314824680299,0.6234898018587334,-0.6383844591746642,0.769717664006921,-0.5000000000000004,0.8660254037844384,3337.0,3321.2000000000003,3683.499999999999,3209.7000000000003,3374.214285714286,92.44853394495843,3376.55,166.21830213763374
2021-11-22,3351.7,0,0,22,11,4,326,47,2021,0.0,1.0,-0.6250496486104377,0.7805849965070866,-0.5000000000000004,0.8660254037844384,3204.0,3429.2000000000003,3617.8,3262.3,3363.1428571428573,89.35492631715124,3367.68,159.87957191974792
2021-11-23,3430.5,0,1,23,11,4,327,47,2021,0.7818314824680298,0.6234898018587336,-0.6115298757991053,0.7912213413483807,-0.5000000000000004,0.8660254037844384,3351.7,3463.4999999999995,3421.8,3287.0999999999995,3358.4285714285716,83.88054431324578,3367.9700000000003,159.9889762366203
2021-11-24,3460.7000000000007,0,2,24,11,4,328,47,2021,0.9749279121818236,-0.22252093395631434,-0.5978291414589552,0.801623551065242,-0.5000000000000004,0.8660254037844384,3430.5,3454.3,3524.1000000000004,3267.6000000000004,3359.342857142857,85.12533616464347,3365.856666666667,158.26494521863629
2021-11-25,3469.6,0,3,25,11,4,329,47,2021,0.43388373911755823,-0.900968867902419,-0.5839514998576998,0.8117885474764613,-0.5000000000000004,0.8660254037844384,3460.7000000000007,3406.8,3600.6,3178.1,3368.3142857142857,93.82518191778519,3361.49,153.29397124704593
2021-11-26,3482.9,0,4,26,11,4,330,47,2021,-0.433883739117558,-0.9009688679024191,-0.5699010576127624,0.821713322596059,-0.5000000000000004,0.8660254037844384,3469.6,3324.7000000000003,3586.8,3269.7000000000003,3390.914285714286,100.39202206967893,3358.0266666666666,149.14563106027717
2021-11-27,3454.8,0,5,27,11,4,331,47,2021,-0.9749279121818236,-0.2225209339563146,-0.5556819724760489,0.8313949395234058,-0.5000000000000004,0.8660254037844384,3482.9,3337.0,3576.0000000000005,3329.0,3407.7428571428572,99.71925352613903,3353.9866666666667,144.61020313440966
2021-11-28,3306.6000000000004,0,6,28,11,4,332,47,2021,-0.7818314824680299,0.6234898018587334,-0.5412984521036173,0.8408305333122887,-0.5000000000000004,0.8660254037844384,3454.8,3204.0,3549.8,3291.6,3422.4000000000005,66.93090965068056,3345.8799999999997,139.9978211653132
2021-11-29,3387.2,0,0,29,11,4,333,48,2021,0.0,1.0,-0.5267547528105542,0.8500173118187018,-0.5000000000000004,0.8660254037844384,3306.6000000000004,3351.7,3488.1,3175.2,3427.471428571429,61.83175328491524,3342.516666666667,137.65571266709424
2021-11-30,3415.1,0,1,30,11,4,334,48,2021,0.7818314824680298,0.6234898018587336,-0.5120551783114646,0.8589525565270845,-0.5000000000000004,0.8660254037844384,3387.2,3430.5,3377.3,3217.7,3425.2714285714287,61.97982774758214,3343.7766666666666,138.15715609989132
2021-12-01,3350.4000000000005,0,2,1,12,4,335,48,2021,0.9749279121818236,-0.22252093395631434,-0.4972040784469378,0.8676336233547726,-2.4492935982947064e-16,1.0,3415.1,3460.7000000000007,3420.4,3227.7000000000003,3409.514285714286,65.3981760339863,3341.443333333333,137.4075229665998
2021-12-02,3277.0,0,3,2,12,4,336,48,2021,0.43388373911755823,-0.900968867902419,-0.4822058478963526,0.8760579434344281,-2.4492935982947064e-16,1.0,3350.4000000000005,3469.6,3454.0999999999995,3187.7000000000003,3382.0000000000005,75.62188836574195,3335.54,136.1996420067219
2021-12-03,3334.7,0,4,3,12,4,337,48,2021,-0.433883739117558,-0.9009688679024191,-0.46706492487743034,0.8842230238742036,-2.4492935982947064e-16,1.0,3277.0,3482.9,3389.0000000000005,3300.9,3360.828571428571,62.22391593500347,3333.7300000000005,135.82498665562454
2021-12-04,3352.9,0,5,4,12,4,338,48,2021,-0.9749279121818236,-0.2225209339563146,-0.451785789832884,0.8921264484954345,-2.4492935982947064e-16,1.0,3334.7,3454.8,3066.9,3345.2,3346.2714285714287,46.51120704682887,3343.2633333333333,126.14265182402004
2021-12-05,3286.3,0,6,5,12,4,339,48,2021,-0.7818314824680299,0.6234898018587334,-0.4363729641045924,0.8997658785476209,-2.4492935982947064e-16,1.0,3352.9,3306.6000000000004,2942.999999999999,3395.2000000000003,3343.371428571428,49.9059687240545,3354.706666666667,101.80317024172102
2021-12-06,3420.5000000000005,0,0,6,12,4,340,49,2021,0.0,1.0,-0.42083100859565564,0.9071390534005044,-2.4492935982947064e-16,1.0,3286.3,3387.2,3066.8,3386.7999999999997,3348.128571428572,55.9956758534651,3366.496666666667,86.66643737812524
2021-12-07,3502.3,0,1,7,12,4,341,49,2021,0.7818314824680298,0.6234898018587336,-0.4051645224207563,0.9142437912130223,-2.4492935982947064e-16,1.0,3420.5000000000005,3415.1,3087.5999999999995,3409.8,3360.5857142857144,78.53925618380559,3380.32,72.5752232823509
2021-12-08,3543.4,0,2,8,12,4,342,49,2021,0.9749279121818236,-0.22252093395631434,-0.3893781415452015,0.9210779895789526,-2.4492935982947064e-16,1.0,3502.3,3350.4000000000005,3257.0,3389.9999999999995,3388.157142857143,104.08851773279478,3389.866666666667,74.60258539170555
2021-12-09,3566.5,0,3,9,12,4,343,49,2021,0.43388373911755823,-0.900968867902419,-0.37347653741307074,0.9276396261490467,-2.4492935982947064e-16,1.0,3543.4,3277.0,3367.0,3257.1000000000004,3429.5142857142855,109.91200159781957,3396.516666666667,81.10244727517929
2021-12-10,3569.8,0,4,10,12,4,344,49,2021,-0.433883739117558,-0.9009688679024191,-0.3574644155648614,0.9339267592294762,-2.4492935982947064e-16,1.0,3566.5,3334.7,3398.2,3352.4999999999995,3463.100000000001,112.01057985744539,3402.2366666666667,87.05791367436709
2021-12-11,3551.2000000000003,0,5,11,12,4,345,49,2021,-0.9749279121818236,-0.2225209339563146,-0.34134651424503615,0.9399375283564133,-2.4492935982947064e-16,1.0,3569.8,3352.9,3355.5,3390.0,3491.4285714285716,104.30582780596202,3408.76,90.69130513773848
2021-12-12,3412.0,0,6,12,12,4,346,49,2021,-0.7818314824680299,0.6234898018587334,-0.3251276029999093,0.9456701548465688,-2.4492935982947064e-16,1.0,3551.2000000000003,3286.3,3403.1000000000004,3412.6,3509.3857142857146,67.39459495072879,3409.0566666666664,90.68670846355714
2021-12-13,3528.8,0,0,13,12,4,347,50,2021,0.0,1.0,-0.30881248126625377,0.9511229423235357,-2.4492935982947064e-16,1.0,3412.0,3420.5000000000005,3404.9,3416.3,3524.8571428571436,54.85264676516817,3413.186666666667,93.27522764353988
2021-12-14,3587.8,0,1,14,12,4,348,50,2021,0.7818314824680298,0.6234898018587336,-0.29240597695107734,0.9562942772197719,-2.4492935982947064e-16,1.0,3528.8,3502.3,3321.2000000000003,3350.4,3537.0714285714284,58.39739475599267,3422.0733333333337,96.84093938118323
2021-12-15,3598.8,0,2,15,12,4,349,50,2021,0.9749279121818236,-0.22252093395631434,-0.27591294500296043,0.9611826292540837,-2.4492935982947064e-16,1.0,3587.8,3543.4,3429.2000000000003,3273.9,3544.9857142857145,62.97280970312773,3427.726666666667,102.0800190970332
2021-12-16,3625.9,0,3,16,12,4,350,50,2021,0.43388373911755823,-0.900968867902419,-0.2593382659754056,0.9657865518844574,-2.4492935982947064e-16,1.0,3598.8,3566.5,3463.4999999999995,3209.7000000000003,3553.471428571429,69.96862902487572,3433.1400000000003,108.16707893586337
2021-12-17,3644.6,0,4,17,12,4,351,50,2021,-0.433883739117558,-0.9009688679024191,-0.2426868445825954,0.9701046827361175,-2.4492935982947064e-16,1.0,3625.9,3569.8,3454.3,3321.7,3564.157142857143,78.11546703744328,3439.483333333334,114.82578132750189
2021-12-18,3626.4,0,5,18,12,4,352,50,2021,-0.9749279121818236,-0.2225209339563146,-0.22596360824801906,0.974135744004672,-2.4492935982947064e-16,1.0,3644.6,3551.2000000000003,3406.8,3405.0000000000005,3574.9000000000005,81.14860853193008,3446.8033333333337,119.57193905425876
2021-12-19,3477.9,0,6,19,12,4,353,50,2021,-0.7818314824680299,0.6234898018587334,-0.20917350564635637,0.9778785428342386,-2.4492935982947064e-16,1.0,3626.4,3412.0,3324.7000000000003,3437.8,3584.3142857142857,60.2256431699979,3451.9100000000003,117.42957493308684
2021-12-20,3631.1,0,0,20,12,4,354,51,2021,0.0,1.0,-0.19232150523909483,0.9813319716704275,-2.4492935982947064e-16,1.0,3477.9,3528.8,3337.0,3474.3,3598.9285714285716,56.82545539592531,3461.7133333333336,119.75881432777831
2021-12-21,3710.1,0,1,21,12,4,355,51,2021,0.7818314824680298,0.6234898018587336,-0.17541259380427843,0.9844950085880858,-2.4492935982947064e-16,1.0,3631.1,3587.8,3204.0,3527.9,3616.4,70.08718380228554,3478.583333333334,117.8346154964456
2021-12-22,3732.2,0,2,22,12,4,356,51,2021,0.9749279121818236,-0.22252093395631434,-0.15845177496083632,0.9873667175937016,-2.4492935982947064e-16,1.0,3710.1,3598.8,3351.7,3506.999999999999,3635.457142857143,81.68122707908465,3491.2666666666673,124.02181769498263
2021-12-23,3758.3,0,3,23,12,4,357,51,2021,0.43388373911755823,-0.900968867902419,-0.14144406768794202,0.9899462489023779,-2.4492935982947064e-16,1.0,3732.2,3625.9,3430.5,3395.7,3654.371428571428,93.56433997142273,3502.1933333333336,132.6251365713692
2021-12-24,3784.8,0,4,24,12,4,358,51,2021,-0.433883739117558,-0.9009688679024191,-0.12439450483979998,0.9922328391893008,-2.4492935982947064e-16,1.0,3758.3,3644.6,3460.7000000000007,3420.0499999999997,3674.4,105.3833003848446,3512.9966666666664,141.99767478264468
2021-12-25,3717.499999999999,0,5,25,12,4,359,51,2021,-0.9749279121818236,-0.2225209339563146,-0.10730813165636247,0.9942258118156161,-2.4492935982947064e-16,1.0,3784.8,3626.4,3469.6,3444.4,3687.4142857142856,104.08478000444585,3521.26,146.52606123379266
2021-12-26,3575.6,0,6,26,12,4,360,51,2021,-0.7818314824680299,0.6234898018587334,-0.09019000427034513,0.9959245770286599,-2.4492935982947064e-16,1.0,3717.499999999999,3477.9,3482.9,3468.75,3701.371428571428,73.30806491072413,3524.35,146.66659528472485
2021-12-27,3661.9,0,0,27,12,4,361,52,2021,0.0,1.0,-0.07304518821104743,0.9973286321364752,-2.4492935982947064e-16,1.0,3575.6,3631.1,3454.8,3517.4500000000003,3705.7714285714283,69.19638030722155,3531.253333333333,148.1465647380242
2021-12-28,3587.9,0,1,28,12,4,362,52,2021,0.7818314824680298,0.6234898018587336,-0.05587875690537313,0.9984375616565666,-2.4492935982947064e-16,1.0,3661.9,3710.1,3306.6000000000004,3541.8,3688.3142857142857,82.12846499178731,3540.63,142.22090672733108
2021-12-29,3549.8,0,2,29,12,4,363,52,2021,0.9749279121818236,-0.22252093395631434,-0.03869579017652689,0.9992510374388481,-2.4492935982947064e-16,1.0,3587.9,3732.2,3387.2,3566.1500000000005,3662.2571428571428,93.96625027358753,3546.05,139.23916846376991
2021-12-30,3619.8,0,3,30,12,4,364,52,2021,0.43388373911755823,-0.900968867902419,-0.021501372740813793,0.999768818762748,-2.4492935982947064e-16,1.0,3549.8,3758.3,3415.1,3590.5000000000005,3642.4714285714285,84.47484269071597,3552.8733333333334,137.6067934703614
2021-12-31,3651.8,0,4,31,12,4,365,52,2021,-0.433883739117558,-0.9009688679024191,-0.004300592702981974,0.9999907524084426,-2.4492935982947064e-16,1.0,3619.8,3784.8,3350.4000000000005,3638.1,3623.471428571429,57.90595001915676,3562.92,133.2480481839296
2022-01-01,3584.899999999999,0,5,1,1,1,1,52,2022,-0.9749279121818236,-0.2225209339563146,0.017201575418260506,0.9998520419557735,0.49999999999999994,0.8660254037844387,3651.8,3717.499999999999,3277.0,3662.8,3604.5285714285715,41.33834839009657,3573.1833333333334,121.83496775480862
2022-01-02,3478.8,0,6,2,1,1,2,52,2022,-0.7818314824680299,0.6234898018587334,0.03439806061360801,0.9994082116062598,0.49999999999999994,0.8660254037844387,3584.899999999999,3575.6,3334.7,3622.7,3590.7,63.09432092776008,3577.986666666666,114.74270687764134
2022-01-03,3661.6,0,0,3,1,1,3,1,2022,0.0,1.0,0.051584366869408364,0.9986686402879997,0.49999999999999994,0.8660254037844387,3478.8,3661.9,3352.9,3545.3,3590.657142857143,63.03797419395741,3588.2766666666666,107.47276056921062
2022-01-04,3722.7,0,1,4,1,1,4,1,2022,0.7818314824680298,0.6234898018587336,0.06875540848113941,0.9976335468520451,0.49999999999999994,0.8660254037844387,3661.6,3587.9,3286.3,3532.2,3609.9142857142856,80.28549949133655,3602.8233333333333,93.86215014522107
2022-01-05,3652.5,0,2,5,1,1,5,1,2022,0.9749279121818236,-0.22252093395631434,0.08590610426133272,0.9963032375991965,0.49999999999999994,0.8660254037844387,3722.7,3549.8,3420.5000000000005,3376.6,3624.585714285714,76.77632943757368,3610.5566666666664,87.67589879712656
2022-01-06,3576.3,0,3,6,1,1,6,1,2022,0.43388373911755823,-0.900968867902419,0.10303137904317879,0.9946781061893646,0.49999999999999994,0.8660254037844387,3652.5,3619.8,3502.3,3441.5000000000005,3618.371428571428,78.95770416888449,3613.023333333333,85.5401324780756
2022-01-07,3588.9999999999995,0,4,7,1,1,7,1,2022,-0.433883739117558,-0.9009688679024191,0.1201261651823505,0.9927586335250793,0.49999999999999994,0.8660254037844387,3576.3,3651.8,3543.4,3433.9,3609.399999999999,78.08939321915175,3614.5433333333335,84.66092891680537
2022-01-08,3450.2,0,5,8,1,1,8,1,2022,-0.9749279121818236,-0.2225209339563146,0.13718540405660057,0.9905453876091833,0.49999999999999994,0.8660254037844387,3588.9999999999995,3584.899999999999,3566.5,3453.3,3590.157142857143,98.94451066369491,3610.6666666666665,89.46323202889776
2022-01-09,3355.4,0,6,9,1,1,9,1,2022,-0.7818314824680299,0.6234898018587334,0.1542040475626894,0.988039023376751,0.49999999999999994,0.8660254037844387,3450.2,3478.8,3569.8,3449.9,3572.5285714285715,128.63075985530878,3603.5199999999995,100.69845185947756
2022-01-10,3509.1,0,0,10,1,1,10,2,2022,0.0,1.0,0.17117705961019986,0.985240282501282,0.49999999999999994,0.8660254037844387,3355.4,3661.6,3551.2000000000003,3468.1,3550.742857142857,123.85635304851257,3602.116666666667,101.7406848513512
2022-01-11,3561.4,0,1,11,1,1,11,2,2022,0.7818314824680298,0.6234898018587336,0.18809941761179758,0.9821499931752291,0.49999999999999994,0.8660254037844387,3509.1,3722.7,3412.0,3416.7,3527.7000000000003,99.05375644905214,3607.0966666666664,95.58410805485728
2022-01-12,3560.8,0,2,12,1,1,12,2,2022,0.9749279121818236,-0.22252093395631434,0.20496611396949532,0.9787690698649216,0.49999999999999994,0.8660254037844387,3561.4,3652.5,3528.8,3352.7,3514.6,84.84218683336768,3608.163333333333,94.85600878330165
2022-01-13,3569.9000000000005,0,3,13,1,1,13,2,2022,0.43388373911755823,-0.900968867902419,0.22177215755648186,0.975098513039961,0.49999999999999994,0.8660254037844387,3560.8,3576.3,3587.8,3511.2,3513.6857142857148,84.09768979331614,3607.5666666666666,95.04462593718374
2022-01-14,3471.1,0,4,14,1,1,14,2,2022,-0.433883739117558,-0.9009688679024191,0.23851257519407648,0.9711394088771653,0.49999999999999994,0.8660254037844387,3569.9000000000005,3588.9999999999995,3598.8,3569.8,3496.842857142857,78.09188726842355,3603.3099999999995,98.25611624377039
2022-01-15,3440.5000000000005,0,5,15,1,1,15,2,2022,-0.9749279121818236,-0.2225209339563146,0.2551824131233728,0.9668929289391521,0.49999999999999994,0.8660254037844387,3471.1,3450.2,3625.9,3572.2000000000003,3495.457142857143,79.13656670893354,3597.1299999999997,102.52412382223143
2022-01-16,3403.7,0,6,16,1,1,16,2,2022,-0.7818314824680299,0.6234898018587334,0.2717767384711357,0.9623603298276545,0.49999999999999994,0.8660254037844387,3440.5000000000005,3355.4,3644.6,3430.9,3502.3571428571427,65.88585728726261,3589.1,107.96743123227299
2022-01-17,3620.6,0,0,17,1,1,17,3,2022,0.0,1.0,0.2882906407095177,0.9575429528116719,0.49999999999999994,0.8660254037844387,3403.7,3509.1,3626.4,3457.6,3518.285714285714,79.79718935258843,3588.9066666666668,107.9035103239414
2022-01-18,3708.999999999999,0,1,18,1,1,18,3,2022,0.7818314824680298,0.6234898018587336,0.3047192331091634,0.9524422234305676,0.49999999999999994,0.8660254037844387,3620.6,3561.4,3477.9,3543.3000000000006,3539.371428571428,107.70824348343635,3596.61,107.95457968915015
2022-01-19,3750.7,0,2,19,1,1,19,3,2022,0.9749279121818236,-0.22252093395631434,0.321057654185271,0.9470596510722283,0.49999999999999994,0.8660254037844387,3708.999999999999,3560.8,3631.1,3507.4000000000005,3566.5,134.5704648130549,3600.5966666666664,111.42477123008663
2022-01-20,3785.900000000001,0,3,20,1,1,20,3,2022,0.43388373911755823,-0.900968867902419,0.3373010691361842,0.9413968285264122,0.49999999999999994,0.8660254037844387,3750.7,3569.9000000000005,3710.1,3631.6,3597.3571428571427,158.17443806489328,3603.1233333333334,114.80173819221119
2022-01-21,3808.1,0,4,21,1,1,21,3,2022,-0.433883739117558,-0.9009688679024191,0.3534446712740877,0.9354554315134164,0.49999999999999994,0.8660254037844387,3785.900000000001,3471.1,3732.2,3702.499999999999,3645.5,164.50048632147622,3605.653333333333,118.52052850945225
2022-01-22,3642.6,0,5,22,1,1,22,3,2022,-0.9749279121818236,-0.2225209339563146,0.3694836834473831,0.9292372181882051,0.49999999999999994,0.8660254037844387,3808.1,3440.5000000000005,3758.3,3751.1,3674.371428571428,138.1490464955204,3601.7966666666666,115.21856137383618
2022-01-23,3533.8,0,6,23,1,1,23,3,2022,-0.7818314824680299,0.6234898018587334,0.38541335945432564,0.9227440286201427,0.49999999999999994,0.8660254037844387,3642.6,3403.7,3784.8,3758.4,3692.957142857143,98.8182314006143,3593.4300000000003,110.48755320755428
2022-01-24,3730.3,0,0,24,1,1,24,4,2022,0.0,1.0,0.4012289854475009,0.9159777842484877,0.49999999999999994,0.8660254037844387,3533.8,3620.6,3717.499999999999,3806.3,3708.628571428572,94.01244091938915,3593.856666666667,111.00668722736683
2022-01-25,3789.999999999999,0,1,25,1,1,25,4,2022,0.7818314824680298,0.6234898018587336,0.4169258813287287,0.908940487313808,0.49999999999999994,0.8660254037844387,3730.3,3708.999999999999,3575.6,3790.900000000001,3720.2000000000003,98.92246121754131,3601.003333333333,116.55377768203401
2022-01-26,3615.000000000001,0,2,26,1,1,26,4,2022,0.9749279121818236,-0.22252093395631434,0.4324994021339788,0.901634220265486,0.49999999999999994,0.8660254037844387,3789.999999999999,3750.7,3661.9,3677.9,3700.8142857142857,105.0555952590846,3599.4400000000005,116.02212809156514
2022-01-27,3734.6,0,3,27,1,1,27,4,2022,0.43388373911755823,-0.900968867902419,0.44794493940789115,0.8940611451454876,0.49999999999999994,0.8660254037844387,3615.000000000001,3785.900000000001,3587.9,3725.1,3693.485714285714,99.78811600205971,3604.33,118.5822256553581
2022-01-28,3831.1,0,4,28,1,1,28,4,2022,-0.433883739117558,-0.9009688679024191,0.4632579225674917,0.88622350294858,0.49999999999999994,0.8660254037844387,3734.6,3808.1,3549.8,3586.9,3696.7714285714287,104.46027497389377,3613.706666666667,125.06605684481916
2022-01-29,3813.8,0,5,29,1,1,29,4,2022,-0.9749279121818236,-0.2225209339563146,0.4784338202547012,0.8781236129591848,0.49999999999999994,0.8660254037844387,3831.1,3642.6,3619.8,3719.3,3721.2285714285717,109.57932764724215,3620.1733333333336,130.29802955434886
2022-01-30,3719.5,0,6,30,1,1,30,4,2022,-0.7818314824680299,0.6234898018587334,0.49346814167723735,0.8697638720650646,0.49999999999999994,0.8660254037844387,3813.8,3533.8,3651.8,3790.9,3747.7571428571428,73.02161454308546,3622.43,131.44586967710794
2022-01-31,3851.7,0,0,31,1,1,31,5,2022,0.0,1.0,0.5083564379375122,0.8611467540480452,0.49999999999999994,0.8660254037844387,3719.5,3730.3,3584.899999999999,3810.9,3765.1,82.04356566282038,3631.3233333333337,137.6960638090447
2022-02-01,3873.0,0,1,1,2,1,32,5,2022,0.7818314824680298,0.6234898018587336,0.5230943033491326,0.8522748088519838,0.8660254037844386,0.5000000000000001,3851.7,3789.999999999999,3478.8,3809.2,3776.957142857143,91.67436677617381,3644.4633333333336,141.39824288849098
2022-02-02,3901.2,0,2,2,2,1,33,5,2022,0.9749279121818236,-0.22252093395631434,0.5376773767406141,0.8431506618282,0.8660254037844386,0.5000000000000001,3873.0,3615.000000000001,3661.6,3702.7,3817.842857142857,68.22733707109411,3652.45,148.96387840333682
2022-02-03,3833.8000000000006,0,3,3,2,1,34,5,2022,0.43388373911755823,-0.900968867902419,0.5521013427459208,0.8337770129585915,0.8660254037844386,0.5000000000000001,3901.2,3734.6,3722.7,3775.8000000000006,3832.014285714286,57.51705337180157,3656.1533333333336,152.1181703384741
2022-02-04,3823.500000000001,0,4,4,2,1,35,5,2022,-0.433883739117558,-0.9009688679024191,0.5663619330814524,0.8241566360566663,0.8660254037844386,0.5000000000000001,3833.8000000000006,3831.1,3652.5,3808.8,3830.9285714285716,57.60884522035033,3661.8533333333335,155.150100255185
2022-02-05,3857.2,0,5,5,2,1,36,5,2022,-0.9749279121818236,-0.2225209339563146,0.580454927809098,0.8142923779467267,0.8660254037844386,0.5000000000000001,3823.500000000001,3813.8,3576.3,3805.2,3837.128571428572,57.79330163858938,3671.2166666666667,158.2540342860636
2022-02-06,3744.7,0,6,6,2,1,37,5,2022,-0.7818314824680299,0.6234898018587334,0.5943761565849831,0.804187157621448,0.8660254037844386,0.5000000000000001,3857.2,3719.5,3588.9999999999995,3737.1,3840.7285714285717,49.42373634488794,3676.4066666666668,158.01767455339552
2022-02-07,3870.999999999999,0,0,7,2,1,38,6,2022,0.0,1.0,0.6081214998935418,0.7938439653781019,0.8660254037844386,0.5000000000000001,3744.7,3851.7,3450.2,3753.3,3843.485714285714,50.66064970541452,3690.4333333333334,155.90809258448286
2022-02-08,3932.7,0,1,8,2,1,39,6,2022,0.7818314824680298,0.6234898018587336,0.6216868902665479,0.7832658619336791,0.8660254037844386,0.5000000000000001,3870.999999999999,3873.0,3355.4,3741.2,3852.0142857142855,60.52265219382533,3709.6766666666667,148.58520064452225
2022-02-09,3896.0,0,2,9,2,1,40,6,2022,0.9749279121818236,-0.22252093395631434,0.6350683134867438,0.7724559775191742,0.8660254037844386,0.5000000000000001,3932.7,3901.2,3509.1,3616.3,3851.2714285714287,59.846462281594974,3722.5733333333333,147.3612683248111
2022-02-10,3885.8000000000006,0,3,10,2,1,41,6,2022,0.43388373911755823,-0.900968867902419,0.6482618097757122,0.7614175109532997,0.8660254037844386,0.5000000000000001,3896.0,3833.8000000000006,3561.4,3736.0,3858.7000000000003,60.5396288943865,3733.3866666666668,147.02840620058126
2022-02-11,3888.8,0,4,11,2,1,42,6,2022,-0.433883739117558,-0.9009688679024191,0.6612634749656386,0.7501537286959042,0.8660254037844386,0.5000000000000001,3885.8000000000006,3823.500000000001,3560.8,3791.3,3868.0285714285715,59.22850423815496,3744.32,145.9433319406167
2022-02-12,3862.2,0,5,12,2,1,43,6,2022,-0.9749279121818236,-0.2225209339563146,0.6740694616546161,0.7386679638813748,0.8660254037844386,0.5000000000000001,3888.8,3857.2,3569.9000000000005,3786.8,3868.742857142857,59.10617162203074,3754.063333333333,143.63622750049043
2022-02-13,3761.1,0,6,13,2,1,44,6,2022,-0.7818314824680299,0.6234898018587334,0.6866759803451553,0.726963615332308,0.8660254037844386,0.5000000000000001,3862.2,3744.7,3471.1,3770.2,3871.085714285714,53.42154461053014,3763.7300000000005,133.32453831624258
2022-02-14,3871.6,0,0,14,2,1,45,7,2022,0.0,1.0,0.6990793005655562,0.7150441465537444,0.8660254037844386,0.5000000000000001,3761.1,3870.999999999999,3440.5000000000005,3782.8,3871.171428571429,53.42186550738516,3778.1,119.83479144796421
2022-02-15,3918.500000000001,0,1,15,2,1,46,7,2022,0.7818314824680298,0.6234898018587336,0.7112757519738152,0.7029130847082615,0.8660254037844386,0.5000000000000001,3871.6,3932.7,3403.7,3754.8,3869.1428571428573,50.90644547087959,3795.2599999999998,99.5080610146444
2022-02-16,3950.2,0,2,16,2,1,47,7,2022,0.9749279121818236,-0.22252093395631434,0.7232617254437388,0.6905740195722294,0.8660254037844386,0.5000000000000001,3918.500000000001,3896.0,3620.6,3644.3,3876.8857142857146,59.12992554740421,3806.246666666667,97.73871831300436
2022-02-17,3941.3000000000006,0,3,17,2,1,48,7,2022,0.43388373911755823,-0.900968867902419,0.7350336741329412,0.6780306024735382,0.8660254037844386,0.5000000000000001,3950.2,3885.8000000000006,3708.999999999999,3752.7,3884.814285714286,64.04137799299453,3813.99,98.96299674189044
2022-02-18,3971.2,0,4,18,2,1,49,7,2022,-0.433883739117558,-0.9009688679024191,0.746588114532413,0.6652865452111116,0.8660254037844386,0.5000000000000001,3941.3000000000006,3888.8,3750.7,3745.1,3896.585714285714,71.97734431917894,3821.3400000000006,102.23455991677538
2022-02-19,3944.8,0,5,19,2,1,50,7,2022,-0.9749279121818236,-0.2225209339563146,0.7579216274973472,0.6523456189565257,0.8660254037844386,0.5000000000000001,3971.2,3862.2,3785.900000000001,3713.400000000001,3908.385714285715,72.1710798166991,3826.6366666666663,104.42783181445765
2022-02-20,3798.9,0,6,20,2,1,51,7,2022,-0.7818314824680299,0.6234898018587334,0.7690308592589181,0.6392116531380588,0.8660254037844386,0.5000000000000001,3944.8,3761.1,3808.1,3695.1,3913.785714285714,59.64046245552063,3826.3300000000004,104.49762957217875
2022-02-21,3932.3,0,0,21,2,1,52,8,2022,0.0,1.0,0.7799125224167177,0.6258885343075018,0.8660254037844386,0.5000000000000001,3798.9,3871.6,3642.6,3642.4,3922.4571428571435,56.83117856552415,3835.9866666666667,100.23219158475173
2022-02-22,3998.7,0,1,22,2,1,53,8,2022,0.7818314824680298,0.6234898018587336,0.7905633969115482,0.612380204990065,0.8660254037844386,0.5000000000000001,3932.3,3918.500000000001,3533.8,3613.2999999999993,3933.914285714286,63.583473444298214,3851.483333333333,86.96069696184107
2022-02-23,3993.2,0,2,23,2,1,54,8,2022,0.9749279121818236,-0.22252093395631434,0.8009803309782905,0.5986906625177214,0.8660254037844386,0.5000000000000001,3998.7,3950.2,3730.3,3481.1,3940.057142857143,67.38270938314389,3860.246666666667,87.57205007318329
2022-02-24,4036.7999999999993,0,3,24,2,1,55,8,2022,0.43388373911755823,-0.900968867902419,0.8111602420785621,0.5848239578463322,0.8660254037844386,0.5000000000000001,3993.2,3941.3000000000006,3789.999999999999,3626.3,3953.7,76.69997827033859,3868.473333333334,92.21474163445721
2022-02-25,4039.0,0,4,25,2,1,56,8,2022,-0.433883739117558,-0.9009688679024191,0.8211001178128892,0.5707841943569036,0.8660254037844386,0.5000000000000001,4036.7999999999993,3971.2,3615.000000000001,3718.6,3963.3857142857146,83.27711627597276,3882.606666666667,84.16758296984337
2022-02-26,3957.400000000001,0,5,26,2,1,57,8,2022,-0.9749279121818236,-0.2225209339563146,0.8307970168121247,0.5565755266413303,0.8660254037844386,0.5000000000000001,4039.0,3944.8,3734.6,3787.2000000000007,3965.1857142857143,82.94394550081334,3890.0333333333333,80.4030121812174
2022-02-27,3866.0,0,6,27,2,1,58,8,2022,-0.7818314824680299,0.6234898018587334,0.8402480696078469,0.5422021592729844,0.8660254037844386,0.5000000000000001,3957.400000000001,3798.9,3831.1,3836.099999999999,3974.7714285714287,61.67367656428656,3891.1966666666663,79.77091114162297
2022-02-28,3998.7,0,0,28,2,1,59,9,2022,0.0,1.0,0.8494504794814806,0.527668345562516,0.8660254037844386,0.5000000000000001,3866.0,3932.3,3813.8,3886.7,3984.2571428571428,59.10549486987999,3897.36,80.72210140456734
2022-03-01,4004.999999999999,0,1,1,3,1,60,9,2022,0.7818314824680298,0.6234898018587336,0.8584015232918917,0.512978386299228,1.0,6.123233995736766e-17,3998.7,3998.7,3719.5,3872.8,3985.157142857143,59.40925453002593,3906.876666666666,75.70379065500605
2022-03-02,4010.8,0,2,2,3,1,61,9,2022,0.9749279121818236,-0.22252093395631434,0.8670985522812081,0.4981366284784055,1.0,6.123233995736766e-17,4004.999999999999,3993.2,3851.7,3769.3,3987.671428571429,60.17387900318215,3912.18,77.26191192611962
2022-03-03,4047.499999999999,0,3,3,3,1,62,9,2022,0.43388373911755823,-0.900968867902419,0.8755389928586302,0.4831474640149687,1.0,6.123233995736766e-17,4010.8,4036.7999999999993,3873.0,3894.1,3989.2,61.74525622807435,3917.9966666666664,80.70254229781108
2022-03-04,4075.499999999999,0,4,4,3,1,63,9,2022,-0.433883739117558,-0.9009688679024191,0.8837203473619977,0.4680153284438345,1.0,6.123233995736766e-17,4047.499999999999,4039.0,3901.2,3944.7000000000007,3994.4142857142856,67.8873927562546,3923.8066666666664,85.57847752845662
2022-03-05,4068.499999999999,0,5,5,3,1,64,9,2022,-0.9749279121818236,-0.2225209339563146,0.8916401947968874,0.45274469960737107,1.0,6.123233995736766e-17,4075.499999999999,3957.400000000001,3833.8000000000006,3937.8000000000006,4010.2857142857138,70.71952650135134,3931.6299999999997,87.7664265006055
2022-03-06,3952.0,0,6,6,3,1,65,9,2022,-0.7818314824680299,0.6234898018587334,0.8992961915530253,0.4373400963303323,1.0,6.123233995736766e-17,4068.499999999999,3866.0,3823.500000000001,3956.4,4022.571428571428,43.83642755695672,3935.913333333333,85.41134840744593
2022-03-07,4052.6,0,0,7,3,1,66,10,2022,0.0,1.0,0.9066860720977985,0.4218060770826634,1.0,6.123233995736766e-17,3952.0,3998.7,3857.2,4004.5,4030.271428571428,43.67805376795458,3942.4266666666667,86.64337105124022
2022-03-08,4101.099999999999,0,1,8,3,1,67,10,2022,0.7818314824680298,0.6234898018587336,0.9138076496466615,0.40614723863057883,1.0,6.123233995736766e-17,4052.6,4004.999999999999,3744.7,3993.4,4044.0,49.16868922397629,3954.3066666666664,82.95252041785419
2022-03-09,4113.5,0,2,9,3,1,68,10,2022,0.9749279121818236,-0.22252093395631434,0.9206588168102428,0.3903682146763026,1.0,6.123233995736766e-17,4101.099999999999,4010.8,3870.999999999999,3846.3,4058.6714285714284,52.79932809821578,3962.39,86.3023568223935
2022-03-10,4128.700000000001,0,3,10,3,1,69,10,2022,0.43388373911755823,-0.900968867902419,0.9272375462179537,0.374473674486883,1.0,6.123233995736766e-17,4113.5,4047.499999999999,3932.7,3973.000000000001,4070.2714285714287,58.543280692917506,3968.923333333333,91.25405870360667
2022-03-11,4170.400000000001,0,4,11,3,1,70,10,2022,-0.433883739117558,-0.9009688679024191,0.9335418911179212,0.35846832151248087,1.0,6.123233995736766e-17,4128.700000000001,4075.499999999999,3896.0,4057.6,4083.828571428571,69.85188411410071,3978.07,97.24781408763776
2022-03-12,4146.299999999999,0,5,12,3,1,71,10,2022,-0.9749279121818236,-0.2225209339563146,0.9395699859530622,0.342356891994542,1.0,6.123233995736766e-17,4170.400000000001,4068.499999999999,3885.8000000000006,4060.4,4094.942857142857,73.11946519552927,3986.7533333333336,100.30686617722114
2022-03-13,4049.3,0,6,13,3,1,72,10,2022,-0.7818314824680299,0.6234898018587334,0.945320046913132,0.3261441535642696,1.0,6.123233995736766e-17,4146.299999999999,3952.0,3888.8,4047.600000000001,4108.842857142858,45.41819962467555,3992.103333333333,99.17610767382128
2022-03-14,4052.6,0,0,14,3,1,73,11,2022,0.0,1.0,0.9507903724625832,0.3098349038318025,1.0,6.123233995736766e-17,4049.3,4052.6,3862.2,3913.1,4108.842857142858,45.41819962467555,3998.45,96.63612428712871
2022-03-15,4101.099999999999,0,1,15,3,1,74,11,2022,0.7818314824680298,0.6234898018587336,0.9559793438440766,0.2934339689665273,1.0,6.123233995736766e-17,4052.6,4101.099999999999,3761.1,3822.4,4108.842857142858,45.41819962467555,4009.7833333333333,87.32940841840481
2022-03-16,4113.5,0,2,16,3,1,75,11,2022,0.9749279121818236,-0.22252093395631434,0.9608854255574977,0.27694620226893646,1.0,6.123233995736766e-17,4101.099999999999,4113.5,3871.6,3808.6,4108.842857142858,45.41819962467555,4017.8466666666664,85.27406823084915
2022-03-17,4128.700000000001,0,3,17,3,1,76,11,2022,0.43388373911755823,-0.900968867902419,0.9655071658143364,0.2603764827344581,1.0,6.123233995736766e-17,4113.5,4128.700000000001,3918.500000000001,3974.5,4108.842857142857,45.41819962467555,4024.8533333333335,85.4651037208683
2022-03-18,4170.400000000001,0,4,18,3,1,77,11,2022,-0.433883739117558,-0.9009688679024191,0.969843196967294,0.24372971360968387,1.0,6.123233995736766e-17,4128.700000000001,4170.400000000001,3950.2,4054.8000000000006,4108.842857142858,45.41819962467555,4032.193333333333,88.24313564522443
2022-03-19,4146.299999999999,0,5,19,3,1,78,11,2022,-0.9749279121818236,-0.2225209339563146,0.9738922359149924,0.22701082094141847,1.0,6.123233995736766e-17,4170.400000000001,4146.299999999999,3941.3000000000006,4095.7,4108.842857142858,45.41819962467555,4039.0266666666666,88.89679771326884
2022-03-20,4049.3,0,6,20,3,1,79,11,2022,-0.7818314824680299,0.6234898018587334,0.9776530844816641,0.2102247521189836,1.0,6.123233995736766e-17,4146.299999999999,4049.3,3971.2,4085.999999999999,4108.842857142857,45.41819962467555,4041.6299999999997,87.98086449471292
2022-03-21,4315.7,0,0,21,3,1,80,12,2022,0.0,1.0,0.981124629771712,0.19337647441020586,1.0,6.123233995736766e-17,4049.3,4052.6,3944.8,4040.9,4146.428571428572,83.78016301183574,4053.9933333333333,99.24388258165143
2022-03-22,4333.3,0,1,22,3,1,81,12,2022,0.7818314824680298,0.6234898018587336,0.984305844499033,0.17647097349152166,1.0,6.123233995736766e-17,4315.7,4101.099999999999,3798.9,4029.0,4179.6,105.89187881987976,4071.8066666666664,99.83628990304392
2022-03-23,4339.000000000001,0,2,23,3,1,82,12,2022,0.9749279121818236,-0.22252093395631434,0.9871957872910085,0.15951325197263655,1.0,6.123233995736766e-17,4333.3,4113.5,3932.3,3901.4,4211.814285714286,116.22777104422575,4085.3633333333332,107.55398478751736
2022-03-24,4324.7,0,3,24,3,1,83,12,2022,0.43388373911755823,-0.900968867902419,0.9897936029670716,0.14250832791617088,1.0,6.123233995736766e-17,4339.000000000001,4128.700000000001,3998.7,3873.5625,4239.814285714286,116.47644151748334,4096.23,114.72559510592687
2022-03-25,4308.5,0,4,25,3,1,84,12,2022,-0.433883739117558,-0.9009688679024191,0.992098522791769,0.12546123335273648,1.0,6.123233995736766e-17,4324.7,4170.400000000001,3993.2,3845.725,4259.542857142857,114.4373461352566,4106.74,119.31217702398234
2022-03-26,4265.3,0,5,26,3,1,85,12,2022,-0.9749279121818236,-0.2225209339563146,0.9941098647022418,0.10837701279187609,1.0,6.123233995736766e-17,4308.5,4146.299999999999,4036.7999999999993,3817.8875,4276.542857142857,103.08704828354459,4114.356666666667,121.95755814422039
2022-03-27,4186.9,0,6,27,3,1,86,12,2022,-0.7818314824680299,0.6234898018587334,0.9958270335100595,0.09126072172931188,1.0,6.123233995736766e-17,4265.3,4049.3,4039.0,3762.2125,4296.2,53.93412648782212,4119.286666666666,121.79554584836367
2022-03-28,4325.7,0,0,28,3,1,87,13,2022,0.0,1.0,0.9972495210773451,0.07411742515094437,1.0,6.123233995736766e-17,4186.9,4315.7,3957.400000000001,3734.375,4297.628571428571,54.664208713655675,4131.5633333333335,123.46550120783048
2022-03-29,4426.6,0,1,29,3,1,88,13,2022,0.7818314824680298,0.6234898018587336,0.998376906467142,0.056952196034039754,1.0,6.123233995736766e-17,4325.7,4333.3,3866.0,3706.5375,4310.957142857143,73.08291768359601,4150.25,124.30706904190143
2022-03-30,4434.299999999999,0,2,30,3,1,89,13,2022,0.9749279121818236,-0.22252093395631434,0.9992088560679753,0.03977011384605572,1.0,6.123233995736766e-17,4426.6,4339.000000000001,3998.7,3678.7,4324.571428571428,86.77201381180895,4164.77,131.24171737410785
2022-03-31,4451.900000000001,0,3,31,3,1,90,13,2022,0.43388373911755823,-0.900968867902419,0.9997451236925734,0.022576263041545485,1.0,6.123233995736766e-17,4434.299999999999,4324.7,4004.999999999999,3828.8,4342.742857142857,99.22821939253936,4179.666666666667,137.6861907615704
2022-04-01,4434.400000000001,0,4,1,4,2,91,13,2022,-0.433883739117558,-0.9009688679024191,0.9999855506507186,0.005375731557583884,0.8660254037844387,-0.4999999999999998,4451.900000000001,4308.5,4010.8,3994.000000000001,4360.728571428571,103.31303103169896,4193.786666666667,141.44074117581016
2022-04-02,4371.799999999999,0,5,2,4,2,92,13,2022,-0.9749279121818236,-0.2225209339563146,0.9999300657962057,-0.011826390691832589,0.8660254037844387,-0.4999999999999998,4434.400000000001,4265.3,4047.499999999999,3994.2,4375.942857142857,94.37261002967936,4204.596666666666,142.26520761888762
2022-04-03,4234.2,0,6,3,4,2,93,13,2022,-0.7818314824680299,0.6234898018587334,0.9995786855478958,-0.029025013321975237,0.8660254037844387,-0.4999999999999998,4371.799999999999,4186.9,4075.499999999999,4045.6,4382.7,79.02674652717943,4209.886666666667,140.23541471477333
2022-04-04,4393.700000000001,0,0,4,4,2,94,14,2022,0.0,1.0,0.9989315138848577,-0.046215046983708354,0.8660254037844387,-0.4999999999999998,4234.2,4325.7,4068.499999999999,4083.6,4392.414285714285,74.92528341783229,4220.7266666666665,141.49267784960455
2022-04-05,4431.5,0,1,5,4,2,95,14,2022,0.7818314824680298,0.6234898018587336,0.9979887423155984,-0.06339140486951038,0.8660254037844387,-0.4999999999999998,4393.700000000001,4426.6,3952.0,3949.400000000001,4393.114285714286,75.31975014502609,4236.71,137.10460730705577
2022-04-06,4423.3,0,2,6,4,2,96,14,2022,0.9749279121818236,-0.22252093395631434,0.9967506498213929,-0.08054900421874167,0.8660254037844387,-0.4999999999999998,4431.5,4434.299999999999,4052.6,4066.6,4391.542857142857,74.42671691322006,4249.066666666667,136.64341293617073
2022-04-07,4466.5,0,3,7,4,2,97,14,2022,0.43388373911755823,-0.900968867902419,0.9952176027737294,-0.09768276782171598,0.8660254037844387,-0.4999999999999998,4423.3,4451.900000000001,4101.099999999999,4060.2,4393.628571428571,76.5736620143644,4261.246666666667,139.25959320220915
2022-04-08,4515.1,0,4,8,4,2,98,14,2022,-0.433883739117558,-0.9009688679024191,0.9933900548258936,-0.11478762552212701,0.8660254037844387,-0.4999999999999998,4466.5,4434.400000000001,4113.5,4114.8,4405.157142857142,88.82923424834459,4274.633333333333,143.79584985936032
2022-04-09,4471.3,0,5,9,4,2,99,14,2022,-0.9749279121818236,-0.2225209339563146,0.9912685467787256,-0.13185851571739118,0.8660254037844387,-0.4999999999999998,4515.1,4371.799999999999,4128.700000000001,4156.0,4419.371428571429,90.54617080596766,4286.053333333333,145.40180887108147
2022-04-10,4296.2,0,6,10,4,2,100,14,2022,-0.7818314824680299,0.6234898018587334,0.9888537064205885,-0.1488903868564548,0.8660254037844387,-0.4999999999999998,4471.3,4234.2,4170.400000000001,4117.5,4428.228571428572,70.14895376475785,4290.246666666667,143.7560954829384
2022-04-11,4430.799999999999,0,0,11,4,2,101,15,2022,0.0,1.0,0.986146248341595,-0.16587819893463143,0.8660254037844387,-0.4999999999999998,4296.2,4393.700000000001,4146.299999999999,4080.7,4433.528571428572,68.4872424686292,4299.73,143.3160509094139
2022-04-12,4464.8,0,1,12,4,2,102,15,2022,0.7818314824680298,0.6234898018587336,0.9831469737221499,-0.1828169249850199,0.8660254037844387,-0.4999999999999998,4430.799999999999,4431.5,4049.3,3939.7,4438.285714285715,69.47228292810394,4313.58,138.26803904259063
2022-04-13,4444.5,0,2,13,4,2,103,15,2022,0.9749279121818236,-0.22252093395631434,0.9798567700958665,-0.1997015525660636,0.8660254037844387,-0.4999999999999998,4464.8,4423.3,4052.6,4040.5,4441.314285714286,69.17156035473819,4326.643333333333,131.0874193267252
2022-04-14,4369.4,0,3,14,4,2,104,15,2022,0.43388373911755823,-0.900968867902419,0.9762766110869321,-0.21652708524481437,0.8660254037844387,-0.4999999999999998,4444.5,4466.5,4101.099999999999,4041.9,4427.442857142857,72.9139414457022,4335.586666666667,124.13733699727517
2022-04-15,4346.0,0,4,15,4,2,105,15,2022,-0.433883739117558,-0.9009688679024191,0.9724075561219968,-0.23328854407545518,0.8660254037844387,-0.4999999999999998,4369.4,4515.1,4113.5,3953.0,4403.285714285715,66.78678583304611,4343.336666666667,116.83710287913159
2022-04-16,4425.4,0,5,16,4,2,106,15,2022,-0.9749279121818236,-0.2225209339563146,0.9682507501166718,-0.2499809690726521,0.8660254037844387,-0.4999999999999998,4346.0,4471.3,4128.700000000001,3915.5,4396.728571428571,60.99859873491714,4353.2266666666665,110.42355425056115
2022-04-17,4270.2,0,6,17,4,2,107,15,2022,-0.7818314824680299,0.6234898018587334,0.9638074231367307,-0.26659942067929354,0.8660254037844387,-0.4999999999999998,4425.4,4296.2,4170.400000000001,3937.8,4393.0142857142855,68.47370367697725,4356.553333333333,106.14617680617602
2022-04-18,4420.0,0,0,18,4,2,108,16,2022,0.0,1.0,0.9590788900341131,-0.28313898122818354,0.8660254037844387,-0.4999999999999998,4270.2,4430.799999999999,4146.299999999999,3876.599999999999,4391.471428571428,67.5964672224576,4365.676666666667,98.97148207620712
2022-04-19,4463.7,0,1,19,4,2,109,16,2022,0.7818314824680298,0.6234898018587336,0.9540665500578387,-0.2995947563972602,0.8660254037844387,-0.4999999999999998,4420.0,4464.8,4049.3,3831.4,4391.314285714286,67.39857635916722,4379.49,80.48461129411926
2022-04-20,4426.8,0,2,20,4,2,110,16,2022,0.9749279121818236,-0.22252093395631434,0.9487718864399473,-0.31596187665790293,0.8660254037844387,-0.4999999999999998,4463.7,4444.5,4315.7,3984.999999999999,4388.785714285715,65.37222724706945,4383.193333333333,80.00281000807674
2022-04-21,4442.5,0,3,21,4,2,111,16,2022,0.43388373911755823,-0.900968867902419,0.9431964659565866,-0.33223549871590435,0.8660254037844387,-0.4999999999999998,4426.8,4369.4,4333.3,3986.8,4399.228571428571,67.56134778325632,4386.833333333333,80.13856247397557
2022-04-22,4376.200000000001,0,4,22,4,2,112,16,2022,-0.433883739117558,-0.9009688679024191,0.9373419384643772,-0.3484108069446808,0.8660254037844387,-0.4999999999999998,4442.5,4346.0,4339.000000000001,3904.900000000001,4403.542857142857,64.4902539702493,4388.073333333334,79.65927412433511
2022-04-23,4416.299999999999,0,5,23,4,2,113,16,2022,-0.9749279121818236,-0.2225209339563146,0.9312100364121947,-0.3644830148102912,0.8660254037844387,-0.4999999999999998,4376.200000000001,4425.4,4324.7,3818.4,4402.242857142857,64.06655022043292,4391.126666666666,78.89829303395044
2022-04-24,4297.299999999999,0,6,24,4,2,114,16,2022,-0.7818314824680299,0.6234898018587334,0.9248025743285089,-0.38044736628785164,0.8660254037844387,-0.4999999999999998,4416.299999999999,4270.2,4308.5,3804.8,4406.114285714286,54.924051458134926,4390.753333333333,79.32807796748858
2022-04-25,4466.3,0,0,25,4,2,115,17,2022,0.0,1.0,0.9181214482844365,-0.39629913726891813,0.8660254037844387,-0.4999999999999998,4297.299999999999,4420.0,4265.3,3833.9,4412.728571428571,59.474328195366375,4397.453333333334,76.81537082768786
2022-04-26,4491.799999999999,0,1,26,4,2,116,17,2022,0.7818314824680298,0.6234898018587336,0.9111686353326631,-0.41203363695942635,0.8660254037844387,-0.4999999999999998,4466.3,4463.7,4186.9,3744.9,4416.742857142856,64.24507392644166,4407.616666666667,67.61636755189049
2022-04-27,4529.7,0,2,27,4,2,117,17,2022,0.9749279121818236,-0.22252093395631434,0.9039461929224011,-0.42764620926777464,0.8660254037844387,-0.4999999999999998,4491.799999999999,4426.8,4325.7,3913.3,4431.442857142857,77.36290793276825,4414.416666666667,69.33029930911596
2022-04-28,4560.799999999999,0,3,28,4,2,118,17,2022,0.43388373911755823,-0.900968867902419,0.8964562582905575,-0.44313223418263453,0.8660254037844387,-0.4999999999999998,4529.7,4442.5,4426.6,3964.599999999999,4448.342857142857,91.76224454433316,4418.89,74.29515856500751
2022-04-29,4572.000000000001,0,4,29,4,2,119,17,2022,-0.433883739117558,-0.9009688679024191,0.8887010478292915,-0.45848712914008766,0.8660254037844387,-0.4999999999999998,4560.799999999999,4376.200000000001,4434.299999999999,4007.6,4476.314285714286,95.85714072814837,4423.48,79.36091889758178
2022-04-30,4556.9,0,5,30,4,2,120,17,2022,-0.9749279121818236,-0.2225209339563146,0.8806828564301475,-0.47370635037968,0.8660254037844387,-0.4999999999999998,4572.000000000001,4416.299999999999,4451.900000000001,4015.6,4496.4,95.91649145656844,4426.98,82.89424255199225
2022-05-01,4372.0,0,6,1,5,2,121,17,2022,-0.7818314824680299,0.6234898018587334,0.8724040568049612,-0.48878539428899265,0.49999999999999994,-0.8660254037844387,4556.9,4297.299999999999,4434.400000000001,3950.7999999999993,4507.071428571428,70.98971085744513,4424.9,83.48242846289057
2022-05-02,4484.599999999999,0,0,2,5,2,122,18,2022,0.0,1.0,0.8638670987837349,-0.503719798736334,0.49999999999999994,-0.8660254037844387,4372.0,4466.3,4371.799999999999,3774.4,4509.685714285714,69.56058339253192,4428.66,83.54856361871978
2022-05-03,4478.3,0,1,3,5,2,123,18,2022,0.7818314824680298,0.6234898018587336,0.8550745085896932,-0.518505144391157,0.49999999999999994,-0.8660254037844387,4484.599999999999,4491.799999999999,4234.2,3681.3,4507.757142857143,70.32208892290387,4436.796666666666,75.45123788807683
2022-05-04,4385.5,0,2,4,5,2,124,18,2022,0.9749279121818236,-0.22252093395631434,0.8460288880917339,-0.533137056031809,0.49999999999999994,-0.8660254037844387,4478.3,4529.7,4393.700000000001,3742.1,4487.157142857142,82.83113056382062,4436.523333333333,75.62739279006301
2022-05-05,4293.8,0,3,5,5,2,125,18,2022,0.43388373911755823,-0.900968867902419,0.8367329140344921,-0.5476112038402312,0.49999999999999994,-0.8660254037844387,4385.5,4560.799999999999,4431.5,3776.4,4449.0142857142855,102.42521545942228,4431.933333333333,79.99531164418377
2022-05-06,4417.9,0,4,6,5,2,126,18,2022,-0.433883739117558,-0.9009688679024191,0.8271893372462497,-0.5619233046832195,0.49999999999999994,-0.8660254037844387,4293.8,4572.000000000001,4423.3,3784.1,4427.0,86.98252698102176,4431.753333333332,80.02147872580136
2022-05-07,4465.5,0,5,7,5,2,127,18,2022,-0.9749279121818236,-0.2225209339563146,0.8174009818249189,-0.5760691233798758,0.49999999999999994,-0.8660254037844387,4417.9,4556.9,4466.5,3760.6,4413.942857142857,69.29475346046766,4431.719999999999,80.00671264936544
2022-05-08,4353.4,0,6,8,5,2,128,18,2022,-0.7818314824680299,0.6234898018587334,0.8073707443023492,-0.5900444739548627,0.49999999999999994,-0.8660254037844387,4465.5,4372.0,4515.1,3702.999999999999,4411.285714285715,71.49287676807778,4426.33,79.64173723831918
2022-05-09,4484.3,0,0,9,5,2,129,19,2022,0.0,1.0,0.7971015927871943,-0.6038452208771035,0.49999999999999994,-0.8660254037844387,4353.4,4484.599999999999,4471.3,3769.2,4411.242857142857,71.44167451247911,4426.763333333333,79.92970395732297
2022-05-10,4472.0,0,1,10,5,2,130,19,2022,0.7818314824680298,0.6234898018587336,0.7865965660866021,-0.6174672802835514,0.49999999999999994,-0.8660254037844387,4484.3,4478.3,4296.2,3631.3,4410.342857142858,70.48945209850189,4432.623333333334,76.39357114729142
2022-05-11,4492.400000000001,0,2,11,5,2,131,19,2022,0.9749279121818236,-0.22252093395631434,0.7758587728069828,-0.6309066211876704,0.49999999999999994,-0.8660254037844387,4472.0,4385.5,4430.799999999999,3677.2000000000007,4425.614285714286,75.60452871296124,4434.676666666666,77.16681296374165
2022-05-12,4521.200000000001,0,3,12,5,2,132,19,2022,0.43388373911755823,-0.900968867902419,0.7648913904341226,-0.6441592666722685,0.49999999999999994,-0.8660254037844387,4492.400000000001,4293.8,4464.8,3668.4,4458.099999999999,55.78327108854147,4436.556666666666,78.59973538308773
2022-05-13,4497.999999999999,0,4,13,5,2,133,19,2022,-0.433883739117558,-0.9009688679024191,0.753697664392914,-0.6572212950663319,0.49999999999999994,-0.8660254037844387,4521.200000000001,4417.9,4444.5,3582.7,4469.542857142857,54.35996863943712,4438.339999999999,79.38913588485686
2022-05-14,4529.8,0,5,14,5,2,134,19,2022,-0.9749279121818236,-0.2225209339563146,0.742280907086982,-0.6700888411055113,0.49999999999999994,-0.8660254037844387,4497.999999999999,4465.5,4369.4,3501.8,4478.728571428571,58.81322737522693,4443.6866666666665,79.9851310894393
2022-05-15,4376.9,0,6,15,5,2,135,19,2022,-0.7818314824680299,0.6234898018587334,0.7306444969184916,-0.6827580970759147,0.49999999999999994,-0.8660254037844387,4529.8,4353.4,4346.0,3566.6,4482.085714285714,50.55836325715596,4444.716666666666,78.87505651486006
2022-05-16,4495.1,0,0,16,5,2,136,20,2022,0.0,1.0,0.7187918772884232,-0.6952253139408722,0.49999999999999994,-0.8660254037844387,4376.9,4484.3,4425.4,3560.7000000000003,4483.628571428571,50.8014013680413,4447.039999999999,79.31177500954622
2022-05-17,4504.2,0,1,17,5,2,137,20,2022,0.7818314824680298,0.6234898018587336,0.7067265555776158,-0.7074868024503348,0.49999999999999994,-0.8660254037844387,4495.1,4472.0,4270.2,3416.2000000000003,4488.228571428571,51.030275794115624,4454.839999999999,72.53775521083409
2022-05-18,4473.200000000001,0,2,18,5,2,138,20,2022,0.9749279121818236,-0.22252093395631434,0.6944521021088763,-0.719538934232584,0.49999999999999994,-0.8660254037844387,4504.2,4492.400000000001,4420.0,3450.4,4485.485714285714,51.28405953031809,4456.613333333333,72.30657304657385
2022-05-19,4468.799999999999,0,3,19,5,2,139,20,2022,0.43388373911755823,-0.900968867902419,0.6819721490904629,-0.7313781428679254,0.49999999999999994,-0.8660254037844387,4473.200000000001,4521.200000000001,4463.7,3295.6,4477.999999999999,48.97444912064961,4456.783333333334,72.32980061816606
2022-05-20,4449.7,0,4,20,5,2,140,20,2022,-0.433883739117558,-0.9009688679024191,0.6692903895412567,-0.7430009249440493,0.49999999999999994,-0.8660254037844387,4468.799999999999,4497.999999999999,4426.8,3145.0999999999995,4471.1,49.089374274593226,4457.546666666666,72.12300189461912
2022-05-21,4273.1,0,5,21,5,2,141,20,2022,-0.9749279121818236,-0.2225209339563146,0.6564105761979381,-0.7544038410927472,0.49999999999999994,-0.8660254037844387,4449.7,4529.8,4442.5,3180.0,4434.428571428572,82.4655021668054,4451.9,79.58680361930146
2022-05-22,4048.7,0,6,22,5,2,142,20,2022,-0.7818314824680299,0.6234898018587334,0.6433365204044917,-0.765583517007675,0.49999999999999994,-0.8660254037844387,4273.1,4376.9,4376.200000000001,3274.6,4387.542857142857,168.76633606996526,4440.983333333334,107.7916671442633
2022-05-23,3941.0,0,0,23,5,2,143,21,2022,0.0,1.0,0.6300720909843687,-0.7765366444428655,0.49999999999999994,-0.8660254037844387,4048.7,4495.1,4416.299999999999,3359.6000000000004,4308.385714285714,229.07912336550632,4425.139999999999,141.27449339053123
2022-05-24,4017.2,0,1,24,5,2,144,21,2022,0.7818314824680298,0.6234898018587336,0.6166212130956382,-0.7872599821916922,0.49999999999999994,-0.8660254037844387,3941.0,4504.2,4297.299999999999,3373.4000000000005,4238.814285714286,233.60510431475754,4415.803333333333,158.2504311337434
2022-05-25,4190.8,0,2,25,5,2,145,21,2022,0.9749279121818236,-0.22252093395631434,0.6029878670694714,-0.7977503570459932,0.49999999999999994,-0.8660254037844387,4017.2,4473.200000000001,4466.3,3496.3,4198.471428571428,209.52484112301076,4406.62,163.13727538696477
2022-05-26,4321.1,0,3,26,5,2,146,21,2022,0.43388373911755823,-0.900968867902419,0.5891760872322963,-0.8080046647350754,0.49999999999999994,-0.8660254037844387,4190.8,4468.799999999999,4491.799999999999,3497.4,4177.371428571429,183.597255918917,4400.929999999999,163.04072930953745
2022-05-27,4375.300000000001,0,4,27,5,2,147,21,2022,-0.433883739117558,-0.9009688679024191,0.5751899607119775,-0.8180198708443175,0.49999999999999994,-0.8660254037844387,4321.1,4449.7,4529.7,3469.9,4166.742857142857,166.56821282529728,4395.783333333334,161.26297239093856
2022-05-28,4406.4,0,5,28,5,2,148,21,2022,-0.9749279121818236,-0.2225209339563146,0.5610336262283677,-0.8277930117131022,0.49999999999999994,-0.8660254037844387,4375.300000000001,4273.1,4560.799999999999,3501.2,4185.785714285715,187.10741503721542,4390.636666666667,158.2505880216192
2022-05-29,4289.099999999999,0,6,29,5,2,149,21,2022,-0.7818314824680299,0.6234898018587334,0.5467112728685939,-0.8373211953118121,0.49999999999999994,-0.8660254037844387,4406.4,4048.7,4572.000000000001,3627.099999999999,4220.128571428571,179.66655888327276,4381.206666666667,155.47518913567686
2022-05-30,4464.7,0,0,30,5,2,150,22,2022,0.0,1.0,0.5322271388474397,-0.8466016020976267,0.49999999999999994,-0.8660254037844387,4289.099999999999,3941.0,4556.9,3724.1,4294.942857142857,150.77721818568605,4378.133333333333,152.77018199157857
2022-05-31,4569.400000000001,0,1,31,5,2,151,22,2022,0.7818314824680298,0.6234898018587336,0.5175855102531889,-0.8556314858488706,0.49999999999999994,-0.8660254037844387,4464.7,4017.2,4372.0,3604.9,4373.828571428572,123.17166495433882,4384.713333333333,156.69755127220563
2022-06-01,4538.6,0,2,1,6,2,152,22,2022,0.9749279121818236,-0.22252093395631434,0.5027907197793043,-0.8644081744776648,1.2246467991473532e-16,-1.0,4569.400000000001,4190.8,4484.599999999999,3748.1,4423.514285714286,105.98508430549649,4386.513333333333,158.18759211405754
2022-06-02,4611.599999999999,0,3,2,6,2,153,22,2022,0.43388373911755823,-0.900968867902419,0.4878471454423119,-0.8729290708206411,1.2246467991473532e-16,-1.0,4538.6,4321.1,4478.3,3530.7,4465.0142857142855,115.63507871133527,4390.956666666667,162.66350221858562
2022-06-03,4633.8,0,4,3,6,2,154,22,2022,-0.433883739117558,-0.9009688679024191,0.47275920928627757,-0.881191653407483,1.2246467991473532e-16,-1.0,4611.599999999999,4375.300000000001,4385.5,3624.8,4501.942857142857,123.23605880780866,4399.233333333334,168.58549930140907
2022-06-04,4622.6,0,5,4,6,2,155,22,2022,-0.9749279121818236,-0.2225209339563146,0.4575313760742512,-0.8891934772070711,1.2246467991473532e-16,-1.0,4633.8,4406.4,4293.8,3624.3,4532.828571428571,122.38938835110653,4410.193333333333,172.14507501107136
2022-06-05,4482.2,0,6,5,6,2,156,22,2022,-0.7818314824680299,0.6234898018587334,0.44216815196707204,-0.8969321743510065,1.2246467991473532e-16,-1.0,4622.6,4289.099999999999,4417.9,3672.2,4560.414285714286,67.95563328557624,4412.336666666667,172.64390595778488
2022-06-06,4557.1,0,0,6,6,2,157,23,2022,0.0,1.0,0.42667408318992467,-0.9044054548343001,1.2246467991473532e-16,-1.0,4482.2,4464.7,4465.5,3590.7,4573.614285714286,53.75544712160552,4415.39,174.41745671488616
2022-06-07,4670.999999999999,0,1,7,6,2,158,23,2022,0.7818314824680298,0.6234898018587336,0.4110537546870351,-0.9116111071930239,1.2246467991473532e-16,-1.0,4557.1,4569.400000000001,4353.4,3778.9,4588.128571428571,64.97365400138236,4425.976666666667,180.07215159930118
2022-06-08,4706.599999999999,0,2,8,6,2,159,23,2022,0.9749279121818236,-0.22252093395631434,0.3953117887649151,-0.9185469991587165,1.2246467991473532e-16,-1.0,4670.999999999999,4538.6,4484.3,3778.9,4612.128571428571,74.02685806037826,4433.386666666667,186.99566790726567
2022-06-09,4707.5,0,3,9,6,2,160,23,2022,0.43388373911755823,-0.900968867902419,0.37945284372454435,-0.925211078289358,1.2246467991473532e-16,-1.0,4706.599999999999,4611.599999999999,4472.0,3900.1,4625.828571428571,82.32198398741832,4441.236666666667,193.50242533153886
2022-06-10,4717.299999999999,0,4,10,6,2,161,23,2022,-0.433883739117558,-0.9009688679024191,0.36348161248290634,-0.9316013725767187,1.2246467991473532e-16,-1.0,4707.5,4633.8,4492.400000000001,3929.8,4637.757142857143,89.41373602798359,4448.733333333334,199.80678137903564
2022-06-11,4649.4,0,5,11,6,2,162,23,2022,-0.9749279121818236,-0.2225209339563146,0.3474028211842774,-0.9377159910299093,1.2246467991473532e-16,-1.0,4717.299999999999,4622.6,4521.200000000001,3901.3,4641.585714285714,89.23014118135113,4453.006666666666,202.75920818976226
2022-06-12,4435.5,0,6,12,6,2,163,23,2022,-0.7818314824680299,0.6234898018587334,0.3312212278016865,-0.9435531242349544,1.2246467991473532e-16,-1.0,4649.4,4482.2,4497.999999999999,3810.0,4634.914285714285,103.7047640913562,4450.923333333333,202.6019942089996
2022-06-13,4549.899999999999,0,0,13,6,2,164,24,2022,0.0,1.0,0.31494162072895193,-0.9491110448902284,1.2246467991473532e-16,-1.0,4435.5,4557.1,4529.8,3766.4,4633.885714285714,104.63669573932405,4451.593333333333,202.90484084115351
2022-06-14,4615.6,0,1,14,6,2,165,24,2022,0.7818314824680298,0.6234898018587336,0.2985688173637202,-0.9543881083175908,1.2246467991473532e-16,-1.0,4549.899999999999,4670.999999999999,4376.9,3582.600000000001,4625.971428571428,103.45004775715738,4459.55,204.5483413902674
2022-06-15,4594.6,0,2,15,6,2,166,24,2022,0.9749279121818236,-0.22252093395631434,0.2821076626819194,-0.9593827529490743,1.2246467991473532e-16,-1.0,4615.6,4706.599999999999,4495.1,3617.5375000000004,4609.971428571428,97.38469616744088,4462.866666666667,205.9465436723006
2022-06-16,4510.5,0,3,16,6,2,167,24,2022,0.43388373911755823,-0.900968867902419,0.26556302780405594,-0.9640935007889755,1.2246467991473532e-16,-1.0,4594.6,4707.5,4504.2,3652.4750000000004,4581.828571428571,92.86304816390296,4463.076666666666,205.99335055107113
2022-06-17,4342.5,0,4,17,6,2,168,24,2022,-0.433883739117558,-0.9009688679024191,0.24893980855376657,-0.9685189578512204,1.2246467991473532e-16,-1.0,4510.5,4717.299999999999,4473.200000000001,3687.4125000000004,4528.285714285715,108.47355174685215,4458.72,207.15073538948866
2022-06-18,4215.800000000001,0,5,18,6,2,169,24,2022,-0.9749279121818236,-0.2225209339563146,0.23224292400907015,-0.9726578145718654,1.2246467991473532e-16,-1.0,4342.5,4649.4,4468.799999999999,3757.2874999999995,4466.342857142858,145.32681396476113,4450.286666666667,211.82346868335839
2022-06-19,3998.599999999999,0,6,19,6,2,170,24,2022,-0.7818314824680299,0.6234898018587334,0.21547731504673012,-0.976508846196619,1.2246467991473532e-16,-1.0,4215.800000000001,4435.5,4449.7,3792.2249999999995,4403.928571428572,229.95745776329554,4435.25,227.31140231119534
2022-06-20,4109.9,0,0,20,6,2,171,25,2022,0.0,1.0,0.19864794288017112,-0.9800709131432666,1.2246467991473532e-16,-1.0,3998.599999999999,4549.899999999999,4273.1,3827.1624999999995,4341.071428571428,243.163386185005,4429.8099999999995,233.2022894990071
2022-06-21,4109.400000000001,0,1,21,6,2,172,25,2022,0.7818314824680298,0.6234898018587336,0.18175978759137534,-0.9833429613388902,1.2246467991473532e-16,-1.0,4109.9,4615.6,4048.7,3862.099999999999,4268.757142857144,222.2876579055803,4431.833333333333,230.02330066879568
2022-06-22,4184.6,0,2,22,6,2,173,25,2022,0.9749279121818236,-0.22252093395631434,0.16481784665719793,-0.9863240225317866,1.2246467991473532e-16,-1.0,4109.400000000001,4594.6,3941.0,4042.900000000001,4210.185714285714,169.98303276673468,4439.953333333334,215.96932849496727
2022-06-23,4335.3,0,3,23,6,2,174,25,2022,0.43388373911755823,-0.900968867902419,0.14782713347053048,-0.9890132145779883,1.2246467991473532e-16,-1.0,4184.6,4510.5,4017.2,4111.6,4185.157142857142,125.4626751553953,4450.556666666667,201.8448357343728
2022-06-24,4389.8,0,4,24,6,2,175,25,2022,-0.433883739117558,-0.9009688679024191,0.13079267585675922,-0.9914097417023038,1.2246467991473532e-16,-1.0,4335.3,4342.5,4190.8,4041.500000000001,4191.914285714286,136.16632511470488,4457.19,196.20508332897526
2022-06-25,4389.799999999999,0,5,25,6,2,176,25,2022,-0.9749279121818236,-0.2225209339563146,0.11371951458594969,-0.9935128947338007,1.2246467991473532e-16,-1.0,4389.8,4215.800000000001,4321.1,4071.8,4216.771428571428,155.7298377991764,4459.48,194.9589000011216
2022-06-26,4362.8,0,6,26,6,2,177,25,2022,-0.7818314824680299,0.6234898018587334,0.0966127018812031,-0.9953220513156602,1.2246467991473532e-16,-1.0,4389.799999999999,3998.599999999999,4375.300000000001,4044.1,4268.8,129.28486634820075,4459.0633333333335,195.15826907537874
2022-06-27,4535.0,0,0,27,6,2,178,26,2022,0.0,1.0,0.07947729992362097,-0.9968366760893436,1.2246467991473532e-16,-1.0,4362.8,4109.9,4406.4,3920.7000000000007,4329.528571428572,141.47141895435237,4463.35,195.37386220903474
2022-06-28,4635.199999999999,0,1,28,6,2,179,26,2022,0.7818314824680298,0.6234898018587336,0.062318379354325076,-0.998056320853012,1.2246467991473532e-16,-1.0,4535.0,4109.400000000001,4289.099999999999,4129.5,4404.642857142857,144.66531324802216,4474.886666666667,194.94773434546187
2022-06-29,4557.7,0,2,29,6,2,180,26,2022,0.9749279121818236,-0.22252093395631434,0.04514101777397193,-0.9989806246941579,1.2246467991473532e-16,-1.0,4635.199999999999,4184.6,4464.7,4297.200000000001,4457.942857142857,115.96674605455544,4477.986666666667,195.51875601592536
2022-06-30,4230.1,0,3,30,6,2,181,26,2022,0.43388373911755823,-0.900968867902419,0.02795029824021032,-0.999609314096404,1.2246467991473532e-16,-1.0,4557.7,4335.3,4569.400000000001,4380.500000000001,4442.914285714285,139.03225559287907,4466.676666666666,199.81490173161518
2022-07-01,4142.3,0,4,1,7,3,182,26,2022,-0.433883739117558,-0.9009688679024191,0.01075130776352193,-0.9999422030204416,-0.4999999999999997,-0.8660254037844388,4230.1,4389.8,4538.6,4318.300000000001,4407.557142857143,180.1743309237338,4453.466666666666,207.83497985316828
2022-07-02,4168.599999999999,0,5,2,7,3,183,26,2022,-0.9749279121818236,-0.2225209339563146,-0.00645086419810515,-0.9999791929590823,-0.4999999999999997,-0.8660254037844388,4142.3,4389.799999999999,4611.599999999999,4283.8,4375.957142857143,201.896019914085,4438.7,211.90980677375188
2022-07-03,4044.2,0,6,3,7,3,184,26,2022,-0.7818314824680299,0.6234898018587334,-0.023651127245231586,-0.9997202729664083,-0.4999999999999997,-0.8660254037844388,4168.599999999999,4362.8,4633.8,4216.1,4330.442857142857,238.03391114954343,4419.046666666666,220.363794406091
2022-07-04,4279.8,0,0,4,7,3,185,27,2022,0.0,1.0,-0.04084439154329611,-0.9991655196610109,-0.4999999999999997,-0.8660254037844388,4044.2,4535.0,4622.6,4187.6,4293.985714285714,220.37016909867225,4407.619999999999,218.32311296600042
2022-07-05,4381.3,0,1,5,7,3,186,27,2022,0.7818314824680298,0.6234898018587336,-0.05802556932878035,-0.9983150972033183,-0.4999999999999997,-0.8660254037844388,4279.8,4635.199999999999,4482.2,4332.300000000001,4257.714285714285,169.98301315693573,4404.256666666666,217.91137661320911
2022-07-06,4327.7,0,2,6,7,3,187,27,2022,0.9749279121818236,-0.22252093395631434,-0.07518957641475855,-0.9971692572470178,-0.4999999999999997,-0.8660254037844388,4381.3,4557.7,4557.1,4465.4,4224.857142857143,115.984752692538,4396.61,216.38259275706199
2022-07-07,4366.400000000001,0,3,7,7,3,188,27,2022,0.43388373911755823,-0.900968867902419,-0.09233133369539122,-0.9957283388645872,-0.4999999999999997,-0.8660254037844388,4327.7,4230.1,4670.999999999999,4503.8,4244.328571428571,127.84607560510169,4386.456666666667,210.11913153440932
2022-07-08,4370.400000000001,0,4,8,7,3,189,27,2022,-0.433883739117558,-0.9009688679024191,-0.10944576864891556,-0.993992768446958,-0.4999999999999997,-0.8660254037844388,4366.400000000001,4142.3,4706.599999999999,4355.1,4276.914285714286,126.56953857561626,4375.25,201.23325074870078
2022-07-09,4167.7,0,5,9,7,3,190,27,2022,-0.9749279121818236,-0.2225209339563146,-0.12652781683868314,-0.9919630595773397,-0.4999999999999997,-0.8660254037844388,4370.400000000001,4168.599999999999,4707.5,4304.7,4276.785714285715,126.69829554987865,4357.256666666666,194.52186772438117
2022-07-10,3908.2,0,6,10,7,3,191,27,2022,-0.7818314824680299,0.6234898018587334,-0.1435724234118113,-0.9896398128792412,-0.4999999999999997,-0.8660254037844388,4167.7,4044.2,4717.299999999999,4273.5,4257.357142857143,170.99306864260853,4330.286666666666,198.9215071906052
2022-07-11,4109.2,0,0,11,7,3,192,28,2022,0.0,1.0,-0.16057454459499376,-0.9870237158387383,-0.4999999999999997,-0.8660254037844388,3908.2,4279.8,4649.4,4030.6,4232.9857142857145,179.22093840260712,4312.28,193.41237060602404
2022-07-12,4165.3,0,1,12,7,3,193,28,2022,0.7818314824680298,0.6234898018587336,-0.17752914918703497,-0.984115542601034,-0.4999999999999997,-0.8660254037844388,4109.2,4381.3,4435.5,4032.8,4202.128571428571,167.65040723966453,4303.2733333333335,193.76740043479498
2022-07-13,4167.6,0,2,13,7,3,194,28,2022,0.9749279121818236,-0.22252093395631434,-0.19443122004766195,-0.9809161537413774,-0.4999999999999997,-0.8660254037844388,4165.3,4327.7,4549.899999999999,4029.5,4179.257142857144,158.32575971863363,4290.530000000001,189.51290766701825
2022-07-14,4084.500000000001,0,3,14,7,3,195,28,2022,0.43388373911755823,-0.900968867902419,-0.2112757555821793,-0.9774264960104055,-0.4999999999999997,-0.8660254037844388,4167.6,4366.400000000001,4615.6,3971.2,4138.9857142857145,137.2383744751361,4272.826666666667,182.78635905741274
2022-07-15,4063.1,0,4,15,7,3,196,28,2022,-0.433883739117558,-0.9009688679024191,-0.2280577712215198,-0.9736476020539838,-0.4999999999999997,-0.8660254037844388,4084.500000000001,4370.400000000001,4594.6,4019.2,4095.085714285714,92.84559635174412,4255.11,176.16073449921996
2022-07-16,4149.599999999999,0,5,16,7,3,197,28,2022,-0.9749279121818236,-0.2225209339563146,-0.24477230089725957,-0.9695805901076308,-0.4999999999999997,-0.8660254037844388,4063.1,4167.7,4510.5,4193.3,4092.5,90.71383576944719,4243.08,170.34571419563815
2022-07-17,3923.7,0,6,17,7,3,198,28,2022,-0.7818314824680299,0.6234898018587334,-0.2614143985111562,-0.965226663665613,-0.4999999999999997,-0.8660254037844388,4149.599999999999,3908.2,4342.5,4232.9,4094.714285714286,85.50499846155786,4229.12,178.86471558905416
2022-07-18,4161.0,0,0,18,7,3,199,29,2022,0.0,1.0,-0.2779791393987801,-0.9605871111248129,-0.4999999999999997,-0.8660254037844388,3923.7,4109.2,4215.800000000001,3928.0,4102.114285714286,89.13217579477688,4227.293333333333,179.28476853843355
2022-07-19,4337.200000000001,0,1,19,7,3,200,29,2022,0.7818314824680298,0.6234898018587336,-0.2944616217868012,-0.9556633054034704,-0.4999999999999997,-0.8660254037844388,4161.0,4165.3,3998.599999999999,3846.2,4126.671428571429,125.64417633788419,4238.58,174.99802836326182
2022-07-20,4223.6,0,2,20,7,3,201,29,2022,0.9749279121818236,-0.22252093395631434,-0.3108569682435036,-0.9504567035349151,-0.4999999999999997,-0.8660254037844388,4337.200000000001,4167.6,4109.9,3777.1,4134.671428571429,130.37813868753204,4242.37,173.33840959629745
2022-07-21,4030.000000000001,0,3,21,7,3,202,29,2022,0.43388373911755823,-0.900968867902419,-0.3271603271220951,-0.9449688462364056,-0.4999999999999997,-0.8660254037844388,4223.6,4084.500000000001,4109.400000000001,3736.7,4126.885714285714,135.40394416428344,4239.723333333333,176.02407492731632
2022-07-22,4068.5,0,4,22,7,3,203,29,2022,-0.433883739117558,-0.9009688679024191,-0.34336687399638804,-0.939201357453208,-0.4999999999999997,-0.8660254037844388,4030.000000000001,4063.1,4184.6,3800.099999999999,4127.657142857143,134.99473887457916,4235.8533333333335,178.5361273849181
2022-07-23,4021.9,0,5,23,7,3,204,29,2022,-0.9749279121818236,-0.2225209339563146,-0.3594718130884232,-0.9331559438780432,-0.4999999999999997,-0.8660254037844388,4068.5,4149.599999999999,4335.3,3883.2,4109.414285714286,140.06840505711637,4225.406666666667,181.658235257244
2022-07-24,3889.4,0,6,24,7,3,205,29,2022,-0.7818314824680299,0.6234898018587334,-0.3754703786876202,-0.9268343944460494,-0.4999999999999997,-0.8660254037844388,4021.9,3923.7,4389.8,3892.1,4104.514285714286,148.02216532863505,4208.7266666666665,188.87327978326283
2022-07-25,4055.7,0,0,25,7,3,206,30,2022,0.0,1.0,-0.3913578365610259,-0.9202385798054075,-0.4999999999999997,-0.8660254037844388,3889.4,4161.0,4389.799999999999,3865.1,4089.471428571429,146.66944369667496,4197.59,187.67444363337881
2022-07-26,4109.800000000001,0,1,26,7,3,207,30,2022,0.7818314824680298,0.6234898018587336,-0.4071294853542516,-0.9133704517637858,-0.4999999999999997,-0.8660254037844388,4055.7,4337.200000000001,4362.8,4006.8,4056.9857142857145,100.60492745674969,4189.156666666667,185.6682538057038
2022-07-27,4143.799999999999,0,2,27,7,3,208,30,2022,0.9749279121818236,-0.22252093395631434,-0.4227806579826773,-0.9062320427107697,-0.4999999999999997,-0.8660254037844388,4109.800000000001,4223.6,4535.0,3953.6,4045.585714285714,81.23503818290396,4176.116666666667,173.90610642116542
2022-07-28,4149.1,0,3,28,7,3,209,30,2022,0.43388373911755823,-0.900968867902419,-0.4383067230125192,-0.898825465016444,-0.4999999999999997,-0.8660254037844388,4143.799999999999,4030.000000000001,4635.199999999999,3740.5,4062.6,89.48061242529803,4159.913333333333,150.76273145375637
2022-07-29,4160.8,0,4,29,7,3,210,30,2022,-0.433883739117558,-0.9009688679024191,-0.45370308603134424,-0.8911529104063088,-0.4999999999999997,-0.8660254037844388,4149.1,4068.5,4557.7,3721.1,4075.785714285714,96.98115673630177,4146.683333333333,130.73640255880636
2022-07-30,4119.1,0,5,30,7,3,211,30,2022,-0.9749279121818236,-0.2225209339563146,-0.46896519100763184,-0.8832166493127127,-0.4999999999999997,-0.8660254037844388,4160.8,4021.9,4230.1,3724.0,4089.671428571429,94.91648459369624,4142.983333333334,129.86199593607463
2022-07-31,3937.7,0,6,31,7,3,212,30,2022,-0.7818314824680299,0.6234898018587334,-0.48408852163897587,-0.8750190302029955,-0.4999999999999997,-0.8660254037844388,4119.1,3889.4,4142.3,3736.7,4096.571428571428,78.21789467650845,4136.163333333334,135.16342721855887
2022-08-01,4108.5,0,0,1,8,3,213,31,2022,0.0,1.0,-0.4990686026885319,-0.8665624788845385,-0.8660254037844384,-0.5000000000000004,3937.7,4055.7,4168.599999999999,3616.7,4104.114285714286,76.13780113656458,4134.16,135.11146509454858
2022-08-02,4242.8,0,1,2,8,3,214,31,2022,0.7818314824680298,0.6234898018587336,-0.5139010013093103,-0.8578494977869301,-0.8660254037844384,-0.5000000000000004,4108.5,4109.800000000001,4044.2,3847.2,4123.114285714286,92.60686491064082,4140.780000000001,135.41675748182686
2022-08-03,4287.2,0,2,3,8,3,215,31,2022,0.9749279121818236,-0.22252093395631434,-0.5285813283559292,-0.8488826652214553,-0.8660254037844384,-0.5000000000000004,4242.8,4143.799999999999,4279.8,3953.9,4143.599999999999,111.81439978824817,4141.026666666667,135.6851932900428
2022-08-04,4241.5,0,3,4,8,3,216,31,2022,0.43388373911755823,-0.900968867902419,-0.5431052396834317,-0.8396646346181327,-0.8660254037844384,-0.5000000000000004,4287.2,4149.1,4381.3,4034.7,4156.8,117.86237737296055,4136.366666666667,129.40391544821478
2022-08-05,4190.4,0,4,5,8,3,217,31,2022,-0.433883739117558,-0.9009688679024191,-0.5574684374327892,-0.8301981337405212,-0.8660254037844384,-0.5000000000000004,4241.5,4160.8,4327.7,4151.0,4161.028571428572,118.55872966997632,4131.79,124.74782936400098
2022-08-06,4166.2,0,5,6,8,3,218,31,2022,-0.9749279121818236,-0.2225209339563146,-0.5716666713027052,-0.8204859638785327,-0.8660254037844384,-0.5000000000000004,4190.4,4119.1,4366.400000000001,4208.599999999999,4167.757142857143,117.11024517016286,4125.116666666667,116.87081014677393
2022-08-07,3966.4,0,6,7,8,3,219,31,2022,-0.7818314824680299,0.6234898018587334,-0.5856957398073508,-0.8105309990194823,-0.8660254037844384,-0.5000000000000004,4166.2,3937.7,4370.400000000001,4234.599999999999,4171.857142857142,107.84989348078015,4111.65,110.7484467081657
2022-08-08,4094.0,0,0,8,8,3,220,32,2022,0.0,1.0,-0.5995514915196489,-0.8003361849976323,-0.8660254037844384,-0.5000000000000004,3966.4,4108.5,4167.7,4090.7999999999993,4169.785714285715,109.39772131346038,4109.193333333334,110.27867500525711
2022-08-09,4131.6,0,1,9,8,3,221,32,2022,0.7818314824680298,0.6234898018587336,-0.6132298262997502,-0.7899045386224707,-0.8660254037844384,-0.5000000000000004,4094.0,4242.8,3908.2,4240.8,4153.9,105.01407842129007,4116.64,103.57744928311133
2022-08-10,4159.599999999999,0,2,10,8,3,222,32,2022,0.9749279121818236,-0.22252093395631434,-0.6267266965083301,-0.7792391467859886,-0.8660254037844384,-0.5000000000000004,4131.6,4287.2,4109.2,4321.0,4135.671428571428,87.65973447156537,4118.320000000001,103.86096276369857
2022-08-11,3985.5,0,3,11,8,3,223,32,2022,0.43388373911755823,-0.900968867902419,-0.6400381082043503,-0.7683431655492202,-0.8660254037844384,-0.5000000000000004,4159.599999999999,4241.5,4165.3,4372.2,4099.099999999999,89.53105606439853,4112.326666666667,106.21746052102627
2022-08-12,4139.4,0,4,12,8,3,224,32,2022,-0.433883739117558,-0.9009688679024191,-0.65316012232693,-0.7572198192083127,-0.8660254037844384,-0.5000000000000004,3985.5,4190.4,4167.6,4422.200000000001,4091.8142857142857,82.67576082853996,4111.386666666666,105.8355319166843
2022-08-13,4204.2,0,5,13,8,3,225,32,2022,-0.9749279121818236,-0.2225209339563146,-0.666088855860977,-0.7458723993404063,-0.8660254037844384,-0.5000000000000004,4139.4,4166.2,4084.500000000001,4451.200000000001,4097.242857142856,89.3520351781798,4115.376666666667,107.03648325277672
2022-08-14,3983.000000000001,0,6,14,8,3,226,32,2022,-0.7818314824680299,0.6234898018587334,-0.6788204829862355,-0.734304263829602,-0.8660254037844384,-0.5000000000000004,4204.2,3966.4,4063.1,4436.3,4099.614285714286,85.43509092820824,4112.706666666667,109.35931265495107
2022-08-15,3660.5,0,0,15,8,3,227,33,2022,0.0,1.0,-0.6913512362094071,-0.722518835873311,-0.8660254037844384,-0.5000000000000004,3983.000000000001,4094.0,4149.599999999999,4255.3,4037.6857142857148,186.96645357365975,4096.403333333334,136.70760512439034
2022-08-16,3946.3,0,1,16,8,3,228,33,2022,0.7818314824680298,0.6234898018587336,-0.7036774074790128,-0.7105196029692745,-0.8660254037844384,-0.5000000000000004,3660.5,4131.6,3923.7,4366.8,4011.214285714286,184.55578586228313,4097.156666666667,135.78223611236416
2022-08-17,4219.8,0,2,17,8,3,229,33,2022,0.9749279121818236,-0.22252093395631434,-0.7157953492826642,-0.6983101158835584,-0.8660254037844384,-0.5000000000000004,3946.3,4159.599999999999,4161.0,4420.099999999999,4019.8142857142857,193.7941298437896,4099.116666666667,137.15305088772809
2022-08-18,4357.0,0,3,18,8,3,230,33,2022,0.43388373911755823,-0.900968867902419,-0.7277014757264236,-0.6858939875998223,-0.8660254037844384,-0.5000000000000004,4219.8,3985.5,4337.200000000001,4379.6,4072.8857142857146,230.2671233486115,4099.776666666667,138.38039696562313
2022-08-19,4363.2,0,4,19,8,3,231,33,2022,-0.433883739117558,-0.9009688679024191,-0.7393922635959241,-0.673274892250183,-0.8660254037844384,-0.5000000000000004,4357.0,4139.4,4223.6,4360.2,4104.857142857143,255.22562473978965,4104.429999999999,144.88222601060724
2022-08-20,4171.1,0,5,20,8,3,232,33,2022,-0.9749279121818236,-0.2225209339563146,-0.7508642533989489,-0.6604565640279754,-0.8660254037844384,-0.5000000000000004,4363.2,4204.2,4030.000000000001,4199.9,4100.128571428571,253.37827922092853,4109.133333333333,144.67279927674815
2022-08-21,4098.9,0,6,21,8,3,233,33,2022,-0.7818314824680299,0.6234898018587334,-0.7621140503891487,-0.6474427960827475,-0.8660254037844384,-0.5000000000000004,4171.1,3983.000000000001,4068.5,4009.4,4116.685714285714,248.18230818340882,4110.1466666666665,144.4847199493639
2022-08-22,4303.5,0,0,22,8,3,234,34,2022,0.0,1.0,-0.7731383255706026,-0.6342374393978054,-0.8660254037844384,-0.5000000000000004,4098.9,3660.5,4021.9,3728.1,4208.542857142857,151.2706058376259,4119.533333333334,147.6662063768911
2022-08-23,4346.099999999999,0,1,23,8,3,235,34,2022,0.7818314824680298,0.6234898018587336,-0.7839338166829201,-0.620844401650647,-0.8660254037844384,-0.5000000000000004,4303.5,3946.3,3889.4,3983.099999999999,4265.657142857142,103.77309955129121,4134.756666666666,146.6608277703838
2022-08-24,4311.099999999999,0,2,24,8,3,236,34,2022,0.9749279121818236,-0.22252093395631434,-0.7944973291665992,-0.6072676460566135,-0.8660254037844384,-0.5000000000000004,4346.099999999999,4219.8,4055.7,4203.3,4278.7,102.78172665089502,4143.27,149.3024312109903
2022-08-25,4289.699999999999,0,3,25,8,3,237,34,2022,0.43388373911755823,-0.900968867902419,-0.8048257371083452,-0.593511190196115,-0.8660254037844384,-0.5000000000000004,4311.099999999999,4357.0,4109.800000000001,4287.200000000001,4269.085714285714,97.23474050929913,4149.266666666666,151.50827525669862
2022-08-26,4400.3,0,4,26,8,3,238,34,2022,-0.433883739117558,-0.9009688679024191,-0.8149159841660791,-0.5795791048257612,-0.8660254037844384,-0.5000000000000004,4289.699999999999,4363.2,4143.799999999999,4289.0,4274.385714285714,103.99569588166013,4157.816666666667,158.27548459247762
2022-08-27,4372.8,0,5,27,8,3,239,34,2022,-0.9749279121818236,-0.2225209339563146,-0.8247650844733614,-0.5654755126737576,-0.8660254037844384,-0.5000000000000004,4400.3,4171.1,4149.1,4266.400000000001,4303.2,98.40072831711814,4165.2733333333335,163.04817763434252
2022-08-28,4229.6,0,6,28,8,3,240,34,2022,-0.7818314824680299,0.6234898018587334,-0.8343701235229537,-0.5512045872199277,-0.8660254037844384,-0.5000000000000004,4372.8,4098.9,4160.8,4212.400000000001,4321.871428571429,56.76609064947966,4167.566666666667,163.46640134232823
2022-08-29,4351.500000000001,0,0,29,8,3,241,35,2022,0.0,1.0,-0.8437282590292712,-0.5367705514607103,-0.8660254037844384,-0.5000000000000004,4229.6,4303.5,4119.1,4027.8,4328.728571428571,57.075292794912,4175.3133333333335,166.56766199650963
2022-08-30,4455.400000000001,0,1,30,8,3,242,35,2022,0.7818314824680298,0.6234898018587336,-0.8528367217694595,-0.522177676659508,-0.8660254037844384,-0.5000000000000004,4351.500000000001,4346.099999999999,3937.7,4022.2,4344.342857142858,74.81396610135963,4192.570000000001,167.91351047487157
2022-08-31,4411.1,0,2,31,8,3,243,35,2022,0.9749279121818236,-0.22252093395631434,-0.8616928164028521,-0.5074302810827518,-0.8660254037844384,-0.5000000000000004,4455.400000000001,4311.099999999999,4108.5,3975.599999999999,4358.628571428571,76.92597554982014,4202.656666666667,171.7344415144893
2022-09-01,4383.7,0,3,1,9,3,244,35,2022,0.43388373911755823,-0.900968867902419,-0.8702939222685674,-0.49253272872205434,-1.0,-1.8369701987210297e-16,4411.1,4289.699999999999,4242.8,3943.6,4372.057142857143,70.85287237519205,4207.3533333333335,174.77002373232355
2022-09-02,4462.5,0,4,2,9,3,245,35,2022,-0.433883739117558,-0.9009688679024191,-0.8786374941610001,-0.4774894280028391,-1.0,-1.8369701987210297e-16,4383.7,4400.3,4287.2,3979.4,4380.942857142857,78.4754071274257,4213.196666666667,180.37243746037495
2022-09-03,4537.9,0,5,3,9,3,246,35,2022,-0.9749279121818236,-0.2225209339563146,-0.886721063082993,-0.46230483047981086,-1.0,-1.8369701987210297e-16,4462.5,4372.8,4241.5,3942.5,4404.528571428572,98.00133866921395,4223.076666666667,189.84521950212638
2022-09-04,4382.7,0,6,4,9,3,247,35,2022,-0.7818314824680299,0.6234898018587334,-0.8945422369764496,-0.4469834295196741,-1.0,-1.8369701987210297e-16,4537.9,4229.6,4190.4,3895.000000000001,4426.400000000001,63.44753738330227,4229.486666666667,191.93876669634489
2022-09-05,4362.8125,1,0,5,9,3,248,36,2022,0.0,1.0,-0.9020987014301837,-0.43152975897147144,-1.0,-1.8369701987210297e-16,4382.7,4351.500000000001,4166.2,3790.9,4428.016071428572,61.33055022885908,4236.040416666667,193.0567400203153
2022-09-06,4342.925,1,1,6,9,3,249,36,2022,0.7818314824680298,0.6234898018587336,-0.9093882203647925,-0.4159483918249421,-1.0,-1.8369701987210297e-16,4362.8125,4455.400000000001,3966.4,3950.0,4411.948214285714,67.3943580835496,4248.59125,187.06894344840794
2022-09-07,4323.0375,1,2,7,9,3,250,36,2022,0.9749279121818236,-0.22252093395631434,-0.9164086366943458,-0.4002439388573056,-1.0,-1.8369701987210297e-16,4342.925,4411.1,4094.0,3880.7,4399.367857142856,75.33097520873146,4256.225833333333,185.2066955450227
2022-09-09,4283.2625,1,4,9,9,3,252,36,2022,-0.433883739117558,-0.9009688679024191,-0.9296339319682695,-0.3684843993077793,-1.0,-1.8369701987210297e-16,4323.0375,4383.7,4131.6,3908.4,4385.019642857143,87.40938964902593,4261.28125,183.75177672579463
2022-09-10,4263.375,1,5,10,9,3,253,36,2022,-0.9749279121818236,-0.2225209339563146,-0.9358348973349941,-0.35243871088460327,-1.0,-1.8369701987210297e-16,4283.2625,4462.5,4159.599999999999,3971.499999999999,4356.573214285714,90.34399693805844,4264.7404166666665,182.74563820573002
2022-09-11,4243.4875,1,6,11,9,3,254,36,2022,-0.7818314824680299,0.6234898018587334,-0.9417589340994617,-0.33628873017668287,-1.0,-1.8369701987210297e-16,4263.375,4537.9,3985.5,3860.8000000000006,4314.5142857142855,52.43810310970528,4273.34,175.06067631605706
2022-09-12,4223.6,0,0,12,9,3,255,37,2022,0.0,1.0,-0.9474042892438845,-0.32003923622313857,-1.0,-1.8369701987210297e-16,4243.4875,4382.7,4139.4,3681.7,4291.785714285715,52.43810310970593,4276.1466666666665,173.50730820755265
2022-09-13,4183.5,0,1,13,9,3,256,37,2022,0.7818314824680298,0.6234898018587336,-0.9527692922168511,-0.30369503751065885,-1.0,-1.8369701987210297e-16,4223.6,4362.8125,4204.2,3560.6,4266.169642857143,55.657041734617735,4275.456666666667,173.84412291014092
2022-09-14,4162.3,0,2,14,9,3,257,37,2022,0.9749279121818236,-0.22252093395631434,-0.9578523554276669,-0.28726097055059635,-1.0,-1.8369701987210297e-16,4183.5,4342.925,3983.000000000001,3706.9,4240.366071428572,56.010394177853826,4281.433333333333,166.36411106277245
2022-09-15,4072.4,0,3,15,9,3,258,37,2022,0.43388373911755823,-0.900968867902419,-0.9626519747161487,-0.2707418984477642,-1.0,-1.8369701987210297e-16,4162.3,4323.0375,3660.5,3667.9,4204.560714285714,72.14205475306586,4295.163333333333,125.27416127912858
2022-09-16,4039.999999999999,0,4,16,9,3,259,37,2022,-0.433883739117558,-0.9009688679024191,-0.9671667297977312,-0.2541427094613622,-1.0,-1.8369701987210297e-16,4072.4,4283.2625,3946.3,3727.000000000001,4169.808928571429,85.30270386810004,4298.286666666667,117.18315961767806
2022-09-17,4036.8,0,5,17,9,3,260,37,2022,-0.9749279121818236,-0.2225209339563146,-0.97139528468375,-0.23746831555846842,-1.0,-1.8369701987210297e-16,4039.999999999999,4263.375,4219.8,3739.5,4137.441071428571,86.85459673908358,4292.1866666666665,125.85209080524346
2022-09-18,4021.9,0,6,18,9,3,261,37,2022,-0.7818314824680299,0.6234898018587334,-0.9753363880767837,-0.2207236509605022,-1.0,-1.8369701987210297e-16,4036.8,4243.4875,4357.0,3739.5,4105.785714285715,82.00791483292682,4281.016666666666,134.47660494410448
2022-09-19,4225.400000000001,0,0,19,9,3,262,38,2022,0.0,1.0,-0.9789888737409319,-0.20391367068311472,-1.0,-1.8369701987210297e-16,4021.9,4223.6,4363.2,3853.6,4106.042857142857,82.44058177752032,4276.423333333333,133.92495493056873
2022-09-20,4245.799999999999,0,1,20,9,3,263,38,2022,0.7818314824680298,0.6234898018587336,-0.9823516608469237,-0.18704334906991657,-1.0,-1.8369701987210297e-16,4225.400000000001,4183.5,4171.1,3849.1,4114.942857142857,94.65435114395245,4278.913333333333,132.5869518260909
2022-09-21,4196.8,0,2,21,9,3,264,38,2022,0.9749279121818236,-0.22252093395631434,-0.9854237542919524,-0.17011767832049052,-1.0,-1.8369701987210297e-16,4245.799999999999,4162.3,4098.9,3990.7,4119.871428571429,98.35694712436693,4282.176666666667,129.1641581865935
2022-09-22,4120.3,0,3,22,9,3,265,38,2022,0.43388373911755823,-0.900968867902419,-0.9882042449941422,-0.15314166701312007,-1.0,-1.8369701987210297e-16,4196.8,4072.4,4303.5,3926.0,4126.714285714285,96.14521011770627,4276.07,132.41114683450343
2022-09-23,4064.1,0,4,23,9,3,266,38,2022,-0.433883739117558,-0.9009688679024191,-0.9906923101615609,-0.13612033862266704,-1.0,-1.8369701987210297e-16,4120.3,4039.999999999999,4346.099999999999,3790.2,4130.157142857143,92.89924393565302,4266.67,137.1916507933622
2022-09-24,3991.0,0,5,24,9,3,267,38,2022,-0.9749279121818236,-0.2225209339563146,-0.9928872135356962,-0.11905873003404988,-1.0,-1.8369701987210297e-16,4064.1,4036.8,4311.099999999999,3723.6,4123.614285714286,101.7604282710682,4256.0,145.79501190261553
2022-09-25,3887.0,0,6,25,9,3,268,38,2022,-0.7818314824680299,0.6234898018587334,-0.994788305609327,-0.10196189005174576,-1.0,-1.8369701987210297e-16,3991.0,4021.9,4289.699999999999,3723.5,4104.342857142858,132.39581888091985,4242.576666666667,160.3927413700186
2022-09-26,4068.0,0,0,26,9,3,269,39,2022,0.0,1.0,-0.9963950238187231,-0.08483487790576538,-1.0,-1.8369701987210297e-16,3887.0,4225.400000000001,4400.3,3787.3,4081.8571428571427,121.31133303948148,4231.5,160.59895428169415
2022-09-27,4135.7,0,1,27,9,3,270,39,2022,0.7818314824680298,0.6234898018587336,-0.9977068927101168,-0.06768276175455162,-1.0,-1.8369701987210297e-16,4068.0,4245.799999999999,4372.8,3644.2,4066.128571428572,102.13448184114363,4223.596666666667,159.23380868715486
2022-09-28,4204.9,0,2,28,9,3,271,39,2022,0.9749279121818236,-0.22252093395631434,-0.9987235240803972,-0.050510617185222886,-1.0,-1.8369701987210297e-16,4135.7,4196.8,4229.6,3713.500000000001,4067.285714285714,103.89243521664406,4222.7733333333335,159.26555118585657
2022-09-29,4193.699999999999,0,3,29,9,3,272,39,2022,0.43388373911755823,-0.900968867902419,-0.9994446170919858,-0.033323525711631344,-1.0,-1.8369701987210297e-16,4204.9,4120.3,4351.500000000001,3749.8,4077.771428571428,113.40358187005742,4217.513333333333,157.46314665074948
2022-09-30,4212.3,0,4,30,9,3,273,39,2022,-0.433883739117558,-0.9009688679024191,-0.9998699583618592,-0.016126573270657762,-1.0,-1.8369701987210297e-16,4193.699999999999,4064.1,4455.400000000001,3787.0,4098.942857142857,123.78452861248842,4209.41,150.91808995277736
2022-10-01,4136.3,0,5,1,10,4,274,39,2022,-0.9749279121818236,-0.2225209339563146,-0.9999994220246925,0.001075151282798226,-0.8660254037844386,0.5000000000000001,4212.3,3991.0,4411.1,3847.499999999999,4119.7,114.50148470655934,4200.25,146.53008098549384
2022-10-02,3960.1,0,6,2,10,4,275,39,2022,-0.7818314824680299,0.6234898018587334,-0.999832969770105,0.018276557681691223,-0.8660254037844386,0.5000000000000001,4136.3,3887.0,4383.7,3815.6,4130.142857142857,90.57504912400529,4186.13,148.63723049353388
2022-10-03,4110.8,0,0,3,10,4,276,40,2022,0.0,1.0,-0.9993706508539969,0.03547255575312556,-0.8660254037844386,0.5000000000000001,3960.1,4068.0,4462.5,3645.1,4136.257142857142,87.05721982590514,4174.406666666667,139.6879401456022
2022-10-04,4087.8,0,1,4,10,4,277,40,2022,0.7818314824680298,0.6234898018587336,-0.9986126020839734,0.052658056924614005,-0.8660254037844386,0.5000000000000001,4110.8,4135.7,4537.9,3631.2,4129.414285714286,88.96981564128671,4159.403333333333,122.40255928154932
2022-10-05,3892.9,0,2,5,10,4,278,40,2022,0.9749279121818236,-0.22252093395631434,-0.9975590477788613,0.06982797572987089,-0.8660254037844386,0.5000000000000001,4087.8,4204.9,4382.7,3819.3,4084.8428571428567,118.20067480271011,4143.076666666667,124.24323100156327
2022-10-06,3921.8,0,3,6,10,4,279,40,2022,0.43388373911755823,-0.900968867902419,-0.9962102997023297,0.0869772313136861,-0.8660254037844386,0.5000000000000001,3892.9,4193.699999999999,4362.8125,3825.6,4046.0,121.1060967361811,4128.376249999999,123.4352395187855
2022-10-07,3881.2,0,4,7,10,4,280,40,2022,-0.433883739117558,-0.9009688679024191,-0.9945667569706337,0.1041007489354256,-0.8660254037844386,0.5000000000000001,3921.8,4212.3,4342.925,3839.8,3998.7,109.42458590283367,4112.985416666666,124.54193203473727
2022-10-08,3789.7,0,5,8,10,4,281,40,2022,-0.9749279121818236,-0.2225209339563146,-0.9926289059345095,0.121193461470736,-0.8660254037844386,0.5000000000000001,3881.2,4136.3,4323.0375,3881.2,3949.1857142857143,115.0565285497151,4095.2075,131.40094545136563
2022-10-09,3640.2,0,6,9,10,4,282,40,2022,-0.7818314824680299,0.6234898018587334,-0.9903973200352558,0.1382503109109819,-0.8660254037844386,0.5000000000000001,3789.7,3960.1,4283.2625,3894.4,3903.4857142857145,163.38178630203788,4073.772083333333,150.6998472530764
2022-10-10,3691.2,0,0,10,10,4,283,41,2022,0.0,1.0,-0.9878726596350429,0.15526624985999563,-0.8660254037844386,0.5000000000000001,3640.2,4110.8,4263.375,3823.1,3843.542857142857,151.15975938439945,4054.6995833333335,161.68319386262112
2022-10-11,3700.4,0,1,11,10,4,284,41,2022,0.7818314824680298,0.6234898018587336,-0.9850556718215013,0.172236243027682,-0.8660254037844386,0.5000000000000001,3691.2,4087.8,4243.4875,3766.7,3788.2,112.9041924229269,4036.596666666667,170.00588728817473
2022-10-12,3741.5,0,2,12,10,4,285,41,2022,0.9749279121818236,-0.22252093395631434,-0.981947190186646,0.18915526872004093,-0.8660254037844386,0.5000000000000001,3700.4,3892.9,4223.6,3884.599999999999,3766.5714285714284,103.62462246473571,4020.5266666666666,174.44715617873098
2022-10-13,3775.8,0,3,13,10,4,286,41,2022,0.43388373911755823,-0.900968867902419,-0.9785481345802031,0.20601832032517084,-0.8660254037844386,0.5000000000000001,3741.5,3921.8,4183.5,3912.0,3745.714285714286,78.92241820449186,4006.9366666666665,177.17249433002428
2022-10-14,3756.1,0,4,14,10,4,287,41,2022,-0.433883739117558,-0.9009688679024191,-0.9748595108374125,0.22282040779479959,-0.8660254037844386,0.5000000000000001,3775.8,3881.2,4162.3,3899.2,3727.842857142857,53.05383608954346,3993.3966666666665,180.38216228679735
2022-10-15,3693.7,0,5,15,10,4,288,41,2022,-0.9749279121818236,-0.2225209339563146,-0.9708824104813836,0.23955655912092708,-0.8660254037844386,0.5000000000000001,3756.1,3789.7,4072.4,3832.9,3714.128571428572,46.38806291449348,3980.773333333333,187.7627004443564
2022-10-16,3559.0,0,6,16,10,4,289,41,2022,-0.7818314824680299,0.6234898018587334,-0.9666180104000972,0.2562218218071163,-0.8660254037844386,0.5000000000000001,3693.7,3640.2,4039.999999999999,3677.7,3702.5285714285715,71.37767424733731,3964.74,202.48993436029767
2022-10-17,3705.599999999999,0,0,17,10,4,290,42,2022,0.0,1.0,-0.9620675724981452,0.27281126433401914,-0.8660254037844386,0.5000000000000001,3559.0,3691.2,4036.8,3706.7,3704.585714285714,71.20405954188787,3953.7,207.39496552263338
2022-10-18,3771.1,0,1,18,10,4,291,42,2022,0.7818314824680298,0.6234898018587336,-0.957232443323312,0.28931997761869527,-0.8660254037844386,0.5000000000000001,3705.599999999999,3700.4,4021.9,3556.7,3714.6857142857143,75.40188831794185,3945.3399999999997,209.59421484513382
2022-10-19,3778.4,0,2,19,10,4,292,42,2022,0.9749279121818236,-0.22252093395631434,-0.9521140536681102,0.3057430764672831,-0.8660254037844386,0.5000000000000001,3771.1,3741.5,4225.400000000001,3532.1000000000004,3719.957142857143,78.80213315946978,3930.44,204.8327637450726
2022-10-20,3769.2,0,3,20,10,4,293,42,2022,0.43388373911755823,-0.900968867902419,-0.9467139181463862,0.3220757010206104,-0.8660254037844386,0.5000000000000001,3778.4,3775.8,4245.799999999999,3576.5000000000005,3719.0142857142855,78.05859825740768,3914.553333333333,197.8951476698227
2022-10-21,3748.2,0,4,21,10,4,294,42,2022,-0.433883739117558,-0.9009688679024191,-0.9410336347451197,0.3383130181923076,-0.8660254037844386,0.5000000000000001,3769.2,3756.1,4196.8,3636.0,3717.8857142857137,77.48807281496963,3899.6,192.71332827946378
2022-10-22,3679.8,0,5,22,10,4,295,42,2022,-0.9749279121818236,-0.2225209339563146,-0.9350748843515574,0.3544502230989869,-0.8660254037844386,0.5000000000000001,3748.2,3693.7,4120.3,3635.6,3715.899999999999,78.38407576376682,3884.9166666666665,192.09820779168746
2022-10-23,3465.1000000000004,0,6,23,10,4,296,42,2022,-0.7818314824680299,0.6234898018587334,-0.9288394302558068,0.3704825404820963,-0.8660254037844386,0.5000000000000001,3679.8,3559.0,4064.1,3683.499999999999,3702.485714285714,110.9713240522584,3864.95,203.61637822816573
2022-10-24,3191.7000000000003,0,0,24,10,4,297,43,2022,0.0,1.0,-0.9223291176290545,0.3864052261209853,-0.8660254037844386,0.5000000000000001,3465.1000000000004,3705.599999999999,3991.0,3617.8,3629.0714285714284,222.50563823783355,3838.3066666666664,236.23557782409065
2022-10-25,3127.5,0,1,25,10,4,298,43,2022,0.7818314824680298,0.6234898018587336,-0.9155458729775467,0.40221356823680365,-0.8660254037844386,0.5000000000000001,3191.7000000000003,3771.1,3887.0,3421.8,3537.128571428572,279.6664424767937,3812.99,269.2298893971928
2022-10-26,3311.2999999999997,0,2,26,10,4,299,43,2022,0.9749279121818236,-0.22252093395631434,-0.9084917035725082,0.41790288888678667,-0.8660254037844386,0.5000000000000001,3127.5,3778.4,4068.0,3524.1000000000004,3470.4,267.9855841894114,3787.766666666667,279.7556524137957
2022-10-27,3507.4,0,3,27,10,4,300,43,2022,0.43388373911755823,-0.900968867902419,-0.9011686968561569,0.4334685453485363,-0.8660254037844386,0.5000000000000001,3311.2999999999997,3769.2,4135.7,3600.6,3433.0,235.65295103889557,3766.8233333333333,276.3070938764224
2022-10-28,3588.3,0,4,28,10,4,301,43,2022,-0.433883739117558,-0.9009688679024191,-0.8935790198239952,0.4489059314938798,-0.8660254037844386,0.5000000000000001,3507.4,3748.2,4204.9,3586.8,3410.1571428571433,205.87551139094472,3746.27,265.31106811074886
2022-10-29,3592.9,0,5,29,10,4,302,43,2022,-0.9749279121818236,-0.2225209339563146,-0.8857249183835637,0.4642104791518923,-0.8660254037844386,0.5000000000000001,3588.3,3679.8,4193.699999999999,3576.0000000000005,3397.7428571428577,188.8196834473294,3726.2433333333333,252.7507736382032
2022-10-30,3423.3,0,6,30,10,4,303,43,2022,-0.7818314824680299,0.6234898018587334,-0.8776087166898392,0.4793776594606945,-0.8660254037844386,0.5000000000000001,3592.9,3465.1000000000004,4212.3,3549.8,3391.7714285714287,186.98654777182733,3699.9433333333336,241.21663847703095
2022-10-31,3624.8,0,0,31,10,4,304,44,2022,0.0,1.0,-0.8692328164574792,0.49440298420761813,-0.8660254037844386,0.5000000000000001,3423.3,3191.7000000000003,4136.3,3488.1,3453.6428571428573,181.31971631297105,3682.8933333333334,226.96626201255515
2022-11-01,3641.5,0,1,1,11,4,305,44,2022,0.7818314824680298,0.6234898018587336,-0.8605996962501181,0.5092820071573356,-0.5000000000000004,0.8660254037844384,3624.8,3127.5,3960.1,3377.3,3527.0714285714284,121.40832912514293,3672.273333333333,220.92151662014496
2022-11-02,3681.3,0,2,2,11,4,306,44,2022,0.9749279121818236,-0.22252093395631434,-0.8517119107469189,0.5240103253675756,-0.5000000000000004,0.8660254037844384,3641.5,3311.2999999999997,4110.8,3420.4,3579.9285714285716,87.66593246120328,3657.956666666667,204.85571151478254
2022-11-03,3694.499999999999,0,3,3,11,4,307,44,2022,0.43388373911755823,-0.900968867902419,-0.8425720899866032,0.5385835804920232,-0.5000000000000004,0.8660254037844384,3681.3,3507.4,4087.8,3454.0999999999995,3606.657142857143,90.3485815632026,3644.8466666666664,188.31594642557198
2022-11-04,3738.3,0,4,4,11,4,308,44,2022,-0.433883739117558,-0.9009688679024191,-0.8331829385891785,0.5529974600700271,-0.5000000000000004,0.8660254037844384,3694.499999999999,3588.3,3892.9,3389.0000000000005,3628.085714285714,102.27069356326487,3639.693333333333,183.34350074209289
2022-11-05,3740.500000000001,0,5,5,11,4,309,44,2022,-0.9749279121818236,-0.2225209339563146,-0.8235472349556007,0.5672476988027229,-0.5000000000000004,0.8660254037844384,3738.3,3592.9,3921.8,3066.9,3649.1714285714284,108.81364366487097,3633.65,176.58762550857477
2022-11-06,3594.6,0,6,6,11,4,310,44,2022,-0.7818314824680299,0.6234898018587334,-0.8136678304455991,0.5813300798152042,-0.5000000000000004,0.8660254037844384,3740.500000000001,3423.3,3881.2,2942.999999999999,3673.6428571428573,55.99201898916159,3624.0966666666664,170.3767032871178
2022-11-07,3750.7,0,0,7,11,4,311,45,2022,0.0,1.0,-0.8035476485339116,0.5952404359043674,-0.5000000000000004,0.8660254037844384,3594.6,3624.8,3789.7,3066.8,3691.628571428572,57.87690138813691,3622.7966666666666,169.21437634231205
2022-11-08,3797.999999999999,0,1,8,11,4,312,45,2022,0.7818314824680298,0.6234898018587336,-0.7931896839451843,0.6089746507720486,-0.5000000000000004,0.8660254037844384,3750.7,3641.5,3640.2,3087.5999999999995,3713.985714285714,65.06602873423606,3628.0566666666664,172.20025968847915
2022-11-09,3817.8,0,2,9,11,4,313,45,2022,0.9749279121818236,-0.22252093395631434,-0.7825970017677834,0.6225286602431057,-0.5000000000000004,0.8660254037844384,3797.999999999999,3681.3,3691.2,3257.0,3733.4857142857145,73.54004416128947,3632.2766666666666,175.3239517506644
2022-11-10,3827.5,0,3,10,11,4,314,45,2022,0.43388373911755823,-0.900968867902419,-0.7717727365467837,0.6358984534680745,-0.5000000000000004,0.8660254037844384,3817.8,3694.499999999999,3700.4,3367.0,3752.4857142857145,78.7830656205868,3636.5133333333333,178.53320319670564
2022-11-11,3785.499999999999,0,4,11,11,4,315,45,2022,-0.433883739117558,-0.9009688679024191,-0.7607200913564104,0.6490800741100398,-0.5000000000000004,0.8660254037844384,3827.5,3738.3,3741.5,3398.2,3759.2285714285713,79.38416538763853,3637.98,179.60294598612396
2022-11-12,3711.7,0,5,12,11,4,316,45,2022,-0.9749279121818236,-0.2225209339563146,-0.7494423368521953,0.6620696215153815,-0.5000000000000004,0.8660254037844384,3785.499999999999,3740.500000000001,3775.8,3355.5,3755.1142857142854,81.2411929293119,3635.8433333333332,178.28325522031517
2022-11-13,3547.4,0,6,13,11,4,317,45,2022,-0.7818314824680299,0.6234898018587334,-0.7379428103031386,0.6748632518680403,-0.5000000000000004,0.8660254037844384,3711.7,3594.6,3756.1,3403.1000000000004,3748.371428571428,97.17931388739729,3628.8866666666663,177.4990388188264
2022-11-14,3693.7,0,0,14,11,4,318,46,2022,0.0,1.0,-0.7262249146041543,0.6874571793269664,-0.5000000000000004,0.8660254037844384,3547.4,3750.7,3693.7,3404.9,3740.2285714285713,99.31625772060335,3628.8866666666668,177.4990388188264
2022-11-15,3762.9,0,1,15,11,4,319,46,2022,0.7818314824680298,0.6234898018587336,-0.7142921172691032,0.699847677146407,-0.5000000000000004,0.8660254037844384,3693.7,3797.999999999999,3559.0,3321.2000000000003,3735.214285714286,96.7667027541553,3635.6833333333334,178.6308987507586
2022-11-16,3784.1,0,2,16,11,4,320,46,2022,0.9749279121818236,-0.22252093395631434,-0.7021479494046978,0.7120310787787131,-0.5000000000000004,0.8660254037844384,3762.9,3817.8,3705.599999999999,3429.2000000000003,3730.399999999999,92.7271445335163,3638.3,180.2579282296709
2022-11-17,3788.9,0,3,17,11,4,321,46,2022,0.43388373911755823,-0.900968867902419,-0.6897960046655887,0.7240037789593305,-0.5000000000000004,0.8660254037844384,3784.1,3827.5,3771.1,3463.4999999999995,3724.8857142857137,86.9587340557447,3638.8933333333334,180.7387768888082
2022-11-18,3800.6,0,4,18,11,4,322,46,2022,-0.433883739117558,-0.9009688679024191,-0.6772399381909491,0.7357622347736527,-0.5000000000000004,0.8660254037844384,3788.9,3785.499999999999,3778.4,3454.3,3727.0428571428574,88.87905372179941,3639.633333333333,181.37398652646903
2022-11-19,3760.3,0,5,19,11,4,323,46,2022,-0.9749279121818236,-0.2225209339563146,-0.6644834655228552,0.7473029667054297,-0.5000000000000004,0.8660254037844384,3800.6,3711.7,3769.2,3406.8,3733.9857142857145,89.37759653241443,3639.3366666666666,181.1619060271787
2022-11-20,3616.7,0,6,20,11,4,324,46,2022,-0.7818314824680299,0.6234898018587334,-0.6515303615068021,0.75862255966641,-0.5000000000000004,0.8660254037844384,3760.3,3547.4,3748.2,3324.7000000000003,3743.8857142857137,66.06280921903827,3634.9533333333334,180.0243503325084
2022-11-21,3746.000000000001,0,0,21,11,4,325,47,2022,0.0,1.0,-0.6383844591746642,0.769717664006921,-0.5000000000000004,0.8660254037844384,3616.7,3693.7,3679.8,3337.0,3751.3571428571436,62.29081947191297,3637.1600000000003,180.99612226746765
2022-11-22,3799.9,0,1,22,11,4,326,47,2022,0.7818314824680298,0.6234898018587336,-0.6250496486104377,0.7805849965070866,-0.5000000000000004,0.8660254037844384,3746.000000000001,3762.9,3465.1000000000004,3204.0,3756.6428571428573,64.94674375067446,3648.32,180.34178164500474
2022-11-23,3817.7,0,2,23,11,4,327,47,2022,0.9749279121818236,-0.22252093395631434,-0.6115298757991053,0.7912213413483807,-0.5000000000000004,0.8660254037844384,3799.9,3784.1,3191.7000000000003,3351.7,3761.4428571428575,68.46078822081846,3669.1866666666665,160.848698950352
2022-11-24,3837.4,0,3,24,11,4,328,47,2022,0.43388373911755823,-0.900968867902419,-0.5978291414589552,0.801623551065242,-0.5000000000000004,0.8660254037844384,3817.7,3788.9,3127.5,3430.5,3768.371428571429,73.93785034941119,3692.85,127.0852951421888
2022-11-25,3874.8,0,4,25,11,4,329,47,2022,-0.433883739117558,-0.9009688679024191,-0.5839514998576998,0.8117885474764613,-0.5000000000000004,0.8660254037844384,3837.4,3800.6,3311.2999999999997,3460.7000000000007,3778.9714285714285,83.9669322667673,3711.633333333333,109.1203838011827
2022-11-26,3853.099999999999,0,5,26,11,4,330,47,2022,-0.9749279121818236,-0.2225209339563146,-0.5699010576127624,0.821713322596059,-0.5000000000000004,0.8660254037844384,3874.8,3760.3,3507.4,3469.6,3792.2285714285713,87.76752843520859,3723.1566666666668,104.98414226174648
2022-11-27,3712.400000000001,0,6,27,11,4,331,47,2022,-0.7818314824680299,0.6234898018587334,-0.5556819724760489,0.8313949395234058,-0.5000000000000004,0.8660254037844384,3853.099999999999,3616.7,3588.3,3482.9,3805.9000000000005,58.41346876653824,3727.293333333333,101.88642403331606
2022-11-28,3817.3,0,0,28,11,4,332,48,2022,0.0,1.0,-0.5412984521036173,0.8408305333122887,-0.5000000000000004,0.8660254037844384,3712.400000000001,3746.000000000001,3592.9,3454.8,3816.085714285714,52.103276562778746,3734.773333333333,99.89746099196668
2022-11-29,3834.6,0,1,29,11,4,333,48,2022,0.7818314824680298,0.6234898018587336,-0.5267547528105542,0.8500173118187018,-0.5000000000000004,0.8660254037844384,3817.3,3799.9,3423.3,3306.6000000000004,3821.0428571428574,51.95718933714064,3748.483333333333,82.36093434235032
2022-11-30,3860.999999999999,0,2,30,11,4,334,48,2022,0.9749279121818236,-0.22252093395631434,-0.5120551783114646,0.8589525565270845,-0.5000000000000004,0.8660254037844384,3834.6,3817.7,3624.8,3387.2,3827.2285714285713,54.02908828546244,3756.3566666666666,81.41404048752005
2022-12-01,3820.8,0,3,1,12,4,335,48,2022,0.43388373911755823,-0.900968867902419,-0.4972040784469378,0.8676336233547726,-2.4492935982947064e-16,1.0,3860.999999999999,3837.4,3641.5,3415.1,3824.8571428571427,53.872313765812166,3762.3333333333335,79.24392866259765
2022-12-02,3862.1,0,4,2,12,4,336,48,2022,-0.433883739117558,-0.9009688679024191,-0.4822058478963526,0.8760579434344281,-2.4492935982947064e-16,1.0,3820.8,3874.8,3681.3,3350.4000000000005,3823.042857142857,52.094556886000916,3768.3599999999997,79.74220792112378
2022-12-03,3866.499999999999,0,5,3,12,4,337,48,2022,-0.9749279121818236,-0.2225209339563146,-0.46706492487743034,0.8842230238742036,-2.4492935982947064e-16,1.0,3862.1,3853.099999999999,3694.499999999999,3277.0,3824.957142857143,53.60736445503958,3774.093333333333,80.428978879978
2022-12-04,3735.3000000000006,0,6,4,12,4,338,48,2022,-0.7818314824680299,0.6234898018587334,-0.451785789832884,0.8921264484954345,-2.4492935982947064e-16,1.0,3866.499999999999,3712.400000000001,3738.3,3334.7,3828.2285714285713,45.71081980915428,3773.9933333333333,80.47686724094896
2022-12-05,3738.593805309735,1,0,5,12,4,339,49,2022,0.0,1.0,-0.4363729641045924,0.8997658785476209,-2.4492935982947064e-16,1.0,3735.3000000000006,3817.3,3740.500000000001,3352.9,3816.984829329962,57.10644994919426,3773.9297935103245,80.50497109385384
2022-12-06,3741.88761061947,1,1,6,12,4,340,49,2022,0.7818314824680298,0.6234898018587336,-0.42083100859565564,0.9071390534005044,-2.4492935982947064e-16,1.0,3738.593805309735,3834.6,3594.6,3286.3,3803.7402022756005,62.80689552702058,3778.8393805309734,73.36607927476933
2022-12-07,3745.1814159292044,1,2,7,12,4,341,49,2022,0.9749279121818236,-0.22252093395631434,-0.4051645224207563,0.9142437912130223,-2.4492935982947064e-16,1.0,3741.88761061947,3860.999999999999,3750.7,3420.5000000000005,3787.1946902654868,60.41854848145991,3778.6554277286136,73.44594182396365
2023-03-24,4097.618584070797,1,4,24,3,1,83,12,2023,-0.433883739117558,-0.9009688679024191,0.9897936029670716,0.14250832791617088,1.0,6.123233995736766e-17,3745.1814159292044,3820.8,3797.999999999999,3502.3,3826.7402022756005,133.0345508790488,3788.6427138643066,93.73583402648487
2023-03-25,4100.912389380531,1,5,25,3,1,84,12,2023,-0.9749279121818236,-0.2225209339563146,0.992098522791769,0.12546123335273648,1.0,6.123233995736766e-17,4097.618584070797,3862.1,3817.8,3543.4,3860.856257901391,169.29357464283586,3798.0797935103246,109.66976127155424
2023-03-26,4104.206194690266,1,6,26,3,1,85,12,2023,-0.7818314824680299,0.6234898018587334,0.9941098647022418,0.10837701279187609,1.0,6.123233995736766e-17,4100.912389380531,3866.499999999999,3827.5,3566.5,3894.814285714286,192.81994746039632,3807.3033333333337,123.04917070534478
2023-03-27,4107.5,0,0,27,3,1,86,13,2023,0.0,1.0,0.9958270335100595,0.09126072172931188,1.0,6.123233995736766e-17,4104.206194690266,3735.3000000000006,3785.499999999999,3569.8,3947.9857142857145,192.81994746039575,3818.036666666667,134.58472192931228
2023-03-28,4222.200000000001,0,1,28,3,1,87,13,2023,0.7818314824680298,0.6234898018587336,0.9972495210773451,0.07411742515094437,1.0,6.123233995736766e-17,4107.5,3738.593805309735,3711.7,3551.2000000000003,4017.0723135271814,191.92663025824532,3835.0533333333337,151.84291780368005
2023-03-29,4265.0,0,2,29,3,1,88,13,2023,0.9749279121818236,-0.22252093395631434,0.998376906467142,0.056952196034039754,1.0,6.123233995736766e-17,4222.200000000001,3741.88761061947,3547.4,3412.0,4091.802654867257,167.16465834691203,3858.973333333334,161.19987410439578
2023-03-30,4183.4,0,3,30,3,1,89,13,2023,0.43388373911755823,-0.900968867902419,0.9992088560679753,0.03977011384605572,1.0,6.123233995736766e-17,4265.0,3745.1814159292044,3693.7,3528.8,4154.405309734513,68.88913990227631,3875.2966666666666,168.5148549603491
2023-03-31,4029.6,0,4,31,3,1,90,13,2023,-0.433883739117558,-0.9009688679024191,0.9997451236925734,0.022576263041545485,1.0,6.123233995736766e-17,4183.4,4097.618584070797,3762.9,3587.8,4144.688369152971,81.81786903983506,3884.186666666667,169.4133873844275
2023-04-01,3931.2,0,5,1,4,2,91,13,2023,-0.9749279121818236,-0.2225209339563146,0.9999855506507186,0.005375731557583884,0.8660254037844387,-0.4999999999999998,4029.6,4100.912389380531,3784.1,3598.8,4120.44374209861,115.26152576990624,3889.0899999999997,168.54321161467146
2023-04-02,3870.2,0,6,2,4,2,92,13,2023,-0.7818314824680299,0.6234898018587334,0.9999300657962057,-0.011826390691832589,0.8660254037844387,-0.4999999999999998,3931.2,4104.206194690266,3788.9,3625.9,4087.014285714286,149.58101961337348,3891.8,167.52725812795566
2023-04-03,4093.2,0,0,3,4,2,93,14,2023,0.0,1.0,0.9995786855478958,-0.029025013321975237,0.8660254037844387,-0.4999999999999998,3870.2,4107.5,3800.6,3644.6,4084.9714285714285,149.35208640755815,3901.553333333333,170.52523111186716
2023-04-04,4177.1,0,1,4,4,2,94,14,2023,0.7818314824680298,0.6234898018587336,0.9989315138848577,-0.046215046983708354,0.8660254037844387,-0.4999999999999998,4093.2,4222.200000000001,3760.3,3626.4,4078.528571428571,143.29555371431,3915.446666666667,175.5257618312632
2023-04-05,4200.199999999999,0,2,5,4,2,95,14,2023,0.9749279121818236,-0.22252093395631434,0.9979887423155984,-0.06339140486951038,0.8660254037844387,-0.4999999999999998,4177.1,4265.0,3616.7,3477.9,4069.271428571428,130.78874460094292,3934.8966666666665,173.59835867717982
2023-04-06,4227.300000000001,0,3,6,4,2,96,14,2023,0.43388373911755823,-0.900968867902419,0.9967506498213929,-0.08054900421874167,0.8660254037844387,-0.4999999999999998,4200.199999999999,4183.4,3746.000000000001,3631.1,4075.542857142857,138.02569636537925,3950.94,177.73007587643392
2023-04-07,4217.3,0,4,7,4,2,97,14,2023,-0.433883739117558,-0.9009688679024191,0.9952176027737294,-0.09768276782171598,0.8660254037844387,-0.4999999999999998,4227.300000000001,4029.6,3799.9,3710.1,4102.357142857143,145.63530772840696,3964.8533333333335,181.78981411157528
2023-04-08,4236.099999999999,0,5,8,4,2,98,14,2023,-0.9749279121818236,-0.2225209339563146,0.9933900548258936,-0.11478762552212701,0.8660254037844387,-0.4999999999999998,4217.3,3931.2,3817.7,3732.2,4145.914285714286,130.7476376915068,3978.8,186.10934163404232
2023-04-09,4146.6,0,6,9,4,2,99,14,2023,-0.7818314824680299,0.6234898018587334,0.9912685467787256,-0.13185851571739118,0.8660254037844387,-0.4999999999999998,4236.099999999999,3870.2,3837.4,3758.3,4185.4,51.05213022004681,3989.1066666666666,186.56975980405218
2023-04-10,4217.625,1,0,10,4,2,100,15,2023,0.0,1.0,0.9888537064205885,-0.1488903868564548,0.8660254037844387,-0.4999999999999998,4146.6,4093.2,3874.8,3784.8,4203.175,31.52743844660637,4000.5341666666664,189.79816547062336
2023-04-11,4288.650000000001,1,1,11,4,2,101,15,2023,0.7818314824680298,0.6234898018587336,0.986146248341595,-0.16587819893463143,0.8660254037844387,-0.4999999999999998,4217.625,4177.1,3853.099999999999,3717.499999999999,4219.1107142857145,42.45059348123755,4015.0525,194.72592628843154
2023-04-12,4359.675,1,2,12,4,2,102,15,2023,0.9749279121818236,-0.22252093395631434,0.9831469737221499,-0.1828169249850199,0.8660254037844387,-0.4999999999999998,4288.650000000001,4200.199999999999,3712.400000000001,3575.6,4241.892857142858,66.55804283090542,4036.628333333333,195.8912470036679
2023-04-14,4501.725,1,4,14,4,2,104,15,2023,-0.433883739117558,-0.9009688679024191,0.9762766110869321,-0.21652708524481437,0.8660254037844387,-0.4999999999999998,4359.675,4227.300000000001,3817.3,3661.9,4281.096428571429,117.7010261111746,4059.4425,208.8906201528761
2023-04-15,4572.75,1,5,15,4,2,105,15,2023,-0.9749279121818236,-0.2225209339563146,0.9724075561219968,-0.23328854407545518,0.8660254037844387,-0.4999999999999998,4501.725,4217.3,3834.6,3587.9,4331.875,156.02551474039188,4084.0475,224.39126108189262
2023-04-16,4643.775000000001,1,6,16,4,2,106,15,2023,-0.7818314824680299,0.6234898018587334,0.9682507501166718,-0.2499809690726521,0.8660254037844387,-0.4999999999999998,4572.75,4236.099999999999,3860.999999999999,3549.8,4390.114285714286,187.27423121875458,4110.14,242.3528230067036
2023-04-17,4714.8,0,0,17,4,2,107,16,2023,0.0,1.0,0.9638074231367307,-0.26659942067929354,0.8660254037844387,-0.4999999999999998,4643.775000000001,4146.6,3820.8,3619.8,4471.285714285715,187.27423121875435,4139.94,259.87840085915497
2023-04-18,4829.7,0,1,18,4,2,108,16,2023,0.7818314824680298,0.6234898018587336,0.9590788900341131,-0.28313898122818354,0.8660254037844387,-0.4999999999999998,4714.8,4217.625,3862.1,3651.8,4558.725,191.9320485223976,4172.193333333334,283.20409238878455
2023-04-19,4785.2,0,2,19,4,2,109,16,2023,0.9749279121818236,-0.22252093395631434,0.9540665500578387,-0.2995947563972602,0.8660254037844387,-0.4999999999999998,4829.7,4288.650000000001,3866.499999999999,3584.899999999999,4629.660714285715,165.405944356832,4202.816666666667,298.2782364254312
2023-04-20,4745.9,0,3,20,4,2,110,16,2023,0.43388373911755823,-0.900968867902419,0.9487718864399473,-0.31596187665790293,0.8660254037844387,-0.4999999999999998,4785.2,4359.675,3735.3000000000006,3478.8,4684.835714285714,117.94354569132656,4236.503333333333,300.7147354523366
2023-04-21,4575.3,0,4,21,4,2,111,16,2023,-0.433883739117558,-0.9009688679024191,0.9431964659565866,-0.33223549871590435,0.8660254037844387,-0.4999999999999998,4745.9,4501.725,3738.593805309735,3661.6,4695.346428571429,100.96145554594746,4264.393539823009,291.60581483568626
2023-04-22,4392.700000000001,0,5,22,4,2,112,16,2023,-0.9749279121818236,-0.2225209339563146,0.9373419384643772,-0.3484108069446808,0.8660254037844387,-0.4999999999999998,4575.3,4572.75,3741.88761061947,3722.7,4669.625000000001,148.9368581256408,4286.087286135694,275.13734055931195
2023-04-23,4079.8000000000006,0,6,23,4,2,113,16,2023,-0.7818314824680299,0.6234898018587334,0.9312100364121947,-0.3644830148102912,0.8660254037844387,-0.4999999999999998,4392.700000000001,4643.775000000001,3745.1814159292044,3652.5,4589.057142857143,269.22115355932476,4297.241238938053,258.74758656447966
2023-04-24,4040.3571428571436,1,0,24,4,2,114,17,2023,0.0,1.0,0.9248025743285089,-0.38044736628785164,0.8660254037844387,-0.4999999999999998,4079.8000000000006,4714.8,4097.618584070797,3576.3,4492.708163265306,330.4438227449349,4295.332524230932,260.47635618184717
2023-04-25,4000.914285714286,1,1,25,4,2,115,17,2023,0.7818314824680298,0.6234898018587336,0.9181214482844365,-0.39629913726891813,0.8660254037844387,-0.4999999999999998,4040.3571428571436,4829.7,4100.912389380531,3588.9999999999995,4374.310204081633,337.9669369283902,4291.999254108723,263.67035462984194
2023-04-26,3961.471428571429,1,2,26,4,2,116,17,2023,0.9749279121818236,-0.22252093395631434,0.9111686353326631,-0.41203363695942635,0.8660254037844387,-0.4999999999999998,4000.914285714286,4785.2,4104.206194690266,3450.2,4256.634693877551,313.5821670638983,4287.2414285714285,268.4208561569929
2023-04-27,3922.0285714285715,1,3,27,4,2,117,17,2023,0.43388373911755823,-0.900968867902419,0.9039461929224011,-0.42764620926777464,0.8660254037844387,-0.4999999999999998,3961.471428571429,4745.9,4107.5,3355.4,4138.938775510204,246.85254235604623,4281.059047619047,274.76445833953227
2023-04-28,3882.5857142857144,1,4,28,4,2,118,17,2023,-0.433883739117558,-0.9009688679024191,0.8964562582905575,-0.44313223418263453,0.8660254037844387,-0.4999999999999998,3922.0285714285715,4575.3,4222.200000000001,3509.1,4039.979591836735,169.4955257686565,4269.738571428572,284.1103315243656
2023-04-29,3843.142857142857,1,5,29,4,2,119,17,2023,-0.9749279121818236,-0.2225209339563146,0.8887010478292915,-0.45848712914008766,0.8660254037844387,-0.4999999999999998,3882.5857142857144,4392.700000000001,4265.0,3561.4,3961.471428571429,85.20630984909926,4255.676666666667,294.59914719481367
2023-04-30,3803.7,0,6,30,4,2,120,17,2023,-0.7818314824680299,0.6234898018587334,0.8806828564301475,-0.47370635037968,0.8660254037844387,-0.4999999999999998,3843.142857142857,4079.8000000000006,4183.4,3560.8,3922.0285714285715,85.2063098490996,4243.02,305.75651359925484
2023-05-01,3604.7,0,0,1,5,2,121,18,2023,0.0,1.0,0.8724040568049612,-0.48878539428899265,0.49999999999999994,-0.8660254037844387,3803.7,4040.3571428571436,4029.6,3569.9000000000005,3859.791836734694,131.112283202658,4228.856666666667,325.2060698583887
2023-05-02,3707.3,0,1,2,5,2,122,18,2023,0.7818314824680298,0.6234898018587336,0.8638670987837349,-0.503719798736334,0.49999999999999994,-0.8660254037844387,3604.7,4000.914285714286,3931.2,3471.1,3817.84693877551,125.2764797363303,4221.393333333333,334.7032382579012
2023-05-03,3804.099999999999,0,2,3,5,2,123,18,2023,0.9749279121818236,-0.22252093395631434,0.8550745085896932,-0.518505144391157,0.49999999999999994,-0.8660254037844387,3707.3,3961.471428571429,3870.2,3440.5000000000005,3795.365306122449,108.15744377225631,4219.1900000000005,337.3023202248408
2023-05-04,3850.9,0,3,4,5,2,124,18,2023,0.43388373911755823,-0.900968867902419,0.8460288880917339,-0.533137056031809,0.49999999999999994,-0.8660254037844387,3804.099999999999,3922.0285714285715,4093.2,3403.7,3785.2040816326526,97.04463056092008,4211.113333333334,343.2712745151012
2023-05-05,4003.2,0,4,5,5,2,125,18,2023,-0.433883739117558,-0.9009688679024191,0.8367329140344921,-0.5476112038402312,0.49999999999999994,-0.8660254037844387,3850.9,3882.5857142857144,4177.1,3620.6,3802.434693877551,124.14154688804597,4205.316666666667,345.32757443598774
2023-05-06,4109.4,0,5,6,5,2,126,18,2023,-0.9749279121818236,-0.2225209339563146,0.8271893372462497,-0.5619233046832195,0.49999999999999994,-0.8660254037844387,4003.2,3843.142857142857,4200.199999999999,3708.999999999999,3840.4714285714285,170.73846192629807,4202.29,345.7715950142756
2023-05-07,3997.9,0,6,7,5,2,127,18,2023,-0.7818314824680299,0.6234898018587334,0.8174009818249189,-0.5760691233798758,0.49999999999999994,-0.8660254037844387,4109.4,3803.7,4227.300000000001,3750.7,3868.214285714286,179.32916130747827,4194.643333333333,347.73044992317494
2023-05-08,4235.7,0,0,8,5,2,128,19,2023,0.0,1.0,0.8073707443023492,-0.5900444739548627,0.49999999999999994,-0.8660254037844387,3997.9,3604.7,4217.3,3785.900000000001,3958.3571428571427,183.33917436584025,4195.256666666666,347.7880125390216
2023-05-09,4376.4,0,1,9,5,2,129,19,2023,0.7818314824680298,0.6234898018587336,0.7971015927871943,-0.6038452208771035,0.49999999999999994,-0.8660254037844387,4235.7,3707.3,4236.099999999999,3808.1,4053.942857142857,203.90081622481952,4199.933333333333,349.29619588387465
2023-05-10,4406.099999999999,0,2,10,5,2,130,19,2023,0.9749279121818236,-0.22252093395631434,0.7865965660866021,-0.6174672802835514,0.49999999999999994,-0.8660254037844387,4376.4,3804.099999999999,4146.6,3642.6,4139.942857142857,207.87594743936566,4208.583333333333,351.1381846229849
2023-05-11,4508.6,0,3,11,5,2,131,19,2023,0.43388373911755823,-0.900968867902419,0.7758587728069828,-0.6309066211876704,0.49999999999999994,-0.8660254037844387,4406.099999999999,3850.9,4217.625,3533.8,4233.9,204.05928877004743,4218.2825,355.3894779374173
2023-05-12,4580.9,0,4,12,5,2,132,19,2023,-0.433883739117558,-0.9009688679024191,0.7648913904341226,-0.6441592666722685,0.49999999999999994,-0.8660254037844387,4508.6,4003.2,4288.650000000001,3730.3,4316.428571428571,211.8768959741085,4228.024166666667,361.3404934501404
2023-05-13,4619.200000000001,0,5,13,5,2,133,19,2023,-0.9749279121818236,-0.2225209339563146,0.753697664392914,-0.6572212950663319,0.49999999999999994,-0.8660254037844387,4580.9,4109.4,4359.675,3789.999999999999,4389.257142857143,216.42266407151934,4236.675,367.6525297887879
2023-05-14,4433.2,0,6,14,5,2,134,19,2023,-0.7818314824680299,0.6234898018587334,0.742280907086982,-0.6700888411055113,0.49999999999999994,-0.8660254037844387,4619.200000000001,3997.9,4501.725,3615.000000000001,4451.442857142857,130.85216667603828,4234.390833333334,366.1588663948336
2023-05-15,4595.999999999999,0,0,15,5,2,135,20,2023,0.0,1.0,0.7306444969184916,-0.6827580970759147,0.49999999999999994,-0.8660254037844387,4433.2,4235.7,4572.75,3734.6,4502.914285714286,98.77615144984271,4235.1658333333335,366.92352828888386
2023-05-16,4669.3,0,1,16,5,2,136,20,2023,0.7818314824680298,0.6234898018587336,0.7187918772884232,-0.6952253139408722,0.49999999999999994,-0.8660254037844387,4595.999999999999,4376.4,4643.775000000001,3831.1,4544.757142857143,98.2877892915176,4236.016666666666,367.93190425110276
2023-05-17,4778.2,0,2,17,5,2,137,20,2023,0.9749279121818236,-0.22252093395631434,0.7067265555776158,-0.7074868024503348,0.49999999999999994,-0.8660254037844387,4669.3,4406.099999999999,4714.8,3813.8,4597.914285714286,110.64427125662245,4238.13,370.9465060487168
2023-05-18,4584.999999999999,0,3,18,5,2,138,20,2023,0.43388373911755823,-0.900968867902419,0.6944521021088763,-0.719538934232584,0.49999999999999994,-0.8660254037844387,4778.2,4508.6,4829.7,3719.5,4608.828571428571,103.93011617247123,4229.973333333333,360.0194341406392
2023-05-19,4752.899999999999,0,4,19,5,2,139,20,2023,-0.433883739117558,-0.9009688679024191,0.6819721490904629,-0.7313781428679254,0.49999999999999994,-0.8660254037844387,4584.999999999999,4580.9,4785.2,3851.7,4633.4,115.87284697749944,4228.8966666666665,358.34613717453624
2023-05-20,4787.7,0,5,20,5,2,140,20,2023,-0.9749279121818236,-0.2225209339563146,0.6692903895412567,-0.7430009249440493,0.49999999999999994,-0.8660254037844387,4752.899999999999,4619.200000000001,4745.9,3873.0,4657.471428571428,129.17037475477932,4230.29,360.5004731998792
2023-05-21,4602.0,0,6,21,5,2,141,20,2023,-0.7818314824680299,0.6234898018587334,0.6564105761979381,-0.7544038410927472,0.49999999999999994,-0.8660254037844387,4787.7,4433.2,4575.3,3901.2,4681.585714285714,90.2023914792502,4231.179999999999,361.41340380954176
2023-05-22,4735.1,0,0,22,5,2,142,21,2023,0.0,1.0,0.6433365204044917,-0.765583517007675,0.49999999999999994,-0.8660254037844387,4602.0,4595.999999999999,4392.700000000001,3833.8000000000006,4701.457142857143,83.26021172893672,4242.593333333333,371.9431053919419
2023-05-23,4799.6,0,1,23,5,2,143,21,2023,0.7818314824680298,0.6234898018587336,0.6300720909843687,-0.7765366444428655,0.49999999999999994,-0.8660254037844387,4735.1,4669.3,4079.8000000000006,3823.500000000001,4720.071428571428,89.22450549572662,4266.586666666666,384.0973696508987
2023-05-24,4588.799999999999,0,2,24,5,2,144,21,2023,0.9749279121818236,-0.22252093395631434,0.6166212130956382,-0.7872599821916922,0.49999999999999994,-0.8660254037844387,4799.6,4778.2,4040.3571428571436,3857.2,4693.0142857142855,97.03496669711026,4284.868095238095,386.0055479155423
2023-05-25,4448.2,0,3,25,5,2,145,21,2023,0.43388373911755823,-0.900968867902419,0.6029878670694714,-0.7977503570459932,0.49999999999999994,-0.8660254037844387,4588.799999999999,4584.999999999999,4000.914285714286,3744.7,4673.471428571428,130.44040419909587,4299.777619047619,383.2882653272243
2023-05-26,4294.2,0,4,26,5,2,146,21,2023,-0.433883739117558,-0.9009688679024191,0.5891760872322963,-0.8080046647350754,0.49999999999999994,-0.8660254037844387,4448.2,4752.899999999999,3961.471428571429,3870.999999999999,4607.942857142857,186.8904122486772,4310.868571428571,377.9379939276329
2023-05-27,4296.900000000001,0,5,27,5,2,147,21,2023,-0.9749279121818236,-0.2225209339563146,0.5751899607119775,-0.8180198708443175,0.49999999999999994,-0.8660254037844387,4294.2,4787.7,3922.0285714285715,3932.7,4537.828571428572,199.8295499860397,4323.364285714286,370.7676556351193
2023-05-28,4218.700000000001,0,6,28,5,2,148,21,2023,-0.7818314824680299,0.6234898018587334,0.5610336262283677,-0.8277930117131022,0.49999999999999994,-0.8660254037844387,4296.900000000001,4602.0,3882.5857142857144,3896.0,4483.071428571429,229.6111765157704,4334.568095238095,361.96275683479035
2023-05-29,4357.2,0,0,29,5,2,149,22,2023,0.0,1.0,0.5467112728685939,-0.8373211953118121,0.49999999999999994,-0.8660254037844387,4218.700000000001,4735.1,3843.142857142857,3885.8000000000006,4429.085714285714,203.4091806234628,4351.703333333333,349.8619939577447
2023-05-30,4381.9,0,1,30,5,2,150,22,2023,0.7818314824680298,0.6234898018587336,0.5322271388474397,-0.8466016020976267,0.49999999999999994,-0.8660254037844387,4357.2,4799.6,3803.7,3888.8,4369.414285714286,121.29349293583297,4370.9766666666665,334.2082446859876
2023-05-31,4441.2,0,2,31,5,2,151,22,2023,0.9749279121818236,-0.22252093395631434,0.5175855102531889,-0.8556314858488706,0.49999999999999994,-0.8660254037844387,4381.9,4588.799999999999,3604.7,3862.2,4348.328571428571,83.84858802799978,4398.86,301.3524887615093
2023-06-01,4458.299999999999,0,3,1,6,2,152,22,2023,0.43388373911755823,-0.900968867902419,0.5027907197793043,-0.8644081744776648,1.2246467991473532e-16,-1.0,4441.2,4448.2,3707.3,3761.1,4349.771428571429,85.91503000613966,4423.8933333333325,271.6529351864235
2023-06-02,4560.7,0,4,2,6,2,153,22,2023,-0.433883739117558,-0.9009688679024191,0.4878471454423119,-0.8729290708206411,1.2246467991473532e-16,-1.0,4458.299999999999,4294.2,3804.099999999999,3871.6,4387.842857142858,112.20888047363476,4449.113333333333,246.041420305086
2023-06-03,4664.0,0,5,3,6,2,154,22,2023,-0.9749279121818236,-0.2225209339563146,0.47275920928627757,-0.881191653407483,1.2246467991473532e-16,-1.0,4560.7,4296.900000000001,3850.9,3918.500000000001,4440.285714285715,143.92439483484105,4476.216666666666,221.42441706203317
2023-06-04,4335.6,0,6,4,6,2,155,22,2023,-0.7818314824680299,0.6234898018587334,0.4575313760742512,-0.8891934772070711,1.2246467991473532e-16,-1.0,4664.0,4218.700000000001,4003.2,3950.2,4456.985714285714,118.45676325946384,4487.296666666666,204.61736280412853
2023-06-05,4621.299999999999,0,0,5,6,2,156,23,2023,0.0,1.0,0.44216815196707204,-0.8969321743510065,1.2246467991473532e-16,-1.0,4335.6,4357.2,4109.4,3941.3000000000006,4494.714285714285,123.33552379008792,4504.36,193.03349468152484
2023-06-06,4715.2,0,1,6,6,2,157,23,2023,0.7818314824680298,0.6234898018587336,0.42667408318992467,-0.9044054548343001,1.2246467991473532e-16,-1.0,4621.299999999999,4381.9,3997.9,3971.2,4542.328571428571,136.19040243089685,4528.27,171.3432834782274
2023-06-07,4757.5,0,2,7,6,2,158,23,2023,0.9749279121818236,-0.22252093395631434,0.4110537546870351,-0.9116111071930239,1.2246467991473532e-16,-1.0,4715.2,4441.2,4235.7,3944.8,4587.5142857142855,148.92194184172018,4545.663333333333,167.0505240180628
2023-06-08,4861.0,0,3,8,6,2,159,23,2023,0.43388373911755823,-0.900968867902419,0.3953117887649151,-0.9185469991587165,1.2246467991473532e-16,-1.0,4757.5,4458.299999999999,4376.4,3798.9,4645.042857142857,167.33091821441744,4561.816666666667,173.4268882691186
2023-06-09,4912.799999999999,0,4,9,6,2,160,23,2023,-0.433883739117558,-0.9009688679024191,0.37945284372454435,-0.925211078289358,1.2246467991473532e-16,-1.0,4861.0,4560.7,4406.099999999999,3932.3,4695.342857142857,189.23854308908628,4578.706666666666,182.19098909041512
2023-06-10,4848.499999999999,0,5,10,6,2,161,23,2023,-0.9749279121818236,-0.2225209339563146,0.36348161248290634,-0.9316013725767187,1.2246467991473532e-16,-1.0,4912.799999999999,4664.0,4508.6,3998.7,4721.699999999999,196.84139131122046,4590.036666666667,188.15213668791134
2023-06-11,4615.000000000001,0,6,11,6,2,162,23,2023,-0.7818314824680299,0.6234898018587334,0.3474028211842774,-0.9377159910299093,1.2246467991473532e-16,-1.0,4848.499999999999,4335.6,4580.9,3993.2,4761.614285714285,118.06695033712175,4591.173333333333,188.19803387394774
2023-06-12,4816.9,0,0,12,6,2,163,24,2023,0.0,1.0,0.3312212278016865,-0.9435531242349544,1.2246467991473532e-16,-1.0,4615.000000000001,4621.299999999999,4619.200000000001,4036.7999999999993,4789.557142857143,101.27653326649602,4597.763333333333,192.62261564382266
2023-06-13,4914.7,0,1,13,6,2,164,24,2023,0.7818314824680298,0.6234898018587336,0.31494162072895193,-0.9491110448902284,1.2246467991473532e-16,-1.0,4816.9,4715.2,4433.2,4039.0,4818.057142857142,104.87104552963858,4613.8133333333335,198.41096106632037
2023-06-14,4851.500000000001,0,2,14,6,2,165,24,2023,0.9749279121818236,-0.22252093395631434,0.2985688173637202,-0.9543881083175908,1.2246467991473532e-16,-1.0,4914.7,4757.5,4595.999999999999,3957.400000000001,4831.4857142857145,101.7976657979349,4622.33,203.0493402752233
2023-06-15,4789.799999999999,0,3,15,6,2,166,24,2023,0.43388373911755823,-0.900968867902419,0.2821076626819194,-0.9593827529490743,1.2246467991473532e-16,-1.0,4851.500000000001,4861.0,4669.3,3866.0,4821.314285714286,101.91417023771244,4626.346666666666,205.19108122939565
2023-06-16,4843.5,0,4,16,6,2,167,24,2023,-0.433883739117558,-0.9009688679024191,0.26556302780405594,-0.9640935007889755,1.2246467991473532e-16,-1.0,4789.799999999999,4912.799999999999,4778.2,3998.7,4811.414285714286,94.65330472435446,4628.523333333333,207.19406309449522
2023-06-17,4850.7,0,5,17,6,2,168,24,2023,-0.9749279121818236,-0.2225209339563146,0.24893980855376657,-0.9685189578512204,1.2246467991473532e-16,-1.0,4843.5,4848.499999999999,4584.999999999999,4004.999999999999,4811.728571428571,94.80050482085593,4637.38,210.91483720146516
2023-06-18,4607.1,0,6,18,6,2,169,24,2023,-0.7818314824680299,0.6234898018587334,0.23224292400907015,-0.9726578145718654,1.2246467991473532e-16,-1.0,4850.7,4615.000000000001,4752.899999999999,4010.8,4810.599999999999,97.54026519000651,4632.52,209.83823063131086
2023-06-19,4722.3,0,0,19,6,2,170,25,2023,0.0,1.0,0.21547731504673012,-0.976508846196619,1.2246467991473532e-16,-1.0,4607.1,4816.9,4787.7,4047.499999999999,4797.085714285714,102.92664748211853,4630.34,208.50597047598998
2023-06-20,4789.6,0,1,20,6,2,171,25,2023,0.7818314824680298,0.6234898018587336,0.19864794288017112,-0.9800709131432666,1.2246467991473532e-16,-1.0,4722.3,4914.7,4602.0,4075.499999999999,4779.214285714285,89.02300130813613,4636.593333333334,210.43099603421177
2023-06-21,4834.599999999999,0,2,21,6,2,172,25,2023,0.9749279121818236,-0.22252093395631434,0.18175978759137534,-0.9833429613388902,1.2246467991473532e-16,-1.0,4789.6,4851.500000000001,4735.1,4068.499999999999,4776.8,86.94070776494911,4639.910000000001,212.80782872233254
2023-06-22,4866.0,0,3,22,6,2,173,25,2023,0.43388373911755823,-0.900968867902419,0.16481784665719793,-0.9863240225317866,1.2246467991473532e-16,-1.0,4834.599999999999,4789.799999999999,4799.6,3952.0,4787.685714285714,93.37225548974195,4642.123333333334,214.86136778819142
2023-06-23,4888.7,0,4,23,6,2,174,25,2023,-0.433883739117558,-0.9009688679024191,0.14782713347053048,-0.9890132145779883,1.2246467991473532e-16,-1.0,4866.0,4843.5,4588.799999999999,4052.6,4794.142857142857,99.25309159154529,4652.12,219.2271289529692
2023-06-24,4756.600000000001,0,5,24,6,2,175,25,2023,-0.9749279121818236,-0.2225209339563146,0.13079267585675922,-0.9914097417023038,1.2246467991473532e-16,-1.0,4888.7,4850.7,4448.2,4101.099999999999,4780.7,96.65474639149176,4662.4,216.54957543409273
2023-06-25,4272.0,0,6,25,6,2,176,25,2023,-0.7818314824680299,0.6234898018587334,0.11371951458594969,-0.9935128947338007,1.2246467991473532e-16,-1.0,4756.600000000001,4607.1,4294.2,4113.5,4732.828571428572,211.6009823093685,4661.66,217.88500067062336
2023-06-26,4320.099999999999,0,0,26,6,2,177,26,2023,0.0,1.0,0.0966127018812031,-0.9953220513156602,1.2246467991473532e-16,-1.0,4272.0,4722.3,4296.900000000001,4128.700000000001,4675.371428571429,263.24089546957475,4662.433333333333,216.58300683703442
2023-06-27,4403.500000000001,0,1,27,6,2,178,26,2023,0.7818314824680298,0.6234898018587336,0.07947729992362097,-0.9968366760893436,1.2246467991473532e-16,-1.0,4320.099999999999,4789.6,4218.700000000001,4170.400000000001,4620.214285714285,275.4827122741275,4668.593333333334,205.89138404261755
2023-06-28,4392.699999999999,0,2,28,6,2,179,26,2023,0.9749279121818236,-0.22252093395631434,0.062318379354325076,-0.998056320853012,1.2246467991473532e-16,-1.0,4403.500000000001,4834.599999999999,4357.2,4146.299999999999,4557.085714285715,268.7158811122082,4669.776666666667,204.1344987372511
2023-06-29,4356.500000000001,0,3,29,6,2,180,26,2023,0.43388373911755823,-0.900968867902419,0.04514101777397193,-0.9989806246941579,1.2246467991473532e-16,-1.0,4392.699999999999,4866.0,4381.9,4049.3,4484.3,238.38750666370854,4668.929999999999,205.41830350236376
2023-06-30,4310.9,0,4,30,6,2,181,26,2023,-0.433883739117558,-0.9009688679024191,0.02795029824021032,-0.999609314096404,1.2246467991473532e-16,-1.0,4356.500000000001,4888.7,4441.2,4052.6,4401.757142857144,163.20057043553322,4664.586666666667,211.6814697692605
2023-07-01,4399.4,0,5,1,7,3,182,26,2023,-0.9749279121818236,-0.2225209339563146,0.01075130776352193,-0.9999422030204416,-0.4999999999999997,-0.8660254037844388,4310.9,4756.600000000001,4458.299999999999,4101.099999999999,4350.728571428571,51.106513423372014,4662.623333333334,213.92203169303147
2023-07-02,4358.1,0,6,2,7,3,183,26,2023,-0.7818314824680299,0.6234898018587334,-0.00645086419810515,-0.9999791929590823,-0.4999999999999997,-0.8660254037844388,4399.4,4272.0,4560.7,4113.5,4363.028571428572,37.56854687492167,4655.87,220.3519366048629
2023-07-03,4599.3,0,0,3,7,3,184,27,2023,0.0,1.0,-0.023651127245231586,-0.9997202729664083,-0.4999999999999997,-0.8660254037844388,4358.1,4320.099999999999,4664.0,4128.700000000001,4402.914285714286,92.47847368574594,4653.713333333333,220.5861185073921
2023-07-04,4686.5,0,1,4,7,3,185,27,2023,0.7818314824680298,0.6234898018587336,-0.04084439154329611,-0.9991655196610109,-0.4999999999999997,-0.8660254037844388,4599.3,4403.500000000001,4335.6,4170.400000000001,4443.342857142858,141.5938070343577,4665.41,212.2834269198228
2023-07-05,4546.6,0,2,5,7,3,186,27,2023,0.9749279121818236,-0.22252093395631434,-0.05802556932878035,-0.9983150972033183,-0.4999999999999997,-0.8660254037844388,4686.5,4392.699999999999,4621.299999999999,4146.299999999999,4465.328571428572,144.34136291314957,4662.92,213.25454015459533
2023-07-06,4387.2,0,3,6,7,3,187,27,2023,0.43388373911755823,-0.900968867902419,-0.07518957641475855,-0.9971692572470178,-0.4999999999999997,-0.8660254037844388,4546.6,4356.500000000001,4715.2,4049.3,4469.714285714285,140.90916020109526,4651.986666666666,218.81732695266382
2023-07-07,4403.799999999999,0,4,7,7,3,188,27,2023,-0.433883739117558,-0.9009688679024191,-0.09233133369539122,-0.9957283388645872,-0.4999999999999997,-0.8660254037844388,4387.2,4310.9,4757.5,4315.7,4482.985714285714,127.16272289961576,4640.196666666667,222.43504202246717
2023-07-08,4235.7,0,5,8,7,3,189,27,2023,-0.9749279121818236,-0.2225209339563146,-0.10944576864891556,-0.993992768446958,-0.4999999999999997,-0.8660254037844388,4403.799999999999,4399.4,4861.0,4333.3,4459.6,156.71500672666906,4619.353333333333,230.19281233472842
2023-07-09,4034.1,0,6,9,7,3,190,27,2023,-0.7818314824680299,0.6234898018587334,-0.12652781683868314,-0.9919630595773397,-0.4999999999999997,-0.8660254037844388,4235.7,4358.1,4912.799999999999,4339.000000000001,4413.314285714286,224.76246297349513,4590.0633333333335,246.8663319502518
2023-07-10,4274.3,0,0,10,7,3,191,28,2023,0.0,1.0,-0.1435724234118113,-0.9896398128792412,-0.4999999999999997,-0.8660254037844388,4034.1,4599.3,4848.499999999999,4324.7,4366.885714285714,213.21115846795044,4570.923333333334,248.3929987954012
2023-07-11,4359.099999999999,0,1,11,7,3,192,28,2023,0.7818314824680298,0.6234898018587336,-0.16057454459499376,-0.9870237158387383,-0.4999999999999997,-0.8660254037844388,4274.3,4686.5,4615.000000000001,4308.5,4320.114285714286,160.90802164149298,4562.3933333333325,251.20515854209384
2023-07-12,4495.0,0,2,12,7,3,193,28,2023,0.9749279121818236,-0.22252093395631434,-0.17752914918703497,-0.984115542601034,-0.4999999999999997,-0.8660254037844388,4359.099999999999,4546.6,4816.9,4265.3,4312.742857142856,149.58677367050413,4551.663333333333,246.7954024656024
2023-07-13,4581.8,0,3,13,7,3,194,28,2023,0.43388373911755823,-0.900968867902419,-0.19443122004766195,-0.9809161537413774,-0.4999999999999997,-0.8660254037844388,4495.0,4387.2,4914.7,4186.9,4340.542857142857,180.59864208741195,4540.566666666667,237.2071455185433
2023-07-14,4616.3,0,4,14,7,3,195,28,2023,-0.433883739117558,-0.9009688679024191,-0.2112757555821793,-0.9774264960104055,-0.4999999999999997,-0.8660254037844388,4581.8,4403.799999999999,4851.500000000001,4325.7,4370.9,208.68032170445318,4532.7266666666665,230.36415689426863
2023-07-15,4596.4,0,5,15,7,3,196,28,2023,-0.9749279121818236,-0.2225209339563146,-0.2280577712215198,-0.9736476020539838,-0.4999999999999997,-0.8660254037844388,4616.3,4235.7,4789.799999999999,4426.6,4422.428571428572,214.192170058321,4526.28,225.57837601183334
2023-07-16,4388.700000000001,0,6,16,7,3,197,28,2023,-0.7818314824680299,0.6234898018587334,-0.24477230089725957,-0.9695805901076308,-0.4999999999999997,-0.8660254037844388,4596.4,4034.1,4843.5,4434.299999999999,4473.085714285715,133.94353821136002,4511.12,218.7020858264181
2023-07-17,4594.799999999999,0,0,17,7,3,198,29,2023,0.0,1.0,-0.2614143985111562,-0.965226663665613,-0.4999999999999997,-0.8660254037844388,4388.700000000001,4274.3,4850.7,4451.900000000001,4518.871428571429,106.66889134587757,4502.589999999999,209.81045690714444
2023-07-18,4610.2,0,1,18,7,3,199,29,2023,0.7818314824680298,0.6234898018587336,-0.2779791393987801,-0.9605871111248129,-0.4999999999999997,-0.8660254037844388,4594.799999999999,4359.099999999999,4607.1,4434.400000000001,4554.742857142856,83.74186243340559,4502.693333333333,209.86446025508803
2023-07-19,4570.3,0,2,19,7,3,200,29,2023,0.9749279121818236,-0.22252093395631434,-0.2944616217868012,-0.9556633054034704,-0.4999999999999997,-0.8660254037844388,4610.2,4495.0,4722.3,4371.799999999999,4565.5,79.518341699714,4497.626666666666,206.18230121262087
2023-07-20,4643.299999999999,0,3,20,7,3,201,29,2023,0.43388373911755823,-0.900968867902419,-0.3108569682435036,-0.9504567035349151,-0.4999999999999997,-0.8660254037844388,4570.3,4581.8,4789.6,4234.2,4574.285714285715,84.83889494355651,4492.75,200.69550920185475
2023-07-21,4701.7,0,4,21,7,3,202,29,2023,-0.433883739117558,-0.9009688679024191,-0.3271603271220951,-0.9449688462364056,-0.4999999999999997,-0.8660254037844388,4643.299999999999,4616.3,4834.599999999999,4393.700000000001,4586.4857142857145,97.13662935221912,4488.320000000001,194.2529339413599
2023-07-22,4560.1,0,5,22,7,3,203,29,2023,-0.9749279121818236,-0.2225209339563146,-0.34336687399638804,-0.939201357453208,-0.4999999999999997,-0.8660254037844388,4701.7,4596.4,4866.0,4431.5,4581.3,97.48745218405803,4478.123333333334,181.34391917841484
2023-07-23,4444.099999999999,0,6,23,7,3,204,29,2023,-0.7818314824680299,0.6234898018587334,-0.3594718130884232,-0.9331559438780432,-0.4999999999999997,-0.8660254037844388,4560.1,4388.700000000001,4888.7,4423.3,4589.214285714285,79.90979140199553,4463.303333333333,163.96785951527883
2023-07-24,4647.2,0,0,24,7,3,205,30,2023,0.0,1.0,-0.3754703786876202,-0.9268343944460494,-0.4999999999999997,-0.8660254037844388,4444.099999999999,4594.799999999999,4756.600000000001,4466.5,4596.7,82.91797151405497,4459.656666666667,158.33992391606859
2023-07-25,4598.400000000001,0,1,25,7,3,206,30,2023,0.7818314824680298,0.6234898018587336,-0.3913578365610259,-0.9202385798054075,-0.4999999999999997,-0.8660254037844388,4647.2,4610.2,4272.0,4515.1,4595.0142857142855,82.71747958307887,4470.536666666667,156.2003432450906
2023-07-26,4462.7,0,2,26,7,3,207,30,2023,0.9749279121818236,-0.22252093395631434,-0.4071294853542516,-0.9133704517637858,-0.4999999999999997,-0.8660254037844388,4598.400000000001,4570.3,4320.099999999999,4471.3,4579.642857142857,96.86364741471345,4475.289999999999,153.61284372935634
2023-07-27,4459.500000000001,0,3,27,7,3,208,30,2023,0.43388373911755823,-0.900968867902419,-0.4227806579826773,-0.9062320427107697,-0.4999999999999997,-0.8660254037844388,4462.7,4643.299999999999,4403.500000000001,4296.2,4553.385714285714,101.53111885153228,4477.156666666666,153.04960359608407
2023-07-28,4451.2,0,4,28,7,3,209,30,2023,-0.433883739117558,-0.9009688679024191,-0.4383067230125192,-0.898825465016444,-0.4999999999999997,-0.8660254037844388,4459.500000000001,4701.7,4392.699999999999,4430.799999999999,4517.599999999999,82.99787145868726,4479.106666666666,152.307311693829
2023-07-29,4335.1,0,5,29,7,3,210,30,2023,-0.9749279121818236,-0.2225209339563146,-0.45370308603134424,-0.8911529104063088,-0.4999999999999997,-0.8660254037844388,4451.2,4560.1,4356.500000000001,4464.8,4485.457142857143,104.56237145271606,4478.3933333333325,152.95009989362595
2023-07-30,4342.3,0,6,30,7,3,211,30,2023,-0.7818314824680299,0.6234898018587334,-0.46896519100763184,-0.8832166493127127,-0.4999999999999997,-0.8660254037844388,4335.1,4444.099999999999,4310.9,4444.5,4470.914285714286,117.54632318896424,4479.4400000000005,151.86799758228867
2023-07-31,4627.400000000001,0,0,31,7,3,212,31,2023,0.0,1.0,-0.48408852163897587,-0.8750190302029955,-0.4999999999999997,-0.8660254037844388,4342.3,4647.2,4399.4,4369.4,4468.085714285715,112.73711942055515,4487.039999999999,153.42140883740407
2023-08-01,4700.0,0,1,1,8,3,213,31,2023,0.7818314824680298,0.6234898018587336,-0.4990686026885319,-0.8665624788845385,-0.8660254037844384,-0.5000000000000004,4627.400000000001,4598.400000000001,4358.1,4346.0,4482.6,136.37309118739782,4498.4366666666665,156.18685203026828
2023-08-02,4607.2,0,2,2,8,3,214,31,2023,0.9749279121818236,-0.22252093395631434,-0.5139010013093103,-0.8578494977869301,-0.8660254037844384,-0.5000000000000004,4700.0,4462.7,4599.3,4425.4,4503.242857142857,143.6036078602567,4498.7,156.3693262980148
2023-08-03,4606.500000000001,0,3,3,8,3,215,31,2023,0.43388373911755823,-0.900968867902419,-0.5285813283559292,-0.8488826652214553,-0.8660254037844384,-0.5000000000000004,4607.2,4459.500000000001,4686.5,4270.2,4524.242857142857,146.85229378692821,4496.033333333334,153.71584696833943
2023-08-04,4658.4,0,4,4,8,3,216,31,2023,-0.433883739117558,-0.9009688679024191,-0.5431052396834317,-0.8396646346181327,-0.8660254037844384,-0.5000000000000004,4606.500000000001,4451.2,4546.6,4420.0,4553.842857142858,150.51209095556214,4499.759999999999,156.3172715323192
2023-08-05,4674.9,0,5,5,8,3,217,31,2023,-0.9749279121818236,-0.2225209339563146,-0.5574684374327892,-0.8301981337405212,-0.8660254037844384,-0.5000000000000004,4658.4,4335.1,4387.2,4463.7,4602.385714285714,119.88527055165588,4509.35,157.98983107825708
2023-08-06,4533.500000000001,0,6,6,8,3,218,31,2023,-0.7818314824680299,0.6234898018587334,-0.5716666713027052,-0.8204859638785327,-0.8660254037844384,-0.5000000000000004,4674.9,4342.3,4403.799999999999,4426.8,4629.7,54.94397146189429,4513.673333333333,156.7717975458128
2023-08-07,4687.3,0,0,7,8,3,219,32,2023,0.0,1.0,-0.5856957398073508,-0.8105309990194823,-0.8660254037844384,-0.5000000000000004,4533.500000000001,4627.400000000001,4235.7,4442.5,4638.257142857144,59.03803455243868,4528.726666666667,150.72508185052843
2023-08-08,4814.400000000001,0,1,8,8,3,220,32,2023,0.7818314824680298,0.6234898018587336,-0.5995514915196489,-0.8003361849976323,-0.8660254037844384,-0.5000000000000004,4687.3,4700.0,4034.1,4376.200000000001,4654.6,87.80417605865168,4554.736666666667,128.0465391777527
2023-08-09,4862.2,0,2,9,8,3,221,32,2023,0.9749279121818236,-0.22252093395631434,-0.6132298262997502,-0.7899045386224707,-0.8660254037844384,-0.5000000000000004,4814.400000000001,4607.2,4274.3,4416.299999999999,4691.028571428571,113.88528898687575,4574.333333333333,128.6333558214283
2023-08-10,4906.9,0,3,10,8,3,222,32,2023,0.43388373911755823,-0.900968867902419,-0.6267266965083301,-0.7792391467859886,-0.8660254037844384,-0.5000000000000004,4862.2,4606.500000000001,4359.099999999999,4297.299999999999,4733.942857142857,131.89838079805136,4592.593333333334,135.7129372363967
2023-08-11,4978.2,0,4,11,8,3,223,32,2023,-0.433883739117558,-0.9009688679024191,-0.6400381082043503,-0.7683431655492202,-0.8660254037844384,-0.5000000000000004,4906.9,4658.4,4495.0,4466.3,4779.628571428571,154.77275507753396,4608.7,151.48771886035442
2023-08-12,5001.200000000001,0,5,12,8,3,224,32,2023,-0.9749279121818236,-0.2225209339563146,-0.65316012232693,-0.7572198192083127,-0.8660254037844384,-0.5000000000000004,4978.2,4674.9,4581.8,4491.799999999999,4826.242857142858,166.65494149233575,4622.679999999999,167.43261825334014
2023-08-13,4896.1,0,6,13,8,3,225,32,2023,-0.7818314824680299,0.6234898018587334,-0.666088855860977,-0.7458723993404063,-0.8660254037844384,-0.5000000000000004,5001.200000000001,4533.500000000001,4616.3,4529.7,4878.042857142857,105.70570557202805,4632.006666666667,174.7002317929255
2023-08-14,4959.9,0,0,14,8,3,226,33,2023,0.0,1.0,-0.6788204829862355,-0.734304263829602,-0.8660254037844384,-0.5000000000000004,4896.1,4687.3,4596.4,4560.799999999999,4916.9857142857145,66.76339886925516,4644.123333333334,184.47752443857337
2023-08-15,4827.8,0,1,15,8,3,227,33,2023,0.7818314824680298,0.6234898018587336,-0.6913512362094071,-0.722518835873311,-0.8660254037844384,-0.5000000000000004,4959.9,4814.400000000001,4388.700000000001,4572.000000000001,4918.900000000001,63.44120637779916,4658.759999999999,180.89774516807068
2023-08-16,5031.1,0,2,16,8,3,228,33,2023,0.9749279121818236,-0.22252093395631434,-0.7036774074790128,-0.7105196029692745,-0.8660254037844384,-0.5000000000000004,4827.8,4862.2,4594.799999999999,4556.9,4943.028571428571,70.05635146762954,4673.303333333333,192.72964534652615
2023-08-17,5122.4,0,3,17,8,3,229,33,2023,0.43388373911755823,-0.900968867902419,-0.7157953492826642,-0.6983101158835584,-0.8660254037844384,-0.5000000000000004,5031.1,4906.9,4610.2,4372.0,4973.814285714286,94.5884670308251,4690.376666666666,208.95120645298044
2023-08-18,5098.7,0,4,18,8,3,230,33,2023,-0.433883739117558,-0.9009688679024191,-0.7277014757264236,-0.6858939875998223,-0.8660254037844384,-0.5000000000000004,5122.4,4978.2,4570.3,4484.599999999999,4991.028571428572,105.81804689003806,4707.990000000001,220.43532533413799
2023-08-19,4960.399999999999,0,5,19,8,3,231,33,2023,-0.9749279121818236,-0.2225209339563146,-0.7393922635959241,-0.673274892250183,-0.8660254037844384,-0.5000000000000004,5098.7,5001.200000000001,4643.299999999999,4478.3,4985.2,106.28703276193491,4718.5599999999995,224.78606779748765
2023-08-20,4824.5,0,6,20,8,3,232,33,2023,-0.7818314824680299,0.6234898018587334,-0.7508642533989489,-0.6604565640279754,-0.8660254037844384,-0.5000000000000004,4960.399999999999,4896.1,4701.7,4385.5,4974.971428571428,118.97822930108853,4722.653333333334,225.58512994115836
2023-08-21,4966.9,0,0,21,8,3,233,34,2023,0.0,1.0,-0.7621140503891487,-0.6474427960827475,-0.8660254037844384,-0.5000000000000004,4824.5,4959.9,4560.1,4293.8,4975.971428571429,118.85980136680243,4736.213333333333,227.69364738056623
2023-08-22,5031.700000000001,0,1,22,8,3,234,34,2023,0.7818314824680298,0.6234898018587336,-0.7731383255706026,-0.6342374393978054,-0.8660254037844384,-0.5000000000000004,4966.9,4827.8,4444.099999999999,4417.9,5005.099999999999,99.98124824187381,4755.8,226.9711025203526
2023-08-23,4898.799999999999,0,2,23,8,3,235,34,2023,0.9749279121818236,-0.22252093395631434,-0.7839338166829201,-0.620844401650647,-0.8660254037844384,-0.5000000000000004,5031.700000000001,5031.1,4647.2,4465.5,4986.199999999999,106.536941949745,4764.186666666666,227.46773281337792
2023-08-24,4902.5,0,3,24,8,3,236,34,2023,0.43388373911755823,-0.900968867902419,-0.7944973291665992,-0.6072676460566135,-0.8660254037844384,-0.5000000000000004,4898.799999999999,5122.4,4598.400000000001,4353.4,4954.785714285715,90.96516601740997,4774.323333333333,226.59916864339735
2023-08-25,4939.999999999999,0,4,25,8,3,237,34,2023,-0.433883739117558,-0.9009688679024191,-0.8048257371083452,-0.593511190196115,-0.8660254037844384,-0.5000000000000004,4902.5,5098.7,4462.7,4484.3,4932.114285714285,65.2652390524626,4790.233333333334,220.6428012583233
2023-08-26,4938.900000000001,0,5,26,8,3,238,34,2023,-0.9749279121818236,-0.2225209339563146,-0.8149159841660791,-0.5795791048257612,-0.8660254037844384,-0.5000000000000004,4939.999999999999,4960.399999999999,4459.500000000001,4472.0,4929.0428571428565,64.20960097326994,4806.213333333334,213.09464909109678
2023-08-27,4872.700000000001,0,6,27,8,3,239,34,2023,-0.7818314824680299,0.6234898018587334,-0.8247650844733614,-0.5654755126737576,-0.8660254037844384,-0.5000000000000004,4938.900000000001,4824.5,4451.2,4492.400000000001,4935.928571428572,52.67930378832552,4820.263333333333,202.51304680545866
2023-08-28,5050.099999999999,0,0,28,8,3,240,35,2023,0.0,1.0,-0.8343701235229537,-0.5512045872199277,-0.8660254037844384,-0.5000000000000004,4872.700000000001,4966.9,4335.1,4521.200000000001,4947.814285714286,67.9922159410546,4844.096666666666,184.7398067428758
2023-08-29,5109.7,0,1,29,8,3,241,35,2023,0.7818314824680298,0.6234898018587336,-0.8437282590292712,-0.5367705514607103,-0.8660254037844384,-0.5000000000000004,5050.099999999999,5031.700000000001,4342.3,4497.999999999999,4958.957142857143,87.59630618437244,4869.676666666667,164.9294764297601
2023-08-30,5073.1,0,2,30,8,3,242,35,2023,0.9749279121818236,-0.22252093395631434,-0.8528367217694595,-0.522177676659508,-0.8660254037844384,-0.5000000000000004,5109.7,4898.799999999999,4627.400000000001,4529.8,4983.857142857143,92.29329800774359,4884.533333333334,162.4077124322105
2023-08-31,5125.3,0,3,31,8,3,243,35,2023,0.43388373911755823,-0.900968867902419,-0.8616928164028521,-0.5074302810827518,-0.8660254037844384,-0.5000000000000004,5073.1,4902.5,4700.0,4376.9,5015.685714285714,97.81275357491924,4898.710000000001,164.29561110260482
2023-09-01,5219.200000000001,0,4,1,9,3,244,35,2023,-0.433883739117558,-0.9009688679024191,-0.8702939222685674,-0.49253272872205434,-1.0,-1.8369701987210297e-16,5125.3,4939.999999999999,4607.2,4495.1,5055.571428571428,116.8743301483347,4919.11,164.84573216733585
2023-09-02,5224.300000000001,0,5,2,9,3,245,35,2023,-0.9749279121818236,-0.2225209339563146,-0.8786374941610001,-0.4774894280028391,-1.0,-1.8369701987210297e-16,5219.200000000001,4938.900000000001,4606.500000000001,4504.2,5096.342857142858,119.14878453910282,4939.703333333334,163.02556491570166
2023-09-03,5025.900000000001,0,6,3,9,3,246,35,2023,-0.7818314824680299,0.6234898018587334,-0.886721063082993,-0.46230483047981086,-1.0,-1.8369701987210297e-16,5224.300000000001,4872.700000000001,4658.4,4473.200000000001,5118.228571428573,78.2855609140128,4951.953333333334,154.75666490760548
2023-09-04,5029.3,0,0,4,9,3,247,36,2023,0.0,1.0,-0.8945422369764496,-0.4469834295196741,-1.0,-1.8369701987210297e-16,5025.900000000001,5050.099999999999,4674.9,4468.799999999999,5115.257142857144,81.62593250398683,4963.766666666666,146.16670297117147
2023-09-05,4999.899999999999,0,1,5,9,3,248,36,2023,0.7818314824680298,0.6234898018587336,-0.9020987014301837,-0.43152975897147144,-1.0,-1.8369701987210297e-16,5029.3,5109.7,4533.500000000001,4449.7,5099.571428571428,92.67402934095618,4979.313333333334,121.55624420710913
2023-09-06,4925.400000000001,0,2,6,9,3,249,36,2023,0.9749279121818236,-0.22252093395631434,-0.9093882203647925,-0.4159483918249421,-1.0,-1.8369701987210297e-16,4999.899999999999,5073.1,4687.3,4273.1,5078.471428571429,114.05359433597506,4987.25,108.95219372381862
2023-09-07,4769.800000000001,0,3,7,9,3,250,36,2023,0.43388373911755823,-0.900968867902419,-0.9164086366943458,-0.4002439388573056,-1.0,-1.8369701987210297e-16,4925.400000000001,5125.3,4814.400000000001,4048.7,5027.685714285714,159.72901456917927,4985.763333333333,111.66265539197308
2023-09-08,4681.000000000001,0,4,8,9,3,251,36,2023,-0.433883739117558,-0.9009688679024191,-0.9231578729647039,-0.38442104726885545,-1.0,-1.8369701987210297e-16,4769.800000000001,5219.200000000001,4862.2,3941.0,4950.800000000001,180.37623642450808,4979.723333333332,122.91099298025986
2023-09-09,4638.4,0,5,9,9,3,252,36,2023,-0.9749279121818236,-0.2225209339563146,-0.9296339319682695,-0.3684843993077793,-1.0,-1.8369701987210297e-16,4681.000000000001,5224.300000000001,4906.9,4017.2,4867.099999999999,167.81199798188007,4970.7733333333335,137.3268889794454
2023-09-10,4490.3,0,6,10,9,3,253,36,2023,-0.7818314824680299,0.6234898018587334,-0.9358348973349941,-0.35243871088460327,-1.0,-1.8369701987210297e-16,4638.4,5025.900000000001,4978.2,4190.8,4790.585714285714,201.96738539157533,4954.51,162.92225213693445
2023-09-11,4720.299999999999,0,0,11,9,3,254,37,2023,0.0,1.0,-0.9417589340994617,-0.33628873017668287,-1.0,-1.8369701987210297e-16,4490.3,5029.3,5001.200000000001,4321.1,4746.442857142857,172.752412980198,4945.1466666666665,168.1348345070239
2023-09-12,4856.300000000001,0,1,12,9,3,255,37,2023,0.7818314824680298,0.6234898018587336,-0.9474042892438845,-0.32003923622313857,-1.0,-1.8369701987210297e-16,4720.299999999999,4999.899999999999,4896.1,4375.300000000001,4725.928571428572,143.7257772552442,4943.820000000001,168.69128178929645
2023-09-13,4924.7,0,2,13,9,3,256,37,2023,0.9749279121818236,-0.22252093395631434,-0.9527692922168511,-0.30369503751065885,-1.0,-1.8369701987210297e-16,4856.300000000001,4925.400000000001,4959.9,4406.4,4725.828571428572,143.56401260166376,4942.6466666666665,168.69799731722443
2023-09-14,4928.9,0,3,14,9,3,257,37,2023,0.43388373911755823,-0.900968867902419,-0.9578523554276669,-0.28726097055059635,-1.0,-1.8369701987210297e-16,4924.7,4769.800000000001,4827.8,4289.099999999999,4748.557142857143,162.9683799304257,4946.016666666666,167.32890609838938
2023-09-15,4795.5,0,4,15,9,3,258,37,2023,-0.433883739117558,-0.9009688679024191,-0.9626519747161487,-0.2707418984477642,-1.0,-1.8369701987210297e-16,4928.9,4681.000000000001,5031.1,4464.7,4764.914285714286,160.78916245166948,4938.163333333334,168.72092543058392
2023-09-16,4654.2,0,5,16,9,3,259,37,2023,-0.9749279121818236,-0.2225209339563146,-0.9671667297977312,-0.2541427094613622,-1.0,-1.8369701987210297e-16,4795.5,4638.4,5122.4,4569.400000000001,4767.171428571428,158.81595967541676,4922.556666666667,172.69873645949053
2023-09-17,4284.2,0,6,17,9,3,260,37,2023,-0.7818314824680299,0.6234898018587334,-0.97139528468375,-0.23746831555846842,-1.0,-1.8369701987210297e-16,4654.2,4490.3,5098.7,4538.6,4737.728571428571,224.30280659774172,4895.406666666667,205.04665900181914
2023-09-18,4365.999999999999,0,0,18,9,3,261,38,2023,0.0,1.0,-0.9753363880767837,-0.2207236509605022,-1.0,-1.8369701987210297e-16,4284.2,4720.299999999999,4960.399999999999,4611.599999999999,4687.114285714286,265.1465722235726,4875.593333333334,226.17890985757325
2023-09-19,4453.4,0,1,19,9,3,262,38,2023,0.7818314824680298,0.6234898018587336,-0.9789888737409319,-0.20391367068311472,-1.0,-1.8369701987210297e-16,4365.999999999999,4856.300000000001,4824.5,4633.8,4629.557142857143,266.0278861143735,4863.223333333333,238.86197526998225
2023-09-20,4611.599999999999,0,2,20,9,3,263,38,2023,0.9749279121818236,-0.22252093395631434,-0.9823516608469237,-0.18704334906991657,-1.0,-1.8369701987210297e-16,4453.4,4924.7,4966.9,4622.6,4584.828571428571,232.31933994889877,4851.380000000001,242.3273482794103
2023-09-21,4636.300000000001,0,3,21,9,3,264,38,2023,0.43388373911755823,-0.900968867902419,-0.9854237542919524,-0.17011767832049052,-1.0,-1.8369701987210297e-16,4611.599999999999,4928.9,5031.700000000001,4482.2,4543.028571428571,180.67795211635303,4838.2,242.93368614101615
2023-09-22,4556.0,0,4,22,9,3,265,38,2023,-0.433883739117558,-0.9009688679024191,-0.9882042449941422,-0.15314166701312007,-1.0,-1.8369701987210297e-16,4636.300000000001,4795.5,4898.799999999999,4557.1,4508.814285714286,143.81657795694204,4826.7733333333335,247.9942935012584
2023-09-23,4403.199999999999,0,5,23,9,3,266,38,2023,-0.9749279121818236,-0.2225209339563146,-0.9906923101615609,-0.13612033862266704,-1.0,-1.8369701987210297e-16,4556.0,4654.2,4902.5,4670.999999999999,4472.957142857143,132.3609189192576,4810.130000000001,259.2365277981108
2023-09-24,4198.1,0,6,24,9,3,267,38,2023,-0.7818314824680299,0.6234898018587334,-0.9928872135356962,-0.11905873003404988,-1.0,-1.8369701987210297e-16,4403.199999999999,4284.2,4939.999999999999,4706.599999999999,4460.657142857142,154.9056902026208,4785.4,280.90193773038123
2023-09-25,4351.7,0,0,25,9,3,268,39,2023,0.0,1.0,-0.994788305609327,-0.10196189005174576,-1.0,-1.8369701987210297e-16,4198.1,4365.999999999999,4938.900000000001,4707.5,4458.614285714286,156.44866494129064,4765.826666666666,290.1433081502335
2023-09-26,4518.0,0,1,26,9,3,269,39,2023,0.7818314824680298,0.6234898018587336,-0.9963950238187231,-0.08483487790576538,-1.0,-1.8369701987210297e-16,4351.7,4453.4,4872.700000000001,4717.299999999999,4467.842857142857,157.98756129460608,4754.003333333333,292.852407787814
2023-09-27,4586.5,0,2,27,9,3,270,39,2023,0.9749279121818236,-0.22252093395631434,-0.9977068927101168,-0.06768276175455162,-1.0,-1.8369701987210297e-16,4518.0,4611.599999999999,5050.099999999999,4649.4,4464.257142857143,154.42571954551585,4738.55,288.8940513943275
2023-09-28,4572.899999999999,0,3,28,9,3,271,39,2023,0.43388373911755823,-0.900968867902419,-0.9987235240803972,-0.050510617185222886,-1.0,-1.8369701987210297e-16,4586.5,4636.300000000001,5109.7,4435.5,4455.2,144.17241992376375,4720.656666666666,281.64638342937167
2023-09-29,4572.700000000001,0,4,29,9,3,272,39,2023,-0.433883739117558,-0.9009688679024191,-0.9994446170919858,-0.033323525711631344,-1.0,-1.8369701987210297e-16,4572.899999999999,4556.0,5073.1,4549.899999999999,4457.585714285714,146.2417453918187,4703.976666666667,274.78794794045746
2023-09-30,4507.0,0,5,30,9,3,273,39,2023,-0.9749279121818236,-0.2225209339563146,-0.9998699583618592,-0.016126573270657762,-1.0,-1.8369701987210297e-16,4572.700000000001,4403.199999999999,5125.3,4615.6,4472.414285714286,145.0658750197491,4683.366666666667,265.1146379669789
2023-10-01,4317.0,0,6,1,10,4,274,39,2023,-0.7818314824680299,0.6234898018587334,-0.9999994220246925,0.001075151282798226,-0.8660254037844386,0.5000000000000001,4507.0,4198.1,5219.200000000001,4594.6,4489.400000000001,110.41612201126861,4653.293333333334,253.13635269843408
2023-10-02,4245.2,0,0,2,10,4,275,40,2023,0.0,1.0,-0.999832969770105,0.018276557681691223,-0.8660254037844386,0.5000000000000001,4317.0,4351.7,5224.300000000001,4510.5,4474.185714285714,136.74937450891272,4620.656666666666,239.74119477315418
2023-10-03,4426.6,0,1,3,10,4,276,40,2023,0.7818314824680298,0.6234898018587336,-0.9993706508539969,0.03547255575312556,-0.8660254037844386,0.5000000000000001,4245.2,4518.0,5025.900000000001,4342.5,4461.128571428571,136.23119704247824,4600.679999999999,229.56204089675836
2023-10-04,4517.799999999999,0,2,4,10,4,277,40,2023,0.9749279121818236,-0.22252093395631434,-0.9986126020839734,0.052658056924614005,-0.8660254037844386,0.5000000000000001,4426.6,4586.5,5029.3,4215.800000000001,4451.314285714286,127.91471675265622,4583.630000000001,215.1740356564545
2023-10-05,4558.4,0,3,5,10,4,278,40,2023,0.43388373911755823,-0.900968867902419,-0.9975590477788613,0.06982797572987089,-0.8660254037844386,0.5000000000000001,4517.799999999999,4572.899999999999,4999.899999999999,3998.599999999999,4449.242857142857,125.71613337389813,4568.913333333333,200.30619101993636
2023-10-06,4651.599999999999,0,4,6,10,4,279,40,2023,-0.433883739117558,-0.9009688679024191,-0.9962102997023297,0.0869772313136861,-0.8660254037844386,0.5000000000000001,4558.4,4572.700000000001,4925.400000000001,4109.9,4460.5142857142855,141.21184356105618,4559.786666666667,189.44656190094275
2023-10-07,4662.5,0,5,7,10,4,280,40,2023,-0.9749279121818236,-0.2225209339563146,-0.9945667569706337,0.1041007489354256,-0.8660254037844386,0.5000000000000001,4651.599999999999,4507.0,4769.800000000001,4109.400000000001,4482.728571428571,160.63815149052576,4556.210000000001,186.33216974734773
2023-10-08,4618.199999999999,0,6,8,10,4,281,40,2023,-0.7818314824680299,0.6234898018587334,-0.9926289059345095,0.121193461470736,-0.8660254037844386,0.5000000000000001,4662.5,4317.0,4681.000000000001,4184.6,4525.757142857143,148.74700957380654,4554.116666666667,185.2313931896651
2023-10-09,4735.0,0,0,9,10,4,282,41,2023,0.0,1.0,-0.9903973200352558,0.1382503109109819,-0.8660254037844386,0.5000000000000001,4618.199999999999,4245.2,4638.4,4335.3,4595.728571428571,102.91768092813872,4557.336666666666,187.5719126156542
2023-10-10,4763.9,0,1,10,10,4,283,41,2023,0.7818314824680298,0.6234898018587336,-0.9878726596350429,0.15526624985999563,-0.8660254037844386,0.5000000000000001,4735.0,4426.6,4490.3,4389.8,4643.914285714285,88.48390491258014,4566.456666666666,190.82332627477803
2023-10-11,4778.8,0,2,11,10,4,284,41,2023,0.9749279121818236,-0.22252093395631434,-0.9850556718215013,0.172236243027682,-0.8660254037844386,0.5000000000000001,4763.9,4517.799999999999,4720.299999999999,4389.799999999999,4681.199999999999,81.17284028544898,4568.406666666667,192.73892997117227
2023-10-12,4758.7,0,3,12,10,4,285,41,2023,0.43388373911755823,-0.900968867902419,-0.981947190186646,0.18915526872004093,-0.8660254037844386,0.5000000000000001,4778.8,4558.4,4856.300000000001,4362.8,4709.814285714286,64.19910250082701,4565.153333333333,188.48872779490767
2023-10-13,4773.399999999999,0,4,13,10,4,286,41,2023,-0.433883739117558,-0.9009688679024191,-0.9785481345802031,0.20601832032517084,-0.8660254037844386,0.5000000000000001,4758.7,4651.599999999999,4924.7,4535.0,4727.214285714285,62.26832872264688,4560.11,180.38673272949785
2023-10-14,4721.499999999998,0,5,14,10,4,287,41,2023,-0.9749279121818236,-0.2225209339563146,-0.9748595108374125,0.22282040779479959,-0.8660254037844386,0.5000000000000001,4773.399999999999,4662.5,4928.9,4635.199999999999,4735.642857142857,55.694848868481714,4553.196666666666,169.40551935666528
2023-10-15,4494.599999999999,0,6,15,10,4,288,41,2023,-0.7818314824680299,0.6234898018587334,-0.9708824104813836,0.23955655912092708,-0.8660254037844386,0.5000000000000001,4721.499999999998,4618.199999999999,4795.5,4557.7,4717.985714285714,100.61304469059507,4543.166666666666,163.3647607578425
2023-10-16,4414.799999999999,0,0,16,10,4,289,42,2023,0.0,1.0,-0.9666180104000972,0.2562218218071163,-0.8660254037844386,0.5000000000000001,4494.599999999999,4735.0,4654.2,4230.1,4672.242857142856,151.50530086595447,4535.1866666666665,163.60091209029844
2023-10-17,4372.400000000001,0,1,17,10,4,290,42,2023,0.7818314824680298,0.6234898018587336,-0.9620675724981452,0.27281126433401914,-0.8660254037844386,0.5000000000000001,4414.799999999999,4763.9,4284.2,4142.3,4616.314285714285,181.35223947310982,4538.126666666666,159.6805408508898
2023-10-18,4461.900000000001,0,2,18,10,4,291,42,2023,0.9749279121818236,-0.22252093395631434,-0.957232443323312,0.28931997761869527,-0.8660254037844386,0.5000000000000001,4372.400000000001,4778.8,4365.999999999999,4168.599999999999,4571.0428571428565,173.41061921678968,4541.323333333333,157.05421133750738
2023-10-19,4502.9,0,3,19,10,4,292,42,2023,0.43388373911755823,-0.900968867902419,-0.9521140536681102,0.3057430764672831,-0.8660254037844386,0.5000000000000001,4461.900000000001,4758.7,4453.4,4044.2,4534.5,153.02943072061151,4542.973333333332,156.35711761822964
2023-10-20,4493.8,0,4,20,10,4,293,42,2023,-0.433883739117558,-0.9009688679024191,-0.9467139181463862,0.3220757010206104,-0.8660254037844386,0.5000000000000001,4502.9,4773.399999999999,4611.599999999999,4279.8,4494.557142857143,110.99797080945939,4539.046666666666,156.0531225495573
2023-10-21,4441.400000000001,0,5,21,10,4,294,42,2023,-0.9749279121818236,-0.2225209339563146,-0.9410336347451197,0.3383130181923076,-0.8660254037844386,0.5000000000000001,4493.8,4721.499999999998,4636.300000000001,4381.3,4454.542857142857,48.369958209113285,4532.55,155.92164201377497
2023-10-22,4298.2,0,6,22,10,4,295,42,2023,-0.7818314824680299,0.6234898018587334,-0.9350748843515574,0.3544502230989869,-0.8660254037844386,0.5000000000000001,4441.400000000001,4494.599999999999,4556.0,4327.7,4426.4857142857145,72.30261471929506,4523.956666666666,161.58587485921853
2023-10-23,4263.6,0,0,23,10,4,296,43,2023,0.0,1.0,-0.9288394302558068,0.3704825404820963,-0.8660254037844386,0.5000000000000001,4298.2,4414.799999999999,4403.199999999999,4366.400000000001,4404.885714285714,95.30240340750578,4519.303333333332,167.0993581847136
2023-10-24,4141.9,0,1,24,10,4,297,43,2023,0.7818314824680298,0.6234898018587336,-0.9223291176290545,0.3864052261209853,-0.8660254037844386,0.5000000000000001,4263.6,4372.400000000001,4198.1,4370.400000000001,4371.957142857143,138.4506031905195,4517.429999999999,171.0918369039521
2023-10-25,4313.4,0,2,25,10,4,298,43,2023,0.9749279121818236,-0.22252093395631434,-0.9155458729775467,0.40221356823680365,-0.8660254037844386,0.5000000000000001,4141.9,4461.900000000001,4351.7,4167.7,4350.742857142857,133.66644875891203,4516.153333333334,172.5081701879808
2023-10-26,4448.9,0,3,26,10,4,299,43,2023,0.43388373911755823,-0.900968867902419,-0.9084917035725082,0.41790288888678667,-0.8660254037844386,0.5000000000000001,4313.4,4502.9,4518.0,3908.2,4343.028571428572,124.67743332681249,4513.85,172.94342656805324
2023-10-27,4439.0,0,4,27,10,4,300,43,2023,-0.433883739117558,-0.9009688679024191,-0.9011686968561569,0.4334685453485363,-0.8660254037844386,0.5000000000000001,4448.9,4493.8,4586.5,4109.2,4335.2,114.97554812513887,4508.933333333333,172.90347383544395
2023-10-28,4395.400000000001,0,5,28,10,4,301,43,2023,-0.9749279121818236,-0.2225209339563146,-0.8935790198239952,0.4489059314938798,-0.8660254037844386,0.5000000000000001,4439.0,4441.400000000001,4572.899999999999,4165.3,4328.628571428571,109.05623494767228,4503.016666666666,173.6743486177864
2023-10-29,4233.6,0,6,29,10,4,302,43,2023,-0.7818314824680299,0.6234898018587334,-0.8857249183835637,0.4642104791518923,-0.8660254037844386,0.5000000000000001,4395.400000000001,4298.2,4572.700000000001,4167.6,4319.400000000001,114.65014900416074,4491.713333333333,179.90583884513353
2023-10-30,4331.8,0,0,30,10,4,303,44,2023,0.0,1.0,-0.8776087166898392,0.4793776594606945,-0.8660254037844386,0.5000000000000001,4233.6,4263.6,4507.0,4084.500000000001,4329.142857142857,111.98481827381352,4485.873333333333,182.22122199986188
2023-10-31,4378.7,0,1,31,10,4,304,44,2023,0.7818314824680298,0.6234898018587336,-0.8692328164574792,0.49440298420761813,-0.8660254037844386,0.5000000000000001,4331.8,4141.9,4317.0,4063.1,4362.971428571429,75.97040463865913,4487.929999999999,180.5903788440319
2023-11-01,4354.799999999999,0,2,1,11,4,305,44,2023,0.9749279121818236,-0.22252093395631434,-0.8605996962501181,0.5092820071573356,-0.5000000000000004,0.8660254037844384,4378.7,4313.4,4245.2,4149.599999999999,4368.885714285714,73.02238078320418,4491.583333333333,176.57459121958703
2023-11-02,4368.8,0,3,2,11,4,306,44,2023,0.43388373911755823,-0.900968867902419,-0.8517119107469189,0.5240103253675756,-0.5000000000000004,0.8660254037844384,4354.799999999999,4448.9,4426.6,3923.7,4357.442857142857,64.12846110596136,4489.656666666667,177.62033838834975
2023-11-03,4370.5,0,4,3,11,4,307,44,2023,-0.433883739117558,-0.9009688679024191,-0.8425720899866032,0.5385835804920232,-0.5000000000000004,0.8660254037844384,4368.8,4439.0,4517.799999999999,4161.0,4347.657142857143,54.042201322844726,4484.746666666667,178.84722575683435
2023-11-04,4310.0,0,5,4,11,4,308,44,2023,-0.9749279121818236,-0.2225209339563146,-0.8331829385891785,0.5529974600700271,-0.5000000000000004,0.8660254037844384,4370.5,4395.400000000001,4558.4,4337.200000000001,4335.457142857143,51.023127342597874,4476.466666666666,181.05613595736745
2023-11-05,4107.499999999999,0,6,5,11,4,309,44,2023,-0.7818314824680299,0.6234898018587334,-0.8235472349556007,0.5672476988027229,-0.5000000000000004,0.8660254037844384,4310.0,4233.6,4651.599999999999,4223.6,4317.442857142857,95.68885092050074,4458.33,189.94145767794998
2023-11-06,4191.1,0,0,6,11,4,310,45,2023,0.0,1.0,-0.8136678304455991,0.5813300798152042,-0.5000000000000004,0.8660254037844384,4107.499999999999,4331.8,4662.5,4030.000000000001,4297.342857142857,106.35354338472186,4442.616666666667,191.95672839134787
2023-11-07,4201.0,0,1,7,11,4,311,45,2023,0.7818314824680298,0.6234898018587336,-0.8035476485339116,0.5952404359043674,-0.5000000000000004,0.8660254037844384,4191.1,4378.7,4618.199999999999,4068.5,4271.957142857143,104.89548539929035,4428.71,193.90020780340626
2023-11-08,4199.400000000001,0,2,8,11,4,312,45,2023,0.9749279121818236,-0.22252093395631434,-0.7931896839451843,0.6089746507720486,-0.5000000000000004,0.8660254037844384,4201.0,4354.799999999999,4735.0,4021.9,4249.757142857144,100.80517276981814,4410.8566666666675,189.32991581624384
2023-11-09,4159.800000000001,0,3,9,11,4,313,45,2023,0.43388373911755823,-0.900968867902419,-0.7825970017677834,0.6225286602431057,-0.5000000000000004,0.8660254037844384,4199.400000000001,4368.8,4763.9,3889.4,4219.9,90.04724685784038,4390.72,182.4879767414012
2023-11-10,4116.099999999999,0,4,10,11,4,314,45,2023,-0.433883739117558,-0.9009688679024191,-0.7717727365467837,0.6358984534680745,-0.5000000000000004,0.8660254037844384,4159.800000000001,4370.5,4778.8,4055.7,4183.557142857143,67.69970106152556,4368.63,173.79387344861726
2023-11-11,3939.0,0,5,11,11,4,315,45,2023,-0.9749279121818236,-0.2225209339563146,-0.7607200913564104,0.6490800741100398,-0.5000000000000004,0.8660254037844384,4116.099999999999,4310.0,4758.7,4109.800000000001,4130.557142857143,92.78729900774992,4341.306666666666,174.78611546950205
2023-11-12,3581.9,0,6,12,11,4,316,45,2023,-0.7818314824680299,0.6234898018587334,-0.7494423368521953,0.6620696215153815,-0.5000000000000004,0.8660254037844384,3939.0,4107.499999999999,4773.399999999999,4143.799999999999,4055.4714285714285,228.28522885700883,4301.59,205.83110141653546
2023-11-13,3466.5999999999995,0,0,13,11,4,317,46,2023,0.0,1.0,-0.7379428103031386,0.6748632518680403,-0.5000000000000004,0.8660254037844384,3581.9,4191.1,4721.499999999998,4149.1,3951.9714285714285,307.15728172110386,4259.76,241.90467287471068
2023-11-14,3624.3,0,1,14,11,4,318,46,2023,0.7818314824680298,0.6234898018587336,-0.7262249146041543,0.6874571793269664,-0.5000000000000004,0.8660254037844384,3466.5999999999995,4201.0,4494.599999999999,4160.8,3869.5857142857144,306.57110881803106,4230.75,263.95078139683653
2023-11-15,3756.5,0,2,15,11,4,319,46,2023,0.9749279121818236,-0.22252093395631434,-0.7142921172691032,0.699847677146407,-0.5000000000000004,0.8660254037844384,3624.3,4199.400000000001,4414.799999999999,4119.1,3806.3142857142857,270.7714499264106,4208.806666666666,275.24433024739005
2023-11-16,3891.5,0,3,16,11,4,320,46,2023,0.43388373911755823,-0.900968867902419,-0.7021479494046978,0.7120310787787131,-0.5000000000000004,0.8660254037844384,3756.5,4159.800000000001,4372.400000000001,3937.7,3767.9857142857145,228.00729833768636,4192.776666666667,279.3610760576591
2023-11-17,3989.4,0,4,17,11,4,321,46,2023,-0.433883739117558,-0.9009688679024191,-0.6897960046655887,0.7240037789593305,-0.5000000000000004,0.8660254037844384,3891.5,4116.099999999999,4461.900000000001,4108.5,3749.8857142857146,198.94363882412577,4177.026666666667,276.9743258776954
2023-11-18,4044.1,0,5,18,11,4,322,46,2023,-0.9749279121818236,-0.2225209339563146,-0.6772399381909491,0.7357622347736527,-0.5000000000000004,0.8660254037844384,3989.4,3939.0,4502.9,4242.8,3764.9,218.59066006277436,4161.733333333334,270.96176258212336
2023-11-19,3913.6,0,6,19,11,4,323,46,2023,-0.7818314824680299,0.6234898018587334,-0.6644834655228552,0.7473029667054297,-0.5000000000000004,0.8660254037844384,4044.1,3581.9,4493.8,4287.2,3812.285714285714,208.0048511339353,4142.393333333333,267.12187833470244
2023-11-20,4054.9,0,0,20,11,4,324,47,2023,0.0,1.0,-0.6515303615068021,0.75862255966641,-0.5000000000000004,0.8660254037844384,3913.6,3466.5999999999995,4441.400000000001,4241.5,3896.3285714285716,157.85899524881165,4129.509999999999,261.4640165788011
2023-11-21,4110.1,0,1,21,11,4,325,47,2023,0.7818314824680298,0.6234898018587336,-0.6383844591746642,0.769717664006921,-0.5000000000000004,0.8660254037844384,4054.9,3624.3,4298.2,4190.4,3965.7285714285713,120.76211760163297,4123.24,259.52745997824786
2023-11-22,4100.5,0,2,22,11,4,326,47,2023,0.9749279121818236,-0.22252093395631434,-0.6250496486104377,0.7805849965070866,-0.5000000000000004,0.8660254037844384,4110.1,3756.5,4263.6,4166.2,4014.871428571428,86.58573235603154,4117.803333333333,258.19065594264725
2023-11-23,4082.8,0,3,23,11,4,327,47,2023,0.43388373911755823,-0.900968867902419,-0.6115298757991053,0.7912213413483807,-0.5000000000000004,0.8660254037844384,4100.5,3891.5,4141.9,3966.4,4042.2,69.69978479171297,4115.833333333333,258.22592264611876
2023-11-24,4078.8,0,4,24,11,4,328,47,2023,-0.433883739117558,-0.9009688679024191,-0.5978291414589552,0.801623551065242,-0.5000000000000004,0.8660254037844384,4082.8,3989.4,4313.4,4094.0,4054.971428571429,66.53108832941732,4108.013333333333,255.5752466743333
2023-11-25,4022.6,0,5,25,11,4,329,47,2023,-0.9749279121818236,-0.2225209339563146,-0.5839514998576998,0.8117885474764613,-0.5000000000000004,0.8660254037844384,4078.8,4044.1,4448.9,4131.6,4051.9,67.60424049824368,4093.803333333333,247.69812617911847
2023-11-26,3762.7999999999993,0,6,26,11,4,330,47,2023,-0.7818314824680299,0.6234898018587334,-0.5699010576127624,0.821713322596059,-0.5000000000000004,0.8660254037844384,4022.6,3913.6,4439.0,4159.599999999999,4030.3571428571427,121.53549354195864,4071.2633333333333,245.96309014290503
2023-11-27,3746.149999999999,1,0,27,11,4,331,48,2023,0.0,1.0,-0.5556819724760489,0.8313949395234058,-0.5000000000000004,0.8660254037844384,3762.7999999999993,4054.9,4395.400000000001,3985.5,3986.2499999999995,160.82004694692662,4049.6216666666664,245.02080547949302
2023-11-28,3729.4999999999995,1,1,28,11,4,332,48,2023,0.7818314824680298,0.6234898018587336,-0.5412984521036173,0.8408305333122887,-0.5000000000000004,0.8660254037844384,3746.149999999999,4110.1,4233.6,4139.4,3931.878571428571,175.6257855431006,4032.818333333333,249.21808427883582
2023-11-29,3712.8499999999995,1,2,29,11,4,333,48,2023,0.9749279121818236,-0.22252093395631434,-0.5267547528105542,0.8500173118187018,-0.5000000000000004,0.8660254037844384,3729.4999999999995,4100.5,4331.8,4204.2,3876.4999999999995,174.7089603693694,4012.186666666667,249.2332849627781
2023-12-01,3679.5499999999997,1,4,1,12,4,335,48,2023,-0.433883739117558,-0.9009688679024191,-0.4972040784469378,0.8676336233547726,-2.4492935982947064e-16,1.0,3712.8499999999995,4082.8,4378.7,3983.000000000001,3818.8928571428573,161.31690195746955,3988.8816666666667,246.4521438763898
2023-12-02,3662.8999999999996,1,5,2,12,4,336,48,2023,-0.9749279121818236,-0.2225209339563146,-0.4822058478963526,0.8760579434344281,-2.4492935982947064e-16,1.0,3679.5499999999997,4078.8,4354.799999999999,3660.5,3759.478571428571,121.25077613895577,3965.8183333333336,243.38357815970423
2023-12-03,3646.25,1,6,3,12,4,337,48,2023,-0.7818314824680299,0.6234898018587334,-0.46706492487743034,0.8842230238742036,-2.4492935982947064e-16,1.0,3662.8999999999996,4022.6,4368.8,3946.3,3705.7142857142853,43.90166771986379,3941.733333333333,237.81755515570129
2023-12-04,3629.6,0,0,4,12,4,338,49,2023,0.0,1.0,-0.451785789832884,0.8921264484954345,-2.4492935982947064e-16,1.0,3646.25,3762.7999999999993,4370.5,4219.8,3686.685714285714,43.901667719865856,3917.036666666667,230.10095982557132
2023-12-05,3647.3,0,1,5,12,4,339,49,2023,0.7818314824680298,0.6234898018587336,-0.4363729641045924,0.8997658785476209,-2.4492935982947064e-16,1.0,3629.6,3746.149999999999,4310.0,4357.0,3672.5642857142857,36.931171503022306,3894.9466666666663,222.76829965984655
2023-12-06,3711.4,0,2,6,12,4,340,49,2023,0.9749279121818236,-0.22252093395631434,-0.42083100859565564,0.9071390534005044,-2.4492935982947064e-16,1.0,3647.3,3729.4999999999995,4107.499999999999,4363.2,3669.9785714285713,32.668038115258206,3881.7433333333333,221.47050583323517
2023-12-07,3765.6,0,3,7,12,4,341,49,2023,0.43388373911755823,-0.900968867902419,-0.4051645224207563,0.9142437912130223,-2.4492935982947064e-16,1.0,3711.4,3712.8499999999995,4191.1,4171.1,3677.514285714286,47.10129787934667,3867.5599999999995,214.4905015178658
2023-12-08,3821.4,0,4,8,12,4,342,49,2023,-0.433883739117558,-0.9009688679024191,-0.3893781415452015,0.9210779895789526,-2.4492935982947064e-16,1.0,3765.6,3679.5499999999997,4201.0,4098.9,3697.7785714285715,72.03663337242408,3854.9066666666668,205.13447134340876
2023-12-09,3809.3,0,5,9,12,4,343,49,2023,-0.9749279121818236,-0.2225209339563146,-0.37347653741307074,0.9276396261490467,-2.4492935982947064e-16,1.0,3821.4,3662.8999999999996,4199.400000000001,4303.5,3718.692857142857,80.92622375033926,3841.9033333333336,194.6399062164814
2023-12-10,3706.1,0,6,10,12,4,344,49,2023,-0.7818314824680299,0.6234898018587334,-0.3574644155648614,0.9339267592294762,-2.4492935982947064e-16,1.0,3809.3,3646.25,4159.800000000001,4346.099999999999,3727.2428571428572,74.936881376862,3826.7799999999997,186.545630731021
2023-12-11,3883.1,0,0,11,12,4,345,50,2023,0.0,1.0,-0.34134651424503615,0.9399375283564133,-2.4492935982947064e-16,1.0,3706.1,3629.6,4116.099999999999,4311.099999999999,3763.457142857143,80.90139795139207,3819.0133333333333,178.77313157943962
2023-12-12,3966.7,0,1,12,12,4,346,50,2023,0.7818314824680298,0.6234898018587336,-0.3251276029999093,0.9456701548465688,-2.4492935982947064e-16,1.0,3883.1,3647.3,3939.0,4289.699999999999,3809.085714285714,93.5517936506348,3819.9366666666665,179.48433028010808
2023-12-13,4021.2,0,2,13,12,4,347,50,2023,0.9749279121818236,-0.22252093395631434,-0.30881248126625377,0.9511229423235357,-2.4492935982947064e-16,1.0,3966.7,3711.4,3581.9,4400.3,3853.342857142857,111.2435295069124,3834.58,177.30129995441084
2023-12-14,4053.600000000001,0,3,14,12,4,348,50,2023,0.43388373911755823,-0.900968867902419,-0.29240597695107734,0.9562942772197719,-2.4492935982947064e-16,1.0,4021.2,3765.6,3466.5999999999995,4372.8,3894.485714285714,125.7018354224929,3854.1466666666665,167.40531288347927
2023-12-15,4072.9,0,4,15,12,4,349,50,2023,-0.433883739117558,-0.9009688679024191,-0.27591294500296043,0.9611826292540837,-2.4492935982947064e-16,1.0,4053.600000000001,3821.4,3624.3,4229.6,3930.414285714286,136.7843854219107,3869.1,166.1975444858004
2023-12-16,4043.8,0,5,16,12,4,350,50,2023,-0.9749279121818236,-0.2225209339563146,-0.2593382659754056,0.9657865518844574,-2.4492935982947064e-16,1.0,4072.9,3809.3,3756.5,4351.500000000001,3963.9142857142856,130.7616843545904,3878.6766666666667,167.75567657457825
2023-12-17,3907.6,0,6,17,12,4,351,50,2023,-0.7818314824680299,0.6234898018587334,-0.2426868445825954,0.9701046827361175,-2.4492935982947064e-16,1.0,4043.8,3706.1,3891.5,4455.400000000001,3992.7000000000003,74.71554947495535,3879.2133333333336,167.82385312632678
2023-12-18,4020.3,0,0,18,12,4,352,51,2023,0.0,1.0,-0.22596360824801906,0.974135744004672,-2.4492935982947064e-16,1.0,3907.6,3883.1,3989.4,4411.1,4012.3,57.08905324150144,3880.243333333333,168.61638195731095
2023-12-19,4108.0,0,1,19,12,4,353,51,2023,0.7818314824680298,0.6234898018587336,-0.20917350564635637,0.9778785428342386,-2.4492935982947064e-16,1.0,4020.3,3966.7,4044.1,4383.7,4032.4857142857145,62.957457291271126,3882.373333333334,171.14231108549427
2023-12-20,4139.200000000001,0,2,20,12,4,354,51,2023,0.9749279121818236,-0.22252093395631434,-0.19232150523909483,0.9813319716704275,-2.4492935982947064e-16,1.0,4108.0,4021.2,3913.6,4462.5,4049.342857142857,74.22182646513212,3889.8933333333334,177.40362596562943
2023-12-21,4151.4,0,3,21,12,4,355,51,2023,0.43388373911755823,-0.900968867902419,-0.17541259380427843,0.9844950085880858,-2.4492935982947064e-16,1.0,4139.200000000001,4053.600000000001,4054.9,4537.9,4063.314285714286,83.75003340446274,3893.11,181.33009307662692
2023-12-22,4187.5,0,4,22,12,4,356,51,2023,-0.433883739117558,-0.9009688679024191,-0.15845177496083632,0.9873667175937016,-2.4492935982947064e-16,1.0,4151.4,4072.9,4110.1,4382.7,4079.6857142857148,96.21022864149366,3895.69,185.03667828392983
2023-12-23,4144.599999999999,0,5,23,12,4,357,51,2023,-0.9749279121818236,-0.2225209339563146,-0.14144406768794202,0.9899462489023779,-2.4492935982947064e-16,1.0,4187.5,4043.8,4100.5,4362.8125,4094.0857142857144,97.47906490753978,3897.1600000000003,186.8858052579228
2023-12-24,4017.500000000001,0,6,24,12,4,358,51,2023,-0.7818314824680299,0.6234898018587334,-0.12439450483979998,0.9922328391893008,-2.4492935982947064e-16,1.0,4144.599999999999,3907.6,4082.8,4342.925,4109.785714285715,66.30237372760378,3894.983333333333,185.02005405443103
2023-12-25,4067.599999999999,0,0,25,12,4,359,52,2023,0.0,1.0,-0.10730813165636247,0.9942258118156161,-2.4492935982947064e-16,1.0,4017.500000000001,4020.3,4078.8,4323.0375,4116.542857142857,57.486747955387365,3894.6099999999997,184.64728323726368
2023-12-26,4160.8,0,1,26,12,4,360,52,2023,0.7818314824680298,0.6234898018587336,-0.09019000427034513,0.9959245770286599,-2.4492935982947064e-16,1.0,4067.599999999999,4108.0,4022.6,4283.2625,4124.085714285714,59.603982768895115,3899.2166666666667,189.6078522732743
2023-12-27,4203.1,0,2,27,12,4,361,52,2023,0.9749279121818236,-0.22252093395631434,-0.07304518821104743,0.9973286321364752,-2.4492935982947064e-16,1.0,4160.8,4139.200000000001,3762.7999999999993,4263.375,4133.214285714285,66.7673929543058,3913.8933333333334,195.62952571976132
2023-12-28,4229.900000000001,0,3,28,12,4,362,52,2023,0.43388373911755823,-0.900968867902419,-0.05587875690537313,0.9984375616565666,-2.4492935982947064e-16,1.0,4203.1,4151.4,3746.149999999999,4243.4875,4144.428571428572,76.25002107734514,3930.0183333333334,201.18428225924131
2023-12-29,4258.1,0,4,29,12,4,363,52,2023,-0.433883739117558,-0.9009688679024191,-0.03869579017652689,0.9992510374388481,-2.4492935982947064e-16,1.0,4229.900000000001,4187.5,3729.4999999999995,4223.6,4154.5142857142855,86.83162689124985,3947.638333333334,206.10462637789743
2023-12-30,4231.1,0,5,30,12,4,364,52,2023,-0.9749279121818236,-0.2225209339563146,-0.021501372740813793,0.999768818762748,-2.4492935982947064e-16,1.0,4258.1,4144.599999999999,3712.8499999999995,4183.5,4166.871428571429,91.22917505360927,3964.913333333333,207.46138649170857
2023-12-31,4102.0,0,6,31,12,4,365,52,2023,-0.7818314824680299,0.6234898018587334,-0.004300592702981974,0.9999907524084426,-2.4492935982947064e-16,1.0,4231.1,4017.500000000001,3679.5499999999997,4162.3,4178.942857142857,71.66242290874976,3978.995,201.68072256279888
2024-01-01,4101.1,0,0,1,1,1,1,1,2024,0.0,1.0,0.017201575418260506,0.9998520419557735,0.49999999999999994,0.8660254037844387,4102.0,4067.599999999999,3662.8999999999996,4072.4,4183.728571428572,63.65921547030935,3993.601666666667,193.70892155560117
2024-01-02,4162.200000000001,0,1,2,1,1,2,1,2024,0.7818314824680298,0.6234898018587336,0.03439806061360801,0.9994082116062598,0.49999999999999994,0.8660254037844387,4101.1,4160.8,3646.25,4039.999999999999,4183.928571428572,63.57732075430095,4010.8,184.49090997139365
2024-01-03,4239.1,0,2,3,1,1,3,1,2024,0.9749279121818236,-0.22252093395631434,0.051584366869408364,0.9986686402879997,0.49999999999999994,0.8660254037844387,4162.200000000001,4203.1,3629.6,4036.8,4189.071428571429,66.76283183250415,4031.116666666667,174.34551720024152
2024-01-04,4248.700000000001,0,3,4,1,1,4,1,2024,0.43388373911755823,-0.900968867902419,0.06875540848113941,0.9976335468520451,0.49999999999999994,0.8660254037844387,4239.1,4229.900000000001,3647.3,4021.9,4191.757142857144,69.01902774225155,4051.1633333333334,162.89044654219595
2024-01-05,4262.400000000001,0,4,5,1,1,5,1,2024,-0.433883739117558,-0.9009688679024191,0.08590610426133272,0.9963032375991965,0.49999999999999994,0.8660254037844387,4248.700000000001,4258.1,3711.4,4225.400000000001,4192.3714285714295,69.72344690008194,4069.53,154.08544461233973
2024-01-06,4236.599999999999,0,5,6,1,1,6,1,2024,-0.9749279121818236,-0.2225209339563146,0.10303137904317879,0.9946781061893646,0.49999999999999994,0.8660254037844387,4262.400000000001,4231.1,3765.6,4245.799999999999,4193.157142857143,70.2615318446185,4085.2300000000005,145.8236586216241
2024-01-07,4080.6,0,6,7,1,1,7,1,2024,-0.7818314824680299,0.6234898018587334,0.1201261651823505,0.9927586335250793,0.49999999999999994,0.8660254037844387,4236.599999999999,4102.0,3821.4,4196.8,4190.1,75.18217873944269,4093.8700000000003,137.06873722384935
2024-01-08,4177.3,0,0,8,1,1,8,2,2024,0.0,1.0,0.13718540405660057,0.9905453876091833,0.49999999999999994,0.8660254037844387,4080.6,4101.1,3809.3,4120.3,4200.9857142857145,64.97115843650063,4106.136666666667,126.80607916281551
2024-01-09,4225.9,0,1,9,1,1,9,2,2024,0.7818314824680298,0.6234898018587336,0.1542040475626894,0.988039023376751,0.49999999999999994,0.8660254037844387,4177.3,4162.200000000001,3706.1,4064.1,4210.085714285715,63.06640491244773,4123.463333333334,103.66078460232728
2024-01-10,4271.0,0,2,10,1,1,10,2,2024,0.9749279121818236,-0.22252093395631434,0.17117705961019986,0.985240282501282,0.49999999999999994,0.8660254037844387,4225.9,4239.1,3883.1,3991.0,4214.642857142857,66.56773135049895,4136.393333333333,96.59695480791827
2024-01-11,4323.7,0,3,11,1,1,11,2,2024,0.43388373911755823,-0.900968867902419,0.18809941761179758,0.9821499931752291,0.49999999999999994,0.8660254037844387,4271.0,4248.700000000001,3966.7,3887.0,4225.357142857143,78.01450414603741,4148.293333333333,96.9603258122161
2024-01-12,4388.8,0,4,12,1,1,12,2,2024,-0.433883739117558,-0.9009688679024191,0.20496611396949532,0.9787690698649216,0.49999999999999994,0.8660254037844387,4323.7,4262.400000000001,4021.2,4068.0,4243.414285714285,99.64649899476564,4160.546666666667,103.36147729452922
2024-01-13,4356.4,0,5,13,1,1,13,2,2024,-0.9749279121818236,-0.2225209339563146,0.22177215755648186,0.975098513039961,0.49999999999999994,0.8660254037844387,4388.8,4236.599999999999,4053.600000000001,4135.7,4260.528571428571,108.20165917225086,4170.64,107.26842450858183
2024-01-14,4157.5,0,6,14,1,1,14,2,2024,-0.7818314824680299,0.6234898018587334,0.23851257519407648,0.9711394088771653,0.49999999999999994,0.8660254037844387,4356.4,4080.6,4072.9,4204.9,4271.5142857142855,89.10797623434283,4173.46,105.71104271421078
2024-01-15,4197.8,0,0,15,1,1,15,3,2024,0.0,1.0,0.2551824131233728,0.9668929289391521,0.49999999999999994,0.8660254037844387,4157.5,4177.3,4043.8,4193.699999999999,4274.442857142857,85.7698637274088,4178.593333333333,102.899364742302
2024-01-16,4281.200000000001,0,1,16,1,1,16,3,2024,0.7818314824680298,0.6234898018587336,0.2717767384711357,0.9623603298276545,0.49999999999999994,0.8660254037844387,4197.8,4225.9,3907.6,4212.3,4282.342857142858,83.05740699751902,4191.046666666666,90.87662623251167
2024-01-17,4356.899999999999,0,2,17,1,1,17,3,2024,0.9749279121818236,-0.22252093395631434,0.2882906407095177,0.9575429528116719,0.49999999999999994,0.8660254037844387,4281.200000000001,4271.0,4020.3,4136.3,4294.614285714286,87.33764802141906,4202.266666666667,89.84172417256926
2024-01-18,4413.2,0,3,18,1,1,18,3,2024,0.43388373911755823,-0.900968867902419,0.3047192331091634,0.9524422234305676,0.49999999999999994,0.8660254037844387,4356.899999999999,4323.7,4108.0,3960.1,4307.4,98.18304334256713,4212.44,95.87640966909173
2024-01-19,4477.800000000001,0,4,19,1,1,19,3,2024,-0.433883739117558,-0.9009688679024191,0.321057654185271,0.9470596510722283,0.49999999999999994,0.8660254037844387,4413.2,4388.8,4139.200000000001,4110.8,4320.114285714286,114.83182527177058,4223.7266666666665,106.31872360269675
2024-01-20,4461.7,0,5,20,1,1,20,3,2024,-0.9749279121818236,-0.2225209339563146,0.3373010691361842,0.9413968285264122,0.49999999999999994,0.8660254037844387,4477.800000000001,4356.4,4151.4,4087.8,4335.157142857143,126.66487091462153,4234.070000000001,113.86578351363126
2024-01-21,4333.000000000001,0,6,21,1,1,21,3,2024,-0.7818314824680299,0.6234898018587334,0.3534446712740877,0.9354554315134164,0.49999999999999994,0.8660254037844387,4461.7,4157.5,4187.5,3892.9,4360.228571428571,100.25508655903867,4238.92,114.90772729936013
2024-01-22,4413.9,0,0,22,1,1,22,4,2024,0.0,1.0,0.3694836834473831,0.9292372181882051,0.49999999999999994,0.8660254037844387,4333.000000000001,4197.8,4144.599999999999,3921.8,4391.1,70.86696456512216,4247.8966666666665,117.76863783483188
2024-01-23,4441.0,0,1,23,1,1,23,4,2024,0.7818314824680298,0.6234898018587336,0.38541335945432564,0.9227440286201427,0.49999999999999994,0.8660254037844387,4413.9,4281.200000000001,4017.500000000001,3881.2,4413.928571428572,53.06718114138997,4262.013333333333,114.53684464664435
2024-01-24,4451.4,0,2,24,1,1,24,4,2024,0.9749279121818236,-0.22252093395631434,0.4012289854475009,0.9159777842484877,0.49999999999999994,0.8660254037844387,4441.0,4356.899999999999,4067.599999999999,3789.7,4427.428571428572,47.911123074844724,4274.806666666667,113.50264445752238
2024-01-25,4483.099999999999,0,3,25,1,1,25,4,2024,0.43388373911755823,-0.900968867902419,0.4169258813287287,0.908940487313808,0.49999999999999994,0.8660254037844387,4451.4,4413.2,4160.8,3640.2,4437.414285714286,51.594102653098936,4285.55,117.52163043750576
2024-01-26,4291.4,0,4,26,1,1,26,4,2024,-0.433883739117558,-0.9009688679024191,0.4324994021339788,0.901634220265486,0.49999999999999994,0.8660254037844387,4483.099999999999,4477.800000000001,4203.1,3691.2,4410.785714285715,71.52774353525683,4288.493333333334,116.48664251774736
2024-01-27,4356.8,0,5,27,1,1,27,4,2024,-0.9749279121818236,-0.2225209339563146,0.44794493940789115,0.8940611451454876,0.49999999999999994,0.8660254037844387,4291.4,4461.7,4229.900000000001,3700.4,4395.8,70.05652479729649,4292.723333333333,116.58958870929362
2024-01-28,4328.7,0,6,28,1,1,28,4,2024,-0.7818314824680299,0.6234898018587334,0.4632579225674917,0.88622350294858,0.49999999999999994,0.8660254037844387,4356.8,4333.000000000001,4258.1,3741.5,4395.185714285714,70.71471861344715,4295.076666666667,116.57914784661791
2024-01-29,4440.5,0,0,29,1,1,29,5,2024,0.0,1.0,0.4784338202547012,0.8781236129591848,0.49999999999999994,0.8660254037844387,4328.7,4413.9,4231.1,3775.8,4398.985714285714,72.57812867463794,4302.056666666667,118.86293956611829
2024-01-30,4460.099999999999,0,1,30,1,1,30,5,2024,0.7818314824680298,0.6234898018587336,0.49346814167723735,0.8697638720650646,0.49999999999999994,0.8660254037844387,4440.5,4441.0,4102.0,3756.1,4401.714285714285,74.74751787570557,4313.993333333334,116.02675949771205
2024-01-31,4420.7,0,2,31,1,1,31,5,2024,0.9749279121818236,-0.22252093395631434,0.5083564379375122,0.8611467540480452,0.49999999999999994,0.8660254037844387,4460.099999999999,4451.4,4101.1,3693.7,4397.328571428571,72.2037560031328,4324.6466666666665,110.33835026965666
2024-02-01,4319.600000000001,0,3,1,2,1,32,5,2024,0.43388373911755823,-0.900968867902419,0.5230943033491326,0.8522748088519838,0.8660254037844386,0.5000000000000001,4420.7,4483.099999999999,4162.200000000001,3559.0,4373.971428571428,66.01312279357948,4329.893333333333,106.00467111806947
2024-02-02,4421.2,0,4,2,2,1,33,5,2024,-0.433883739117558,-0.9009688679024191,0.5376773767406141,0.8431506618282,0.8660254037844386,0.5000000000000001,4319.600000000001,4291.4,4239.1,3705.599999999999,4392.5142857142855,56.497829709753965,4335.963333333333,105.83996534564453
2024-02-03,4392.0,0,5,3,2,1,34,5,2024,-0.9749279121818236,-0.2225209339563146,0.5521013427459208,0.8337770129585915,0.8660254037844386,0.5000000000000001,4421.2,4356.8,4248.700000000001,3771.1,4397.542857142857,54.31356052727895,4340.74,104.9961529672892
2024-02-04,4176.1,0,6,4,2,1,35,5,2024,-0.7818314824680299,0.6234898018587334,0.5663619330814524,0.8241566360566663,0.8660254037844386,0.5000000000000001,4392.0,4328.7,4262.400000000001,3778.4,4375.742857142857,98.88604311942741,4337.863333333333,108.34531157474828
2024-02-05,4298.0,0,0,5,2,1,36,6,2024,0.0,1.0,0.580454927809098,0.8142923779467267,0.8660254037844386,0.5000000000000001,4176.1,4440.5,4236.599999999999,3769.2,4355.385714285714,97.99682696519335,4339.91,106.93724343970217
2024-02-06,4421.300000000001,0,1,6,2,1,37,6,2024,0.7818314824680298,0.6234898018587336,0.5943761565849831,0.804187157621448,0.8660254037844386,0.5000000000000001,4298.0,4460.099999999999,4080.6,3748.2,4349.842857142858,92.00074016269782,4351.266666666666,95.97864106262969
2024-02-07,4443.0,0,2,7,2,1,38,6,2024,0.9749279121818236,-0.22252093395631434,0.6081214998935418,0.7938439653781019,0.8660254037844386,0.5000000000000001,4421.300000000001,4420.7,4177.3,3679.8,4353.028571428572,95.19391987390999,4360.123333333333,91.52773720659779
2024-02-08,4441.8,0,3,8,2,1,39,6,2024,0.43388373911755823,-0.900968867902419,0.6216868902665479,0.7832658619336791,0.8660254037844386,0.5000000000000001,4443.0,4319.600000000001,4225.9,3465.1000000000004,4370.4857142857145,99.16394554093705,4367.320000000001,89.06485200160593
2024-02-09,4463.0,0,4,9,2,1,40,6,2024,-0.433883739117558,-0.9009688679024191,0.6350683134867438,0.7724559775191742,0.8660254037844386,0.5000000000000001,4441.8,4421.2,4271.0,3191.7000000000003,4376.4571428571435,103.87354262347377,4373.72,88.80280517469852
2024-02-10,4432.6,0,5,10,2,1,41,6,2024,-0.9749279121818236,-0.2225209339563146,0.6482618097757122,0.7614175109532997,0.8660254037844386,0.5000000000000001,4463.0,4392.0,4323.7,3127.5,4382.257142857144,105.99782792027973,4377.35,88.91331598033868
2024-02-11,4260.900000000001,0,6,11,2,1,42,6,2024,-0.7818314824680299,0.6234898018587334,0.6612634749656386,0.7501537286959042,0.8660254037844386,0.5000000000000001,4432.6,4176.1,4388.8,3311.2999999999997,4394.371428571429,80.22129215048396,4373.086666666667,91.37757490435612
2024-02-12,4361.799999999999,0,0,12,2,1,43,7,2024,0.0,1.0,0.6740694616546161,0.7386679638813748,0.8660254037844386,0.5000000000000001,4260.900000000001,4298.0,4356.4,3507.4,4403.4857142857145,70.48012553369632,4373.266666666666,91.34888532748293
2024-02-13,4428.300000000001,0,1,13,2,1,44,7,2024,0.7818314824680298,0.6234898018587336,0.6866759803451553,0.726963615332308,0.8660254037844386,0.5000000000000001,4361.799999999999,4421.300000000001,4157.5,3588.3,4404.4857142857145,70.82382905429677,4382.293333333334,82.21564132304576
2024-02-14,4434.2,0,2,14,2,1,45,7,2024,0.9749279121818236,-0.22252093395631434,0.6990793005655562,0.7150441465537444,0.8660254037844386,0.5000000000000001,4428.300000000001,4443.0,4197.8,3592.9,4403.228571428571,70.10065891958422,4390.173333333334,74.92907420299689
2024-02-15,4444.900000000001,0,3,15,2,1,46,7,2024,0.43388373911755823,-0.900968867902419,0.7112757519738152,0.7029130847082615,0.8660254037844386,0.5000000000000001,4434.2,4441.8,4281.200000000001,3423.3,4403.671428571429,70.3941217784545,4395.630000000001,72.64537932951849
2024-02-16,4474.300000000001,0,4,16,2,1,47,7,2024,-0.433883739117558,-0.9009688679024191,0.7232617254437388,0.6905740195722294,0.8660254037844386,0.5000000000000001,4444.900000000001,4463.0,4356.899999999999,3624.8,4405.285714285715,72.09053170779275,4399.543333333333,73.64235889070261
2024-02-17,4447.8,0,5,17,2,1,48,7,2024,-0.9749279121818236,-0.2225209339563146,0.7350336741329412,0.6780306024735382,0.8660254037844386,0.5000000000000001,4474.300000000001,4432.6,4413.2,3641.5,4407.4571428571435,73.26965850302797,4400.696666666667,74.13292108438917
2024-02-18,4264.3,0,6,18,2,1,49,7,2024,-0.7818314824680299,0.6234898018587334,0.746588114532413,0.6652865452111116,0.8660254037844386,0.5000000000000001,4447.8,4260.900000000001,4477.800000000001,3681.3,4407.942857142857,72.13872878339133,4393.58,76.67997265841439
2024-02-19,4336.7,0,0,19,2,1,50,8,2024,0.0,1.0,0.7579216274973472,0.6523456189565257,0.8660254037844386,0.5000000000000001,4264.3,4361.799999999999,4461.7,3694.499999999999,4404.357142857143,75.36616962415609,4389.413333333333,76.24572224668235
2024-02-20,4424.0,0,1,20,2,1,51,8,2024,0.7818314824680298,0.6234898018587336,0.7690308592589181,0.6392116531380588,0.8660254037844386,0.5000000000000001,4336.7,4428.300000000001,4333.000000000001,3738.3,4403.742857142858,75.15572404780889,4392.446666666667,75.73243159572354
2024-02-21,4434.499999999999,0,2,21,2,1,52,8,2024,0.9749279121818236,-0.22252093395631434,0.7799125224167177,0.6258885343075018,0.8660254037844386,0.5000000000000001,4424.0,4434.2,4413.9,3740.500000000001,4403.785714285715,75.17606952068564,4393.133333333333,76.02647602953786
2024-02-22,4468.400000000001,0,3,22,2,1,53,8,2024,0.43388373911755823,-0.900968867902419,0.7905633969115482,0.612380204990065,0.8660254037844386,0.5000000000000001,4434.499999999999,4444.900000000001,4441.0,3594.6,4407.142857142857,77.79714770146583,4394.046666666667,76.78217166150023
2024-02-23,4526.7,0,4,23,2,1,54,8,2024,-0.433883739117558,-0.9009688679024191,0.8009803309782905,0.5986906625177214,0.8660254037844386,0.5000000000000001,4468.400000000001,4474.300000000001,4451.4,3750.7,4414.628571428571,87.279201689901,4396.556666666667,79.88959054945454
2024-02-24,4501.9,0,5,24,2,1,55,8,2024,-0.9749279121818236,-0.2225209339563146,0.8111602420785621,0.5848239578463322,0.8660254037844386,0.5000000000000001,4526.7,4447.8,4483.099999999999,3797.999999999999,4422.357142857143,92.9191379129373,4397.183333333333,80.66186161711614
2024-02-25,4331.6,0,6,25,2,1,56,8,2024,-0.7818314824680299,0.6234898018587334,0.8211001178128892,0.5707841943569036,0.8660254037844386,0.5000000000000001,4501.9,4264.3,4291.4,3817.8,4431.971428571428,75.7314931031088,4398.5233333333335,79.16393589965683
2024-02-26,4437.3,0,0,26,2,1,57,9,2024,0.0,1.0,0.8307970168121247,0.5565755266413303,0.8660254037844386,0.5000000000000001,4331.6,4336.7,4356.8,3827.5,4446.342857142857,63.13680535538035,4401.206666666667,79.06516706917563
2024-02-27,4455.3,0,1,27,2,1,58,9,2024,0.7818314824680298,0.6234898018587336,0.8402480696078469,0.5422021592729844,0.8660254037844386,0.5000000000000001,4437.3,4424.0,4328.7,3785.499999999999,4450.814285714286,62.39472276225265,4405.426666666666,78.43783804249088
2024-02-28,4449.1,0,2,28,2,1,59,9,2024,0.9749279121818236,-0.22252093395631434,0.8494504794814806,0.527668345562516,0.8660254037844386,0.5000000000000001,4455.3,4434.499999999999,4440.5,3711.7,4452.9,62.00126342804293,4405.713333333333,78.586015836508
2024-02-29,4508.4,0,3,29,2,1,60,9,2024,0.43388373911755823,-0.900968867902419,0.8584015232918917,0.512978386299228,0.8660254037844386,0.5000000000000001,4449.1,4468.400000000001,4460.099999999999,3547.4,4458.614285714286,65.41708310458036,4407.323333333334,80.21651168634064
2024-03-01,4450.3,0,4,1,3,1,61,9,2024,-0.433883739117558,-0.9009688679024191,0.8670985522812081,0.4981366284784055,1.0,6.123233995736766e-17,4508.4,4526.7,4420.7,3693.7,4447.7,58.13200495430194,4408.3099999999995,80.56798949355043
2024-03-02,4237.299999999999,0,5,2,3,1,62,9,2024,-0.9749279121818236,-0.2225209339563146,0.8755389928586302,0.4831474640149687,1.0,6.123233995736766e-17,4450.3,4501.9,4319.600000000001,3762.9,4409.9,92.74033642384346,4405.566666666667,84.97342518990381
2024-03-03,4057.599999999999,0,6,3,3,1,63,9,2024,-0.7818314824680299,0.6234898018587334,0.8837203473619977,0.4680153284438345,1.0,6.123233995736766e-17,4237.299999999999,4331.6,4421.2,3784.1,4370.757142857143,162.7185080350459,4393.446666666667,105.99667767510252
2024-03-04,4259.6,0,0,4,3,1,64,10,2024,0.0,1.0,0.8916401947968874,0.45274469960737107,1.0,6.123233995736766e-17,4057.599999999999,4437.3,4392.0,3788.9,4345.371428571429,164.45911056438283,4389.033333333334,108.7788149168365
2024-03-05,4378.1,0,1,5,3,1,65,10,2024,0.7818314824680298,0.6234898018587336,0.8992961915530253,0.4373400963303323,1.0,6.123233995736766e-17,4259.6,4455.3,4176.1,3800.6,4334.342857142857,158.33311779436806,4395.766666666666,101.1265657423864
2024-03-06,4406.0,0,2,6,3,1,66,10,2024,0.9749279121818236,-0.22252093395631434,0.9066860720977985,0.4218060770826634,1.0,6.123233995736766e-17,4378.1,4449.1,4298.0,3760.3,4328.185714285714,153.90279863790835,4399.366666666667,99.4343461556462
2024-03-07,4456.000000000001,0,3,7,3,1,67,10,2024,0.43388373911755823,-0.900968867902419,0.9138076496466615,0.40614723863057883,1.0,6.123233995736766e-17,4406.0,4508.4,4421.300000000001,3616.7,4320.7,144.67404743079976,4400.5233333333335,99.89902033737054
2024-03-08,4447.0,0,4,8,3,1,68,10,2024,-0.433883739117558,-0.9009688679024191,0.9206588168102428,0.3903682146763026,1.0,6.123233995736766e-17,4456.000000000001,4450.3,4443.0,3746.000000000001,4320.228571428571,144.1859067811241,4400.656666666667,99.96031862118652
2024-03-09,4445.4,0,5,9,3,1,69,10,2024,-0.9749279121818236,-0.2225209339563146,0.9272375462179537,0.374473674486883,1.0,6.123233995736766e-17,4447.0,4237.299999999999,4441.8,3799.9,4349.957142857143,145.68326210361835,4400.776666666667,100.01356005762842
2024-03-10,4336.7,0,6,10,3,1,70,10,2024,-0.7818314824680299,0.6234898018587334,0.9335418911179212,0.35846832151248087,1.0,6.123233995736766e-17,4445.4,4057.599999999999,4463.0,3817.7,4389.828571428572,71.78279074838845,4396.566666666667,99.96223539790287
2024-03-11,4515.000000000001,0,0,11,3,1,71,11,2024,0.0,1.0,0.9395699859530622,0.342356891994542,1.0,6.123233995736766e-17,4336.7,4259.6,4432.6,3837.4,4426.314285714287,58.17583772706094,4399.3133333333335,102.09575199150659
2024-03-12,4615.7,0,1,12,3,1,72,11,2024,0.7818314824680298,0.6234898018587336,0.945320046913132,0.3261441535642696,1.0,6.123233995736766e-17,4515.000000000001,4378.1,4260.900000000001,3874.8,4460.257142857144,87.35376078805142,4411.14,105.98496510158684
2024-03-13,4634.200000000001,0,2,13,3,1,73,11,2024,0.9749279121818236,-0.22252093395631434,0.9507903724625832,0.3098349038318025,1.0,6.123233995736766e-17,4615.7,4406.0,4361.799999999999,3853.099999999999,4492.857142857143,104.60802800844458,4420.22,113.04553675094193
2024-03-14,4663.0,0,3,14,3,1,74,11,2024,0.43388373911755823,-0.900968867902419,0.9559793438440766,0.2934339689665273,1.0,6.123233995736766e-17,4634.200000000001,4456.000000000001,4428.300000000001,3712.400000000001,4522.428571428572,120.50303888681734,4428.043333333334,121.43399138777374
2024-03-15,4693.7,0,4,15,3,1,75,11,2024,-0.433883739117558,-0.9009688679024191,0.9608854255574977,0.27694620226893646,1.0,6.123233995736766e-17,4663.0,4447.0,4434.2,3817.3,4557.671428571429,130.4325587457254,4436.693333333333,130.77106854275544
2024-03-16,4647.7,0,5,16,3,1,76,11,2024,-0.9749279121818236,-0.2225209339563146,0.9655071658143364,0.2603764827344581,1.0,6.123233995736766e-17,4693.7,4445.4,4444.900000000001,3834.6,4586.571428571428,123.64580750793716,4443.453333333334,136.33334333810262
2024-03-17,4445.599999999999,0,6,17,3,1,77,11,2024,-0.7818314824680299,0.6234898018587334,0.969843196967294,0.24372971360968387,1.0,6.123233995736766e-17,4647.7,4336.7,4474.300000000001,3860.999999999999,4602.128571428571,88.9501304905708,4442.496666666667,136.21006465251213
2024-03-18,4593.3,0,0,18,3,1,78,12,2024,0.0,1.0,0.9738922359149924,0.22701082094141847,1.0,6.123233995736766e-17,4445.599999999999,4515.000000000001,4447.8,3820.8,4613.314285714286,80.70880638799647,4447.346666666666,138.9678844896835
2024-03-19,4595.9,0,1,19,3,1,79,12,2024,0.7818314824680298,0.6234898018587336,0.9776530844816641,0.2102247521189836,1.0,6.123233995736766e-17,4593.3,4615.7,4264.3,3862.1,4610.4857142857145,80.95783735114938,4458.4,137.08125453476566
2024-03-20,4475.000000000001,0,2,20,3,1,80,12,2024,0.9749279121818236,-0.22252093395631434,0.981124629771712,0.19337647441020586,1.0,6.123233995736766e-17,4595.9,4634.200000000001,4336.7,3866.499999999999,4587.742857142856,94.42667097001944,4463.009999999999,135.15941379692572
2024-03-21,4484.599999999999,0,3,21,3,1,81,12,2024,0.43388373911755823,-0.900968867902419,0.984305844499033,0.17647097349152166,1.0,6.123233995736766e-17,4475.000000000001,4663.0,4424.0,3735.3000000000006,4562.257142857142,94.80377730070053,4465.03,135.0090524423338
2024-03-22,4574.900000000001,0,4,22,3,1,82,12,2024,-0.433883739117558,-0.9009688679024191,0.9871957872910085,0.15951325197263655,1.0,6.123233995736766e-17,4484.599999999999,4693.7,4434.499999999999,3738.593805309735,4545.285714285715,76.15001485167107,4469.71,136.3411222657608
2024-03-23,4585.900000000001,0,5,23,3,1,83,12,2024,-0.9749279121818236,-0.2225209339563146,0.9897936029670716,0.14250832791617088,1.0,6.123233995736766e-17,4574.900000000001,4647.7,4468.400000000001,3741.88761061947,4536.457142857143,65.07454333671001,4473.626666666666,137.98005086525745
2024-03-24,4359.2,0,6,24,3,1,84,12,2024,-0.7818314824680299,0.6234898018587334,0.992098522791769,0.12546123335273648,1.0,6.123233995736766e-17,4585.900000000001,4445.599999999999,4526.7,3745.1814159292044,4524.114285714286,88.98204741356628,4468.043333333334,139.14242438726342
2024-03-25,4059.599999999999,0,0,25,3,1,85,13,2024,0.0,1.0,0.9941098647022418,0.10837701279187609,1.0,6.123233995736766e-17,4359.2,4593.3,4501.9,4097.618584070797,4447.871428571429,190.52684600241,4453.3,157.6351658648509
2024-03-26,4317.0,0,1,26,3,1,86,13,2024,0.7818314824680298,0.6234898018587336,0.9958270335100595,0.09126072172931188,1.0,6.123233995736766e-17,4059.599999999999,4595.9,4331.6,4100.912389380531,4408.028571428572,183.44189556267364,4452.8133333333335,158.04584828750555
2024-03-27,4609.8,0,2,27,3,1,87,13,2024,0.9749279121818236,-0.22252093395631434,0.9972495210773451,0.07411742515094437,1.0,6.123233995736766e-17,4317.0,4475.000000000001,4437.3,4104.206194690266,4427.285714285715,198.1313741651706,4458.5633333333335,160.5796063904236
2024-03-28,4747.299999999999,0,3,28,3,1,88,13,2024,0.43388373911755823,-0.900968867902419,0.998376906467142,0.056952196034039754,1.0,6.123233995736766e-17,4609.8,4484.599999999999,4455.3,4107.5,4464.814285714286,232.66632350910746,4468.296666666666,169.00362877828215
2024-03-29,4802.799999999999,0,4,29,3,1,89,13,2024,-0.433883739117558,-0.9009688679024191,0.9992088560679753,0.03977011384605572,1.0,6.123233995736766e-17,4747.299999999999,4574.900000000001,4449.1,4222.200000000001,4497.371428571429,264.4167841009558,4480.086666666667,179.6220567312522
2024-03-30,4735.0,0,5,30,3,1,90,13,2024,-0.9749279121818236,-0.2225209339563146,0.9997451236925734,0.022576263041545485,1.0,6.123233995736766e-17,4802.799999999999,4585.900000000001,4508.4,4265.0,4518.671428571428,278.3737338799963,4487.64,185.52125930784783
2024-03-31,4592.6,0,6,31,3,1,91,13,2024,-0.7818314824680299,0.6234898018587334,0.9999855506507186,0.005375731557583884,1.0,6.123233995736766e-17,4735.0,4359.2,4450.3,4183.4,4552.0142857142855,269.9394032529819,4492.383333333333,186.35092421026584
2024-04-01,4618.4,0,0,1,4,2,92,14,2024,0.0,1.0,0.9999300657962057,-0.011826390691832589,0.8660254037844387,-0.4999999999999998,4592.6,4059.599999999999,4237.299999999999,4029.6,4631.842857142857,160.4840164122647,4505.086666666667,181.28324139090324
2024-04-02,4718.299999999999,0,1,2,4,2,93,14,2024,0.7818314824680298,0.6234898018587336,0.9995786855478958,-0.029025013321975237,0.8660254037844387,-0.4999999999999998,4618.4,4317.0,4057.599999999999,3931.2,4689.171428571428,81.5205232704438,4527.11,164.39120571745366
2024-04-03,4795.9,0,2,3,4,2,94,14,2024,0.9749279121818236,-0.22252093395631434,0.9989315138848577,-0.046215046983708354,0.8660254037844387,-0.4999999999999998,4718.299999999999,4609.8,4259.6,3870.2,4715.757142857142,81.66714674300519,4544.986666666667,163.45502330511204
2024-04-04,4860.6,0,3,4,4,2,95,14,2024,0.43388373911755823,-0.900968867902419,0.9979887423155984,-0.06339140486951038,0.8660254037844387,-0.4999999999999998,4795.9,4747.299999999999,4378.1,4093.2,4731.942857142857,98.46132670822196,4561.069999999999,170.07191207209505
2024-04-05,4900.8,0,4,5,4,2,96,14,2024,-0.433883739117558,-0.9009688679024191,0.9967506498213929,-0.08054900421874167,0.8660254037844387,-0.4999999999999998,4860.6,4802.799999999999,4406.0,4177.1,4745.942857142857,115.67756707248653,4577.5633333333335,178.30795422590106
2024-04-06,4876.700000000002,0,5,6,4,2,97,14,2024,-0.9749279121818236,-0.2225209339563146,0.9952176027737294,-0.09768276782171598,0.8660254037844387,-0.4999999999999998,4900.8,4735.0,4456.000000000001,4200.199999999999,4766.185714285714,125.43063725384039,4591.586666666666,184.84136298799672
2024-04-07,4644.900000000001,0,6,7,4,2,98,14,2024,-0.7818314824680299,0.6234898018587334,0.9933900548258936,-0.11478762552212701,0.8660254037844387,-0.4999999999999998,4876.700000000002,4592.6,4447.0,4227.300000000001,4773.657142857142,114.44397256798818,4598.183333333333,183.0258208339739
2024-04-08,4711.999999999999,0,0,8,4,2,99,15,2024,0.0,1.0,0.9912685467787256,-0.13185851571739118,0.8660254037844387,-0.4999999999999998,4644.900000000001,4618.4,4445.4,4217.3,4787.028571428572,97.49341369695182,4607.070000000001,181.8200496322439
2024-04-09,4700.5,0,1,9,4,2,100,15,2024,0.7818314824680298,0.6234898018587336,0.9888537064205885,-0.1488903868564548,0.8660254037844387,-0.4999999999999998,4711.999999999999,4718.299999999999,4336.7,4236.099999999999,4784.4857142857145,99.78986970247736,4619.196666666668,175.17625898688232
2024-04-10,4715.099999999999,0,2,10,4,2,101,15,2024,0.9749279121818236,-0.22252093395631434,0.986146248341595,-0.16587819893463143,0.8660254037844387,-0.4999999999999998,4700.5,4795.9,4515.000000000001,4146.6,4772.942857142857,102.87495414568,4625.866666666667,174.88131607647273
2024-04-11,4644.799999999999,0,3,11,4,2,102,15,2024,0.43388373911755823,-0.900968867902419,0.9831469737221499,-0.1828169249850199,0.8660254037844387,-0.4999999999999998,4715.099999999999,4860.6,4615.7,4217.625,4742.114285714286,104.54946881056676,4626.836666666667,174.90368282104092
2024-04-12,4644.499999999999,0,4,12,4,2,103,15,2024,-0.433883739117558,-0.9009688679024191,0.9798567700958665,-0.1997015525660636,0.8660254037844387,-0.4999999999999998,4644.799999999999,4900.8,4634.200000000001,4288.650000000001,4705.5,82.20573783705342,4627.179999999999,174.9287429310682
2024-04-13,4572.200000000001,0,5,13,4,2,104,15,2024,-0.9749279121818236,-0.2225209339563146,0.9762766110869321,-0.21652708524481437,0.8660254037844387,-0.4999999999999998,4644.499999999999,4876.700000000002,4663.0,4359.675,4661.999999999999,51.251666639585,4624.153333333333,175.07306796429964
2024-04-14,4434.999999999999,0,6,14,4,2,105,15,2024,-0.7818314824680299,0.6234898018587334,0.9724075561219968,-0.23328854407545518,0.8660254037844387,-0.4999999999999998,4572.200000000001,4644.900000000001,4693.7,4501.725,4632.0142857142855,100.58411784127387,4615.53,177.87812400628593
2024-04-15,4744.4,0,0,15,4,2,106,16,2024,0.0,1.0,0.9682507501166718,-0.2499809690726521,0.8660254037844387,-0.4999999999999998,4434.999999999999,4711.999999999999,4647.7,4572.75,4636.642857142857,105.50344160490033,4618.753333333333,179.35123070115404
2024-04-16,4854.699999999999,0,1,16,4,2,107,16,2024,0.7818314824680298,0.6234898018587336,0.9638074231367307,-0.26659942067929354,0.8660254037844387,-0.4999999999999998,4744.4,4700.5,4445.599999999999,4643.775000000001,4658.671428571428,133.45425825960353,4632.389999999999,181.27413484971487
2024-04-17,4848.400000000001,0,2,17,4,2,108,16,2024,0.9749279121818236,-0.22252093395631434,0.9590788900341131,-0.28313898122818354,0.8660254037844387,-0.4999999999999998,4854.699999999999,4715.099999999999,4593.3,4714.8,4677.714285714285,151.18122048909714,4640.8933333333325,185.31540110053652
2024-04-18,4902.999999999999,0,3,18,4,2,109,16,2024,0.43388373911755823,-0.900968867902419,0.9540665500578387,-0.2995947563972602,0.8660254037844387,-0.4999999999999998,4848.400000000001,4644.799999999999,4595.9,4829.7,4714.599999999999,171.89191371324242,4651.13,191.13490117786176
2024-04-19,4859.5,0,4,19,4,2,110,16,2024,-0.433883739117558,-0.9009688679024191,0.9487718864399473,-0.31596187665790293,0.8660254037844387,-0.4999999999999998,4902.999999999999,4644.499999999999,4475.000000000001,4785.2,4745.314285714286,176.42723172809295,4663.946666666667,191.80739573193264
2024-04-20,4839.200000000001,0,5,20,4,2,111,16,2024,-0.9749279121818236,-0.2225209339563146,0.9431964659565866,-0.33223549871590435,0.8660254037844387,-0.4999999999999998,4859.5,4572.200000000001,4484.599999999999,4745.9,4783.457142857143,160.9457657840333,4675.766666666666,191.29949138012273
2024-04-21,4673.400000000001,0,6,21,4,2,112,16,2024,-0.7818314824680299,0.6234898018587334,0.9373419384643772,-0.3484108069446808,0.8660254037844387,-0.4999999999999998,4839.200000000001,4434.999999999999,4574.900000000001,4575.3,4817.5142857142855,79.57408348139046,4679.05,190.3515327873078
2024-04-22,4820.5,0,0,22,4,2,113,17,2024,0.0,1.0,0.9312100364121947,-0.3644830148102912,0.8660254037844387,-0.4999999999999998,4673.400000000001,4744.4,4585.900000000001,4392.700000000001,4828.385714285714,72.83326686276718,4686.869999999999,191.20976773129746
2024-04-23,4836.2,0,1,23,4,2,114,17,2024,0.7818314824680298,0.6234898018587336,0.9248025743285089,-0.38044736628785164,0.8660254037844387,-0.4999999999999998,4820.5,4854.699999999999,4359.2,4079.8000000000006,4825.742857142856,72.05071956944326,4702.77,182.66434291456076
2024-04-24,4872.7,0,2,24,4,2,115,17,2024,0.9749279121818236,-0.22252093395631434,0.9181214482844365,-0.39629913726891813,0.8660254037844387,-0.4999999999999998,4836.2,4848.400000000001,4059.599999999999,4040.3571428571436,4829.214285714285,73.88629617123223,4729.873333333333,139.0599521747532
2024-04-25,4984.1,0,3,25,4,2,116,17,2024,0.43388373911755823,-0.900968867902419,0.9111686353326631,-0.41203363695942635,0.8660254037844387,-0.4999999999999998,4872.7,4902.999999999999,4317.0,4000.914285714286,4840.8,91.61582832675845,4752.11,123.19387118093786
2024-04-26,4987.900000000001,0,4,26,4,2,117,17,2024,-0.433883739117558,-0.9009688679024191,0.9039461929224011,-0.42764620926777464,0.8660254037844387,-0.4999999999999998,4984.1,4859.5,4609.8,3961.471428571429,4859.142857142857,107.46647317717535,4764.713333333333,127.40170445815954
2024-04-27,5010.1,0,5,27,4,2,118,17,2024,-0.9749279121818236,-0.2225209339563146,0.8964562582905575,-0.44313223418263453,0.8660254037844387,-0.4999999999999998,4987.900000000001,4839.200000000001,4747.299999999999,3922.0285714285715,4883.557142857143,120.76988941981084,4773.473333333332,134.97303672834707
2024-04-28,4867.1,0,6,28,4,2,119,17,2024,-0.7818314824680299,0.6234898018587334,0.8887010478292915,-0.45848712914008766,0.8660254037844387,-0.4999999999999998,5010.1,4673.400000000001,4802.799999999999,3882.5857142857144,4911.228571428573,79.85095938235341,4775.616666666667,135.96170628050456
2024-04-29,5045.099999999999,0,0,29,4,2,120,18,2024,0.0,1.0,0.8806828564301475,-0.47370635037968,0.8660254037844387,-0.4999999999999998,4867.1,4820.5,4735.0,3843.142857142857,4943.314285714287,82.40195039298025,4785.953333333334,144.2995130665997
2024-04-30,5102.499999999999,0,1,30,4,2,121,18,2024,0.7818314824680298,0.6234898018587336,0.8724040568049612,-0.48878539428899265,0.8660254037844387,-0.4999999999999998,5045.099999999999,4836.2,4592.6,3803.7,4981.357142857143,86.0971323010876,4802.95,150.63060720709916
2024-05-01,4860.199999999999,0,2,1,5,2,122,18,2024,0.9749279121818236,-0.22252093395631434,0.8638670987837349,-0.503719798736334,0.49999999999999994,-0.8660254037844387,5102.499999999999,4872.7,4618.4,3604.7,4979.571428571428,88.81315057062552,4811.009999999999,146.8364991504214
2024-05-02,4968.4,0,3,2,5,2,123,18,2024,0.43388373911755823,-0.900968867902419,0.8550745085896932,-0.518505144391157,0.49999999999999994,-0.8660254037844387,4860.199999999999,4984.1,4718.299999999999,3707.3,4977.328571428572,88.87794466353276,4819.346666666667,148.48188495878046
2024-05-03,5040.2,0,4,3,5,2,124,18,2024,-0.433883739117558,-0.9009688679024191,0.8460288880917339,-0.533137056031809,0.49999999999999994,-0.8660254037844387,4968.4,4987.900000000001,4795.9,3804.099999999999,4984.8,92.05617849984185,4827.49,153.7571155628245
2024-05-04,5107.099999999999,0,5,4,5,2,125,18,2024,-0.9749279121818236,-0.2225209339563146,0.8367329140344921,-0.5476112038402312,0.49999999999999994,-0.8660254037844387,5040.2,5010.1,4860.6,3850.9,4998.657142857142,103.13348724090804,4835.706666666667,161.95533001273225
2024-05-05,4965.099999999999,0,6,5,5,2,126,18,2024,-0.7818314824680299,0.6234898018587334,0.8271893372462497,-0.5619233046832195,0.49999999999999994,-0.8660254037844387,5107.099999999999,4867.1,4900.8,4003.2,5012.657142857142,87.81220221095052,4837.85,163.26665463968487
2024-05-06,5127.2,0,0,6,5,2,127,19,2024,0.0,1.0,0.8174009818249189,-0.5760691233798758,0.49999999999999994,-0.8660254037844387,4965.099999999999,5045.099999999999,4876.700000000002,4109.4,5024.385714285714,97.78420848258226,4846.2,171.5192197936236
2024-05-07,4937.200000000001,0,1,7,5,2,128,19,2024,0.7818314824680298,0.6234898018587336,0.8073707443023492,-0.5900444739548627,0.49999999999999994,-0.8660254037844387,5127.2,5102.499999999999,4644.900000000001,3997.9,5000.771428571427,95.71361300400301,4855.943333333333,167.95502001166565
2024-05-08,4896.400000000001,0,2,8,5,2,129,19,2024,0.9749279121818236,-0.22252093395631434,0.7971015927871943,-0.6038452208771035,0.49999999999999994,-0.8660254037844387,4937.200000000001,4860.199999999999,4711.999999999999,4235.7,5005.942857142857,87.47612735562191,4862.089999999999,165.8667295316024
2024-05-09,4931.4,0,3,9,5,2,130,19,2024,0.43388373911755823,-0.900968867902419,0.7865965660866021,-0.6174672802835514,0.49999999999999994,-0.8660254037844387,4896.400000000001,4968.4,4700.5,4376.4,5000.657142857142,91.16289188665048,4869.786666666666,163.44953609774223
2024-05-10,4894.600000000001,0,4,10,5,2,131,19,2024,-0.433883739117558,-0.9009688679024191,0.7758587728069828,-0.6309066211876704,0.49999999999999994,-0.8660254037844387,4931.4,5040.2,4715.099999999999,4406.099999999999,4979.857142857143,97.05671635941015,4875.77,160.85659741218836
2024-05-11,4745.3,0,5,11,5,2,132,19,2024,-0.9749279121818236,-0.2225209339563146,0.7648913904341226,-0.6441592666722685,0.49999999999999994,-0.8660254037844387,4894.600000000001,5107.099999999999,4644.799999999999,4508.6,4928.171428571429,113.02393130490253,4879.12,156.87784705478344
2024-05-12,4654.3,0,6,12,5,2,133,19,2024,-0.7818314824680299,0.6234898018587334,0.753697664392914,-0.6572212950663319,0.49999999999999994,-0.8660254037844387,4745.3,4965.099999999999,4644.499999999999,4580.9,4883.771428571429,150.82482901570484,4879.446666666667,156.38187066043383
2024-05-13,4770.299999999999,0,0,13,5,2,134,20,2024,0.0,1.0,0.742280907086982,-0.6700888411055113,0.49999999999999994,-0.8660254037844387,4654.3,5127.2,4572.200000000001,4619.200000000001,4832.785714285715,109.47622920937593,4886.05,146.85293546662476
2024-05-14,4841.9,0,1,14,5,2,135,20,2024,0.7818314824680298,0.6234898018587336,0.7306444969184916,-0.6827580970759147,0.49999999999999994,-0.8660254037844387,4770.299999999999,4937.200000000001,4434.999999999999,4433.2,4819.171428571428,99.8278136640876,4899.613333333334,120.11373269364864
2024-05-15,4954.000000000001,0,2,15,5,2,136,20,2024,0.9749279121818236,-0.22252093395631434,0.7187918772884232,-0.6952253139408722,0.49999999999999994,-0.8660254037844387,4841.9,4896.400000000001,4744.4,4595.999999999999,4827.400000000001,109.18949888458079,4906.6,116.82499142170595
2024-05-16,5009.799999999999,0,3,16,5,2,137,20,2024,0.43388373911755823,-0.900968867902419,0.7067265555776158,-0.7074868024503348,0.49999999999999994,-0.8660254037844387,4954.000000000001,4931.4,4854.699999999999,4669.3,4838.6,124.57244211033267,4911.77,117.87618328652674
2024-05-17,5044.1,0,4,17,5,2,138,20,2024,-0.433883739117558,-0.9009688679024191,0.6944521021088763,-0.719538934232584,0.49999999999999994,-0.8660254037844387,5009.799999999999,4894.600000000001,4848.400000000001,4778.2,4859.957142857143,146.63510104044354,4918.293333333334,119.65004988203513
2024-05-18,5080.0,0,5,18,5,2,139,20,2024,-0.9749279121818236,-0.2225209339563146,0.6819721490904629,-0.7313781428679254,0.49999999999999994,-0.8660254037844387,5044.1,4745.3,4902.999999999999,4584.999999999999,4907.771428571429,157.20489511340256,4924.193333333334,123.18177746258738
2024-05-19,4860.0,0,6,19,5,2,140,20,2024,-0.7818314824680299,0.6234898018587334,0.6692903895412567,-0.7430009249440493,0.49999999999999994,-0.8660254037844387,5080.0,4654.3,4859.5,4752.899999999999,4937.157142857142,115.66472895314952,4924.210000000001,123.17275602818194
2024-05-20,4892.2,1,0,20,5,2,141,21,2024,0.0,1.0,0.6564105761979381,-0.7544038410927472,0.49999999999999994,-0.8660254037844387,4860.0,4770.299999999999,4839.200000000001,4787.7,4954.571428571428,93.38719959188478,4925.9766666666665,122.28832713719981
2024-05-21,4924.4,1,1,21,5,2,142,21,2024,0.7818314824680298,0.6234898018587336,0.6433365204044917,-0.765583517007675,0.49999999999999994,-0.8660254037844387,4892.2,4841.9,4673.400000000001,4602.0,4966.357142857143,81.20976659535067,4934.343333333333,112.61562543424321
2024-05-22,4956.6,1,2,22,5,2,143,21,2024,0.9749279121818236,-0.22252093395631434,0.6300720909843687,-0.7765366444428655,0.49999999999999994,-0.8660254037844387,4924.4,4954.000000000001,4820.5,4735.1,4966.728571428571,81.14975280891198,4938.88,110.59458551312214
2024-05-24,5021.0,1,4,24,5,2,145,21,2024,-0.433883739117558,-0.9009688679024191,0.6029878670694714,-0.7977503570459932,0.49999999999999994,-0.8660254037844387,4956.6,5009.799999999999,4836.2,4799.6,4968.328571428572,82.24355525478875,4945.039999999999,109.82208998315186
2024-05-25,5053.200000000001,1,5,25,5,2,146,21,2024,-0.9749279121818236,-0.2225209339563146,0.5891760872322963,-0.8080046647350754,0.49999999999999994,-0.8660254037844387,5021.0,5044.1,4872.7,4588.799999999999,4969.628571428571,83.69989474872393,4951.056666666667,110.66341538981489
2024-05-26,5085.400000000001,1,6,26,5,2,147,21,2024,-0.7818314824680299,0.6234898018587334,0.5751899607119775,-0.8180198708443175,0.49999999999999994,-0.8660254037844387,5053.200000000001,5080.0,4984.1,4448.2,4970.400000000001,84.90292495940136,4954.433333333333,113.22232731352246
2024-05-27,5117.6,0,0,27,5,2,148,22,2024,0.0,1.0,0.5610336262283677,-0.8277930117131022,0.49999999999999994,-0.8660254037844387,5085.400000000001,4860.0,4987.900000000001,4294.2,5007.2,84.9029249593951,4958.756666666667,116.95890431618322
2024-05-28,5255.600000000001,0,1,28,5,2,149,22,2024,0.7818314824680298,0.6234898018587336,0.5467112728685939,-0.8373211953118121,0.49999999999999994,-0.8660254037844387,5117.6,4892.2,5010.1,4296.900000000001,5059.114285714286,110.19902341625954,4966.9400000000005,128.67668545351108
2024-05-29,5402.999999999999,0,2,29,5,2,150,22,2024,0.9749279121818236,-0.22252093395631434,0.5322271388474397,-0.8466016020976267,0.49999999999999994,-0.8660254037844387,5255.600000000001,4924.4,4867.1,4218.700000000001,5127.4857142857145,152.88875507558362,4984.803333333333,149.80220633548703
2024-05-30,5460.7,0,3,30,5,2,151,22,2024,0.43388373911755823,-0.900968867902419,0.5175855102531889,-0.8556314858488706,0.49999999999999994,-0.8660254037844387,5402.999999999999,4956.6,5045.099999999999,4357.2,5199.5,175.96271385340384,4998.656666666666,172.9924090089038
2024-05-31,5409.6,0,4,31,5,2,152,22,2024,-0.433883739117558,-0.9009688679024191,0.5027907197793043,-0.8644081744776648,0.49999999999999994,-0.8660254037844387,5460.7,5021.0,5102.499999999999,4381.9,5255.014285714286,171.50518387274684,5008.8933333333325,187.80144858851642
2024-06-01,5283.299999999999,0,5,1,6,2,153,22,2024,-0.9749279121818236,-0.2225209339563146,0.4878471454423119,-0.8729290708206411,1.2246467991473532e-16,-1.0,5409.6,5053.200000000001,4860.199999999999,4441.2,5287.885714285714,146.6239683517801,5022.996666666668,192.0878327894251
2024-06-02,4967.3,0,6,2,6,2,154,22,2024,-0.7818314824680299,0.6234898018587334,0.47275920928627757,-0.881191653407483,1.2246467991473532e-16,-1.0,5283.299999999999,5085.400000000001,4968.4,4458.299999999999,5271.0142857142855,177.3761298161554,5022.96,192.09871851515155
2024-06-03,5107.2,0,0,3,6,2,155,23,2024,0.0,1.0,0.4575313760742512,-0.8891934772070711,1.2246467991473532e-16,-1.0,4967.3,5117.6,5040.2,4560.7,5269.528571428571,178.91221044860328,5025.193333333334,192.69460728871454
2024-06-04,5201.8,0,1,4,6,2,156,23,2024,0.7818314824680298,0.6234898018587336,0.44216815196707204,-0.8969321743510065,1.2246467991473532e-16,-1.0,5107.2,5255.600000000001,5107.099999999999,4664.0,5261.842857142858,180.75634481384782,5028.35,194.8463068057823
2024-06-05,5114.6,0,2,5,6,2,157,23,2024,0.9749279121818236,-0.22252093395631434,0.42667408318992467,-0.9044054548343001,1.2246467991473532e-16,-1.0,5201.8,5402.999999999999,4965.099999999999,4335.6,5220.642857142857,176.02565018711655,5033.333333333333,195.08450040646878
2024-06-06,4912.6,0,3,6,6,2,158,23,2024,0.43388373911755823,-0.900968867902419,0.4110537546870351,-0.9116111071930239,1.2246467991473532e-16,-1.0,5114.6,5460.7,5127.2,4621.299999999999,5142.342857142858,173.32864599886315,5026.180000000001,195.4580286545125
2024-06-07,5025.0,0,4,7,6,2,159,23,2024,-0.433883739117558,-0.9009688679024191,0.3953117887649151,-0.9185469991587165,1.2246467991473532e-16,-1.0,4912.6,5409.6,4937.200000000001,4715.2,5087.400000000001,130.0441335341882,5029.1066666666675,194.7357518727936
2024-06-08,4987.1,0,5,8,6,2,160,23,2024,-0.9749279121818236,-0.2225209339563146,0.37945284372454435,-0.925211078289358,1.2246467991473532e-16,-1.0,5025.0,5283.299999999999,4896.400000000001,4757.5,5045.085714285714,100.51421837347385,5032.13,193.30319787922753
2024-06-09,4841.700000000001,0,6,9,6,2,161,23,2024,-0.7818314824680299,0.6234898018587334,0.36348161248290634,-0.9316013725767187,1.2246467991473532e-16,-1.0,4987.1,4967.3,4931.4,4861.0,5027.142857142857,124.95342941993334,5029.14,195.5951582504676
2024-06-10,5019.8,0,0,10,6,2,162,24,2024,0.0,1.0,0.3474028211842774,-0.9377159910299093,1.2246467991473532e-16,-1.0,4841.700000000001,5107.2,4894.600000000001,4912.799999999999,5014.657142857143,119.88444237599226,5033.3133333333335,193.95433471313282
2024-06-11,5135.099999999999,0,1,11,6,2,163,24,2024,0.7818314824680298,0.6234898018587336,0.3312212278016865,-0.9435531242349544,1.2246467991473532e-16,-1.0,5019.8,5201.8,4745.3,4848.499999999999,5005.128571428571,104.14905527309907,5046.306666666666,186.9237608433101
2024-06-12,5155.0,0,2,12,6,2,164,24,2024,0.9749279121818236,-0.22252093395631434,0.31494162072895193,-0.9491110448902284,1.2246467991473532e-16,-1.0,5135.099999999999,5114.6,4654.3,4615.000000000001,5010.900000000001,112.04644870168725,5062.996666666667,172.51312890232148
2024-06-13,5182.700000000001,0,3,13,6,2,165,24,2024,0.43388373911755823,-0.900968867902419,0.2985688173637202,-0.9543881083175908,1.2246467991473532e-16,-1.0,5155.0,4912.6,4770.299999999999,4816.9,5049.4857142857145,118.85340310047343,5076.743333333334,164.63659391964478
2024-06-14,5219.3,0,4,14,6,2,166,24,2024,-0.433883739117558,-0.9009688679024191,0.2821076626819194,-0.9593827529490743,1.2246467991473532e-16,-1.0,5182.700000000001,5025.0,4841.9,4914.7,5077.242857142856,133.91596689890153,5089.323333333334,160.43844599725367
2024-06-15,5246.599999999999,0,5,15,6,2,167,24,2024,-0.9749279121818236,-0.2225209339563146,0.26556302780405594,-0.9640935007889755,1.2246467991473532e-16,-1.0,5219.3,4987.1,4954.000000000001,4851.500000000001,5114.314285714287,140.55662475278535,5099.076666666666,160.8216053492723
2024-06-16,5138.700000000001,0,6,16,6,2,168,24,2024,-0.7818314824680299,0.6234898018587334,0.24893980855376657,-0.9685189578512204,1.2246467991473532e-16,-1.0,5246.599999999999,4841.700000000001,5009.799999999999,4789.799999999999,5156.742857142858,73.2709778184086,5103.373333333334,160.0743274196122
2024-06-17,5303.1,0,0,17,6,2,169,25,2024,0.0,1.0,0.23224292400907015,-0.9726578145718654,1.2246467991473532e-16,-1.0,5138.700000000001,5019.8,5044.1,4843.5,5197.214285714285,62.46776311474553,5112.006666666666,163.71035173243752
2024-06-18,5309.9,0,1,18,6,2,170,25,2024,0.7818314824680298,0.6234898018587336,0.21547731504673012,-0.976508846196619,1.2246467991473532e-16,-1.0,5303.1,5135.099999999999,5080.0,4850.7,5222.185714285714,68.176497137156,5119.67,167.4974876805646
2024-06-19,5233.4,0,2,19,6,2,171,25,2024,0.9749279121818236,-0.22252093395631434,0.19864794288017112,-0.9800709131432666,1.2246467991473532e-16,-1.0,5309.9,5155.0,4860.0,4607.1,5233.385714285714,61.402997444959404,5132.116666666667,161.29489609326635
2024-06-20,5041.2,0,3,20,6,2,172,25,2024,0.43388373911755823,-0.900968867902419,0.18175978759137534,-0.9833429613388902,1.2246467991473532e-16,-1.0,5233.4,5182.700000000001,4892.2,4722.3,5213.171428571428,94.98065968540028,5137.083333333333,155.854824321733
2024-06-21,5071.7,0,4,21,6,2,173,25,2024,-0.433883739117558,-0.9009688679024191,0.16481784665719793,-0.9863240225317866,1.2246467991473532e-16,-1.0,5041.2,5219.3,4924.4,4789.6,5192.085714285714,108.77523352565171,5141.993333333333,151.17341020832131
2024-06-22,5065.000000000001,0,5,22,6,2,174,25,2024,-0.9749279121818236,-0.2225209339563146,0.14782713347053048,-0.9890132145779883,1.2246467991473532e-16,-1.0,5071.7,5246.599999999999,4956.6,4834.599999999999,5166.142857142857,115.07972391838678,5145.6066666666675,147.84826782495952
2024-06-23,4925.4,0,6,23,6,2,175,25,2024,-0.7818314824680299,0.6234898018587334,0.13079267585675922,-0.9914097417023038,1.2246467991473532e-16,-1.0,5065.000000000001,5138.700000000001,5021.0,4866.0,5135.671428571428,147.28912286477828,5142.42,151.6090375797316
2024-06-24,5086.699999999999,0,0,24,6,2,176,26,2024,0.0,1.0,0.11371951458594969,-0.9935128947338007,1.2246467991473532e-16,-1.0,4925.4,5303.1,5053.200000000001,4888.7,5104.757142857142,127.69790989075327,5143.536666666667,151.0515794146773
2024-06-25,5179.799999999999,0,1,25,6,2,177,26,2024,0.7818314824680298,0.6234898018587336,0.0966127018812031,-0.9953220513156602,1.2246467991473532e-16,-1.0,5086.699999999999,5309.9,5085.400000000001,4756.600000000001,5086.171428571428,99.1382656408558,5146.683333333333,150.7817470049855
2024-06-26,5114.5,0,2,26,6,2,178,26,2024,0.9749279121818236,-0.22252093395631434,0.07947729992362097,-0.9968366760893436,1.2246467991473532e-16,-1.0,5179.799999999999,5233.4,5117.6,4272.0,5069.185714285713,77.5424921912476,5146.58,150.80342628501762
2024-06-27,4943.8,0,3,27,6,2,179,26,2024,0.43388373911755823,-0.900968867902419,0.062318379354325076,-0.998056320853012,1.2246467991473532e-16,-1.0,5114.5,5041.2,5255.600000000001,4320.099999999999,5055.271428571429,90.97632868468746,5136.1866666666665,153.7465732353069
2024-06-28,4915.0,0,4,28,6,2,180,26,2024,-0.433883739117558,-0.9009688679024191,0.04514101777397193,-0.9989806246941579,1.2246467991473532e-16,-1.0,4943.8,5071.7,5402.999999999999,4403.500000000001,5032.885714285714,104.52949230670346,5119.92,150.3213004843318
2024-06-29,4882.3,0,5,29,6,2,181,26,2024,-0.9749279121818236,-0.2225209339563146,0.02795029824021032,-0.999609314096404,1.2246467991473532e-16,-1.0,4915.0,5065.000000000001,5460.7,4392.699999999999,5006.785714285715,117.2140126516354,5100.64,141.96636464193062
2024-06-30,4616.9,0,6,30,6,2,182,26,2024,-0.7818314824680299,0.6234898018587334,0.01075130776352193,-0.9999422030204416,1.2246467991473532e-16,-1.0,4882.3,4925.4,5409.6,4356.500000000001,4962.714285714285,188.9558804639294,5074.216666666666,155.59467033536873
2024-07-01,4674.1,0,0,1,7,3,183,27,2024,0.0,1.0,-0.00645086419810515,-0.9999791929590823,-0.4999999999999997,-0.8660254037844388,4616.9,5086.699999999999,5283.299999999999,4310.9,4903.771428571429,207.29683800679254,5053.91,166.7217408200246
2024-07-02,4697.799999999999,0,1,2,7,3,184,27,2024,0.7818314824680298,0.6234898018587336,-0.023651127245231586,-0.9997202729664083,-0.4999999999999997,-0.8660254037844388,4674.1,5179.799999999999,4967.3,4399.4,4834.914285714285,178.36067792136373,5044.926666666666,178.40094891760853
2024-07-03,4706.499999999999,0,2,3,7,3,185,27,2024,0.9749279121818236,-0.22252093395631434,-0.04084439154329611,-0.9991655196610109,-0.4999999999999997,-0.8660254037844388,4697.799999999999,5114.5,5107.2,4358.1,4776.6285714285705,132.5497857949383,5031.569999999999,188.3030099380111
2024-07-04,4655.0,0,3,4,7,3,186,27,2024,0.43388373911755823,-0.900968867902419,-0.05802556932878035,-0.9983150972033183,-0.4999999999999997,-0.8660254037844388,4706.499999999999,4943.8,5201.8,4599.3,4735.371428571429,115.72152946168468,5013.343333333333,197.4966655036182
2024-07-05,4691.6,0,4,5,7,3,187,27,2024,-0.433883739117558,-0.9009688679024191,-0.07518957641475855,-0.9971692572470178,-0.4999999999999997,-0.8660254037844388,4655.0,4915.0,5114.6,4686.5,4703.457142857143,84.5268173844415,4999.243333333333,204.97641695018902
2024-07-06,4504.0,0,5,6,7,3,188,27,2024,-0.9749279121818236,-0.2225209339563146,-0.09233133369539122,-0.9957283388645872,-0.4999999999999997,-0.8660254037844388,4691.6,4882.3,4912.6,4546.6,4649.414285714285,70.97261041114739,4985.623333333333,223.65601464089474
2024-07-07,4410.3,0,6,7,7,3,189,27,2024,-0.7818314824680299,0.6234898018587334,-0.10944576864891556,-0.993992768446958,-0.4999999999999997,-0.8660254037844388,4504.0,4616.9,5025.0,4387.2,4619.900000000001,115.64563689709641,4965.133333333333,246.87631879465457
2024-07-08,4724.7,0,0,8,7,3,190,28,2024,0.0,1.0,-0.12652781683868314,-0.9919630595773397,-0.4999999999999997,-0.8660254037844388,4410.3,4674.1,4987.1,4403.799999999999,4627.128571428571,121.05309736208301,4956.386666666667,250.69008994252852
2024-07-09,4876.599999999999,0,1,9,7,3,191,28,2024,0.7818314824680298,0.6234898018587336,-0.1435724234118113,-0.9896398128792412,-0.4999999999999997,-0.8660254037844388,4724.7,4697.799999999999,4841.700000000001,4235.7,4652.671428571428,153.07819041572648,4957.55,250.22006831227114
2024-07-10,4961.799999999999,0,2,10,7,3,192,28,2024,0.9749279121818236,-0.22252093395631434,-0.16057454459499376,-0.9870237158387383,-0.4999999999999997,-0.8660254037844388,4876.599999999999,4706.499999999999,5019.8,4034.1,4689.142857142857,193.19653082757415,4955.616666666667,249.94642609873614
2024-07-11,5043.7,0,3,11,7,3,193,28,2024,0.43388373911755823,-0.900968867902419,-0.17752914918703497,-0.984115542601034,-0.4999999999999997,-0.8660254037844388,4961.799999999999,4655.0,5135.099999999999,4274.3,4744.671428571428,233.42039124210686,4952.570000000001,248.23440000293743
2024-07-12,4928.099999999999,0,4,12,7,3,194,28,2024,-0.433883739117558,-0.9009688679024191,-0.19443122004766195,-0.9809161537413774,-0.4999999999999997,-0.8660254037844388,5043.7,4691.6,5155.0,4359.099999999999,4778.457142857143,241.4365400206468,4945.006666666667,245.29320658223105
2024-07-13,4835.400000000001,0,5,13,7,3,195,28,2024,-0.9749279121818236,-0.2225209339563146,-0.2112757555821793,-0.9774264960104055,-0.4999999999999997,-0.8660254037844388,4928.099999999999,4504.0,5182.700000000001,4495.0,4825.8,208.95611979551515,4933.429999999999,241.85981141831138
2024-07-14,4744.5,0,6,14,7,3,196,28,2024,-0.7818314824680299,0.6234898018587334,-0.2280577712215198,-0.9736476020539838,-0.4999999999999997,-0.8660254037844388,4835.400000000001,4410.3,5219.3,4581.8,4873.5428571428565,115.46264702118927,4917.6033333333335,238.01240692570113
2024-07-15,4880.3,0,0,15,7,3,197,29,2024,0.0,1.0,-0.24477230089725957,-0.9695805901076308,-0.4999999999999997,-0.8660254037844388,4744.5,4724.7,5246.599999999999,4616.3,4895.771428571429,95.23867761724857,4905.3933333333325,229.80707640933724
2024-07-16,4975.7,0,1,16,7,3,198,29,2024,0.7818314824680298,0.6234898018587336,-0.2614143985111562,-0.965226663665613,-0.4999999999999997,-0.8660254037844388,4880.3,4876.599999999999,5138.700000000001,4596.4,4909.928571428572,99.19718938028761,4899.96,225.9960994475527
2024-07-17,4979.0,0,2,17,7,3,199,29,2024,0.9749279121818236,-0.22252093395631434,-0.2779791393987801,-0.9605871111248129,-0.4999999999999997,-0.8660254037844388,4975.7,4961.799999999999,5303.1,4388.700000000001,4912.385714285714,100.89470466068906,4889.156666666667,213.45894975352044
2024-07-18,5017.1,0,3,18,7,3,200,29,2024,0.43388373911755823,-0.900968867902419,-0.2944616217868012,-0.9556633054034704,-0.4999999999999997,-0.8660254037844388,4979.0,5043.7,5309.9,4594.799999999999,4908.585714285714,95.48037195448997,4879.3966666666665,199.81575907496287
2024-07-19,4970.5,0,4,19,7,3,201,29,2024,-0.433883739117558,-0.9009688679024191,-0.3108569682435036,-0.9504567035349151,-0.4999999999999997,-0.8660254037844388,5017.1,4928.099999999999,5233.4,4610.2,4914.642857142857,98.22996584786353,4870.633333333333,189.23998326030056
2024-07-20,4946.000000000001,0,5,20,7,3,202,29,2024,-0.9749279121818236,-0.2225209339563146,-0.3271603271220951,-0.9449688462364056,-0.4999999999999997,-0.8660254037844388,4970.5,4835.400000000001,5041.2,4570.3,4930.442857142858,92.06077443988963,4867.460000000001,187.06687094963556
2024-07-21,4975.7,0,6,21,7,3,203,29,2024,-0.7818314824680299,0.6234898018587334,-0.34336687399638804,-0.939201357453208,-0.4999999999999997,-0.8660254037844388,4946.000000000001,4744.5,5071.7,4643.299999999999,4963.471428571429,42.20658377885226,4864.259999999999,184.25255643196707
2024-07-22,4931.900000000001,0,0,22,7,3,204,30,2024,0.0,1.0,-0.3594718130884232,-0.9331559438780432,-0.4999999999999997,-0.8660254037844388,4975.7,4880.3,5065.000000000001,4701.7,4970.842857142858,27.040947785503267,4859.823333333334,180.82275887295788
2024-07-23,4943.0,0,1,23,7,3,205,30,2024,0.7818314824680298,0.6234898018587336,-0.3754703786876202,-0.9268343944460494,-0.4999999999999997,-0.8660254037844388,4931.900000000001,4975.7,4925.4,4560.1,4966.171428571429,28.827516616615355,4860.410000000001,181.07123450594887
2024-07-24,4859.7,0,2,24,7,3,206,30,2024,0.9749279121818236,-0.22252093395631434,-0.3913578365610259,-0.9202385798054075,-0.4999999999999997,-0.8660254037844388,4943.0,4979.0,5086.699999999999,4444.099999999999,4949.128571428571,48.51895554950454,4852.843333333333,175.95970087870825
2024-07-25,4835.0,0,3,25,7,3,207,30,2024,0.43388373911755823,-0.900968867902419,-0.4071294853542516,-0.9133704517637858,-0.4999999999999997,-0.8660254037844388,4859.7,5017.1,5179.799999999999,4647.2,4923.114285714286,54.455713767251645,4841.35,164.77230841582843
2024-07-26,4854.299999999999,0,4,26,7,3,208,30,2024,-0.433883739117558,-0.9009688679024191,-0.4227806579826773,-0.9062320427107697,-0.4999999999999997,-0.8660254037844388,4835.0,4970.5,5114.5,4598.400000000001,4906.5142857142855,55.30766759893619,4832.676666666667,156.54100197341862
2024-07-27,4857.6,0,5,27,7,3,209,30,2024,-0.9749279121818236,-0.2225209339563146,-0.4383067230125192,-0.898825465016444,-0.4999999999999997,-0.8660254037844388,4854.299999999999,4946.000000000001,4943.8,4462.7,4893.885714285714,54.879790711772166,4829.803333333332,155.21648615628413
2024-07-28,4788.599999999999,0,6,28,7,3,210,30,2024,-0.7818314824680299,0.6234898018587334,-0.45370308603134424,-0.8911529104063088,-0.4999999999999997,-0.8660254037844388,4857.6,4975.7,4915.0,4459.500000000001,4867.157142857142,53.946481415748956,4825.589999999999,154.53816033585795
2024-07-29,5016.099999999999,0,0,29,7,3,211,31,2024,0.0,1.0,-0.46896519100763184,-0.8832166493127127,-0.4999999999999997,-0.8660254037844388,4788.599999999999,4931.900000000001,4882.3,4451.2,4879.185714285713,75.76374305630274,4830.05,158.12048385261284
2024-07-30,5109.899999999999,0,1,30,7,3,212,31,2024,0.7818314824680298,0.6234898018587336,-0.48408852163897587,-0.8750190302029955,-0.4999999999999997,-0.8660254037844388,5016.099999999999,4943.0,4616.9,4335.1,4903.028571428571,115.19426655704424,4846.483333333334,160.79994013406088
2024-07-31,5024.099999999999,0,2,31,7,3,213,31,2024,0.9749279121818236,-0.22252093395631434,-0.4990686026885319,-0.8665624788845385,-0.4999999999999997,-0.8660254037844388,5109.899999999999,4859.7,4674.1,4342.3,4926.5142857142855,121.47577849884644,4858.15,160.5583291796366
2024-08-01,4657.400000000001,0,3,1,8,3,214,31,2024,0.43388373911755823,-0.900968867902419,-0.5139010013093103,-0.8578494977869301,-0.8660254037844384,-0.5000000000000004,5024.099999999999,4835.0,4697.799999999999,4627.400000000001,4901.142857142857,157.09861931434165,4856.803333333333,162.11153776999322
2024-08-02,4584.8,0,4,2,8,3,215,31,2024,-0.433883739117558,-0.9009688679024191,-0.5285813283559292,-0.8488826652214553,-0.8660254037844384,-0.5000000000000004,4657.400000000001,4854.299999999999,4706.499999999999,4700.0,4862.642857142857,198.15089247962726,4852.746666666667,167.43762551103217
2024-08-03,4518.4,0,5,3,8,3,216,31,2024,-0.9749279121818236,-0.2225209339563146,-0.5431052396834317,-0.8396646346181327,-0.8660254037844384,-0.5000000000000004,4584.8,4857.6,4655.0,4607.2,4814.185714285713,237.21428729154403,4848.193333333334,174.70046865168257
2024-08-04,4418.8,0,6,4,8,3,217,31,2024,-0.7818314824680299,0.6234898018587334,-0.5574684374327892,-0.8301981337405212,-0.8660254037844384,-0.5000000000000004,4518.4,4788.599999999999,4691.6,4606.500000000001,4761.357142857143,280.99909167790395,4839.1,189.59701910938256
2024-08-05,4667.400000000001,0,0,5,8,3,218,32,2024,0.0,1.0,-0.5716666713027052,-0.8204859638785327,-0.8660254037844384,-0.5000000000000004,4418.8,5016.099999999999,4504.0,4658.4,4711.542857142857,258.3043157281883,4844.546666666666,181.82624850023515
2024-08-06,4745.299999999999,0,1,6,8,3,219,32,2024,0.7818314824680298,0.6234898018587336,-0.5856957398073508,-0.8105309990194823,-0.8660254037844384,-0.5000000000000004,4667.400000000001,5109.899999999999,4410.3,4674.9,4659.457142857143,193.12664115499018,4855.713333333333,163.61241571073901
2024-08-07,4609.900000000001,0,2,7,8,3,220,32,2024,0.9749279121818236,-0.22252093395631434,-0.5995514915196489,-0.8003361849976323,-0.8660254037844384,-0.5000000000000004,4745.299999999999,5024.099999999999,4724.7,4533.500000000001,4600.285714285715,107.05924261160763,4851.886666666667,168.06423799233752
2024-08-08,4348.3,0,3,8,8,3,221,32,2024,0.43388373911755823,-0.900968867902419,-0.6132298262997502,-0.7899045386224707,-0.8660254037844384,-0.5000000000000004,4609.900000000001,4657.400000000001,4876.599999999999,4687.3,4556.128571428571,138.6577767296854,4834.276666666667,191.43806720374033
2024-08-09,4717.3,0,4,9,8,3,222,32,2024,-0.433883739117558,-0.9009688679024191,-0.6267266965083301,-0.7792391467859886,-0.8660254037844384,-0.5000000000000004,4348.3,4584.8,4961.799999999999,4814.400000000001,4575.057142857143,151.6586172641573,4826.126666666667,191.02591796226125
2024-08-10,4688.3,0,5,10,8,3,223,32,2024,-0.9749279121818236,-0.2225209339563146,-0.6400381082043503,-0.7683431655492202,-0.8660254037844384,-0.5000000000000004,4717.3,4518.4,5043.7,4862.2,4599.328571428572,154.6459474012127,4814.28,188.06490699056707
2024-08-11,4415.5,0,6,11,8,3,224,32,2024,-0.7818314824680299,0.6234898018587334,-0.65316012232693,-0.7572198192083127,-0.8660254037844384,-0.5000000000000004,4688.3,4418.8,4928.099999999999,4906.9,4598.857142857143,155.29168100859684,4797.193333333333,200.25808681130664
2024-08-12,4603.000000000001,0,0,12,8,3,225,33,2024,0.0,1.0,-0.666088855860977,-0.7458723993404063,-0.8660254037844384,-0.5000000000000004,4415.5,4667.400000000001,4835.400000000001,4978.2,4589.657142857143,152.43555859381775,4789.446666666667,203.202524647161
2024-08-13,4770.500000000001,0,1,13,8,3,226,33,2024,0.7818314824680298,0.6234898018587336,-0.6788204829862355,-0.734304263829602,-0.8660254037844384,-0.5000000000000004,4603.000000000001,4745.299999999999,4744.5,5001.200000000001,4593.257142857144,156.9545141874208,4790.3133333333335,203.05961029541274
2024-08-14,4867.4,0,2,14,8,3,227,33,2024,0.9749279121818236,-0.22252093395631434,-0.6913512362094071,-0.722518835873311,-0.8660254037844384,-0.5000000000000004,4770.500000000001,4609.900000000001,4880.3,4896.1,4630.042857142857,188.50876069069577,4789.883333333333,202.87605878929287
2024-08-15,4600.799999999999,0,3,15,8,3,228,33,2024,0.43388373911755823,-0.900968867902419,-0.7036774074790128,-0.7105196029692745,-0.8660254037844384,-0.5000000000000004,4867.4,4348.3,4975.7,4959.9,4666.114285714286,144.67284274724844,4777.386666666667,202.58177017981424
2024-08-16,4800.6,0,4,16,8,3,229,33,2024,-0.433883739117558,-0.9009688679024191,-0.7157953492826642,-0.6983101158835584,-0.8660254037844384,-0.5000000000000004,4600.799999999999,4717.3,4979.0,4827.8,4678.0142857142855,152.78336982550343,4771.4400000000005,199.04702892565277
2024-08-17,4856.5,0,5,17,8,3,230,33,2024,-0.9749279121818236,-0.2225209339563146,-0.7277014757264236,-0.6858939875998223,-0.8660254037844384,-0.5000000000000004,4800.6,4688.3,5017.1,5031.1,4702.042857142857,167.2155779938208,4766.086666666667,194.3156421433976
2024-08-18,4691.7,0,6,18,8,3,231,33,2024,-0.7818314824680299,0.6234898018587334,-0.7393922635959241,-0.673274892250183,-0.8660254037844384,-0.5000000000000004,4856.5,4415.5,4970.5,5122.4,4741.5,111.70526696026484,4756.793333333333,190.83808615270863
2024-08-19,4677.5,0,0,19,8,3,232,34,2024,0.0,1.0,-0.7508642533989489,-0.6604565640279754,-0.8660254037844384,-0.5000000000000004,4691.7,4603.000000000001,4946.000000000001,5098.7,4752.142857142857,99.15413686347178,4747.843333333333,187.93260656199965
2024-08-20,4673.4,0,1,20,8,3,233,34,2024,0.7818314824680298,0.6234898018587336,-0.7621140503891487,-0.6474427960827475,-0.8660254037844384,-0.5000000000000004,4677.5,4770.500000000001,4975.7,4960.399999999999,4738.271428571429,102.8800225875583,4737.766666666666,183.3423636229299
2024-08-21,4827.900000000001,0,2,21,8,3,234,34,2024,0.9749279121818236,-0.22252093395631434,-0.7731383255706026,-0.6342374393978054,-0.8660254037844384,-0.5000000000000004,4673.4,4867.4,4931.900000000001,4824.5,4732.628571428571,95.43059806800242,4734.3,180.50637394417646
2024-08-22,4867.4,0,3,22,8,3,235,34,2024,0.43388373911755823,-0.900968867902419,-0.7839338166829201,-0.620844401650647,-0.8660254037844384,-0.5000000000000004,4827.900000000001,4600.799999999999,4943.0,4966.9,4770.714285714285,86.86474982351389,4731.78,178.0026528279431
2024-08-23,4807.400000000001,0,4,23,8,3,236,34,2024,-0.433883739117558,-0.9009688679024191,-0.7944973291665992,-0.6072676460566135,-0.8660254037844384,-0.5000000000000004,4867.4,4800.6,4859.7,5031.700000000001,4771.685714285714,87.29164581200375,4730.036666666667,176.9596748986109
2024-08-24,4710.9,0,5,24,8,3,237,34,2024,-0.9749279121818236,-0.2225209339563146,-0.8048257371083452,-0.593511190196115,-0.8660254037844384,-0.5000000000000004,4807.400000000001,4856.5,4835.0,4898.799999999999,4750.885714285714,80.82073637729755,4725.9,175.86854612816242
2024-08-25,4465.3,0,6,25,8,3,238,34,2024,-0.7818314824680299,0.6234898018587334,-0.8149159841660791,-0.5795791048257612,-0.8660254037844384,-0.5000000000000004,4710.9,4691.7,4854.299999999999,4902.5,4718.542857142857,135.35495135805164,4712.933333333333,180.3583011164209
2024-08-26,4570.4,0,0,26,8,3,239,35,2024,0.0,1.0,-0.8247650844733614,-0.5654755126737576,-0.8660254037844384,-0.5000000000000004,4465.3,4677.5,4857.6,4939.999999999999,4703.242857142856,146.37220657331358,4703.360000000001,180.03660853777927
2024-08-27,4493.799999999999,0,1,27,8,3,240,35,2024,0.7818314824680298,0.6234898018587336,-0.8343701235229537,-0.5512045872199277,-0.8660254037844384,-0.5000000000000004,4570.4,4673.4,4788.599999999999,4938.900000000001,4677.585714285714,166.79160079343467,4693.533333333334,183.24045505239468
2024-08-28,4575.5,0,2,28,8,3,241,35,2024,0.9749279121818236,-0.22252093395631434,-0.8437282590292712,-0.5367705514607103,-0.8660254037844384,-0.5000000000000004,4493.799999999999,4827.900000000001,5016.099999999999,4872.700000000001,4641.528571428572,155.80057460618676,4678.846666666666,173.9150143888612
2024-08-29,4537.4,0,3,29,8,3,242,35,2024,0.43388373911755823,-0.900968867902419,-0.8528367217694595,-0.522177676659508,-0.8660254037844384,-0.5000000000000004,4575.5,4867.4,5109.899999999999,5050.099999999999,4594.385714285714,122.41366248056005,4659.763333333333,155.41063622084448
2024-08-30,4631.3,0,4,30,8,3,243,35,2024,-0.433883739117558,-0.9009688679024191,-0.8616928164028521,-0.5074302810827518,-0.8660254037844384,-0.5000000000000004,4537.4,4807.400000000001,5024.099999999999,5109.7,4569.228571428571,83.13446365749371,4646.67,139.37637001025115
2024-08-31,4657.5,0,5,31,8,3,244,35,2024,-0.9749279121818236,-0.2225209339563146,-0.8702939222685674,-0.49253272872205434,-0.8660254037844384,-0.5000000000000004,4631.3,4710.9,4657.400000000001,5073.1,4561.599999999999,69.26004138992094,4646.673333333334,139.3766366740415
2024-09-01,4437.8,0,6,1,9,3,245,35,2024,-0.7818314824680299,0.6234898018587334,-0.8786374941610001,-0.4774894280028391,-1.0,-1.8369701987210297e-16,4657.5,4465.3,4584.8,5125.3,4557.671428571429,76.07719137572924,4641.7733333333335,144.12985269115728
2024-09-02,4629.1,0,0,2,9,3,246,36,2024,0.0,1.0,-0.886721063082993,-0.46230483047981086,-1.0,-1.8369701987210297e-16,4437.8,4570.4,4518.4,5219.200000000001,4566.057142857143,80.80245163654602,4645.463333333333,142.2673745121058
2024-09-03,4663.6,0,1,3,9,3,247,36,2024,0.7818314824680298,0.6234898018587336,-0.8945422369764496,-0.4469834295196741,-1.0,-1.8369701987210297e-16,4629.1,4493.799999999999,4418.8,5224.300000000001,4590.314285714286,80.98237315554884,4653.623333333334,135.6866666468748
2024-09-04,4546.0,0,2,4,9,3,248,36,2024,0.9749279121818236,-0.22252093395631434,-0.9020987014301837,-0.43152975897147144,-1.0,-1.8369701987210297e-16,4663.6,4575.5,4667.400000000001,5025.900000000001,4586.1,82.63256016849448,4649.576666666667,137.06492215388477
2024-09-05,4576.199999999999,0,3,5,9,3,249,36,2024,0.43388373911755823,-0.900968867902419,-0.9093882203647925,-0.4159483918249421,-1.0,-1.8369701987210297e-16,4546.0,4537.4,4745.299999999999,5029.3,4591.642857142857,80.08339106087664,4643.94,136.4683886599433
2024-09-06,4639.4,0,4,6,9,3,250,36,2024,-0.433883739117558,-0.9009688679024191,-0.9164086366943458,-0.4002439388573056,-1.0,-1.8369701987210297e-16,4576.199999999999,4631.3,4609.900000000001,4999.899999999999,4592.8,80.80715727376146,4644.923333333333,136.32085549787024
2024-09-07,4565.199999999999,0,5,7,9,3,251,36,2024,-0.9749279121818236,-0.2225209339563146,-0.9231578729647039,-0.38442104726885545,-1.0,-1.8369701987210297e-16,4639.4,4657.5,4348.3,4925.400000000001,4579.614285714285,75.86985410493881,4652.153333333334,125.35743580911628
2024-09-08,4436.200000000001,0,6,8,9,3,252,36,2024,-0.7818314824680299,0.6234898018587334,-0.9296339319682695,-0.3684843993077793,-1.0,-1.8369701987210297e-16,4565.199999999999,4437.8,4717.3,4769.800000000001,4579.385714285714,76.36906940577884,4642.783333333334,130.71131149987002
2024-09-09,4677.0,0,0,9,9,3,253,37,2024,0.0,1.0,-0.9358348973349941,-0.35243871088460327,-1.0,-1.8369701987210297e-16,4436.200000000001,4629.1,4688.3,4681.000000000001,4586.228571428571,83.38932214389844,4642.406666666667,130.59185149983125
2024-09-10,4713.400000000001,0,1,10,9,3,254,37,2024,0.7818314824680298,0.6234898018587336,-0.9417589340994617,-0.33628873017668287,-1.0,-1.8369701987210297e-16,4677.0,4663.6,4415.5,4638.4,4593.342857142857,92.69539465623922,4652.336666666667,123.8976203699101
2024-09-11,4663.999999999999,0,2,11,9,3,255,37,2024,0.9749279121818236,-0.22252093395631434,-0.9474042892438845,-0.32003923622313857,-1.0,-1.8369701987210297e-16,4713.400000000001,4546.0,4603.000000000001,4490.3,4610.2,93.37787032625134,4654.37,123.56010445846236
2024-09-12,4622.700000000001,0,3,12,9,3,256,37,2024,0.43388373911755823,-0.900968867902419,-0.9527692922168511,-0.30369503751065885,-1.0,-1.8369701987210297e-16,4663.999999999999,4576.199999999999,4770.500000000001,4720.299999999999,4616.842857142858,92.20260041782436,4649.443333333333,121.70265257450717
2024-09-13,4638.9,0,4,13,9,3,257,37,2024,-0.433883739117558,-0.9009688679024191,-0.9578523554276669,-0.28726097055059635,-1.0,-1.8369701987210297e-16,4622.700000000001,4639.4,4867.4,4856.300000000001,4616.771428571428,92.18240458072883,4641.826666666667,114.53055286788302
2024-09-14,4618.000000000001,0,5,14,9,3,258,37,2024,-0.9749279121818236,-0.2225209339563146,-0.9626519747161487,-0.2707418984477642,-1.0,-1.8369701987210297e-16,4638.9,4565.199999999999,4600.799999999999,4924.7,4624.314285714287,89.37673874432191,4642.4,114.36101940177757
2024-09-15,4509.0,0,6,15,9,3,259,37,2024,-0.7818314824680299,0.6234898018587334,-0.9671667297977312,-0.2541427094613622,-1.0,-1.8369701987210297e-16,4618.000000000001,4436.200000000001,4800.6,4928.9,4634.714285714285,64.6561270252405,4632.679999999999,112.83323183747613
2024-09-16,4680.7,0,0,16,9,3,260,38,2024,0.0,1.0,-0.97139528468375,-0.23746831555846842,-1.0,-1.8369701987210297e-16,4509.0,4677.0,4856.5,4795.5,4635.242857142857,65.07321151704534,4626.819999999999,105.10899892571294
2024-09-17,4674.4,0,1,17,9,3,261,38,2024,0.7818314824680298,0.6234898018587336,-0.9753363880767837,-0.2207236509605022,-1.0,-1.8369701987210297e-16,4680.7,4713.400000000001,4691.7,4654.2,4629.671428571429,58.61540509358469,4626.243333333333,104.78773514479032
2024-09-18,4745.099999999999,0,2,18,9,3,262,38,2024,0.9749279121818236,-0.22252093395631434,-0.9789888737409319,-0.20391367068311472,-1.0,-1.8369701987210297e-16,4674.4,4663.999999999999,4677.5,4284.2,4641.257142857143,72.82432874487769,4628.496666666667,106.6384399972663
2024-09-19,4894.7,0,3,19,9,3,263,38,2024,0.43388373911755823,-0.900968867902419,-0.9823516608469237,-0.18704334906991657,-1.0,-1.8369701987210297e-16,4745.099999999999,4622.700000000001,4673.4,4365.999999999999,4680.114285714286,119.12183439055218,4635.873333333334,117.00226915961412
2024-09-20,5051.500000000001,0,4,20,9,3,264,38,2024,-0.433883739117558,-0.9009688679024191,-0.9854237542919524,-0.17011767832049052,-1.0,-1.8369701987210297e-16,4894.7,4638.9,4827.900000000001,4453.4,4739.057142857143,181.2222287427079,4643.326666666666,135.3413460625244
2024-09-21,5053.2,0,5,21,9,3,265,38,2024,-0.9749279121818236,-0.2225209339563146,-0.9882042449941422,-0.15314166701312007,-1.0,-1.8369701987210297e-16,5051.500000000001,4618.000000000001,4867.4,4611.599999999999,4801.228571428571,205.75992251719765,4649.5199999999995,149.46314134489015
2024-09-22,4924.4,0,6,22,9,3,266,38,2024,-0.7818314824680299,0.6234898018587334,-0.9906923101615609,-0.13612033862266704,-1.0,-1.8369701987210297e-16,5053.2,4509.0,4807.400000000001,4636.300000000001,4860.571428571428,162.86267952158096,4653.42,155.14334950794583
2024-09-23,5102.299999999999,0,0,23,9,3,267,39,2024,0.0,1.0,-0.9928872135356962,-0.11905873003404988,-1.0,-1.8369701987210297e-16,4924.4,4680.7,4710.9,4556.0,4920.8,163.21362279743332,4666.466666666666,175.29257775526244
2024-09-24,5100.400000000001,0,1,24,9,3,268,39,2024,0.7818314824680298,0.6234898018587336,-0.994788305609327,-0.10196189005174576,-1.0,-1.8369701987210297e-16,5102.299999999999,4674.4,4465.3,4403.199999999999,4981.657142857142,132.57084718672175,4687.636666666666,188.04641665313534
2024-09-25,4969.500000000001,0,2,25,9,3,269,39,2024,0.9749279121818236,-0.22252093395631434,-0.9963950238187231,-0.08483487790576538,-1.0,-1.8369701987210297e-16,5100.400000000001,4745.099999999999,4570.4,4198.1,5013.714285714285,84.1081333476931,4700.94,193.50446239172305
2024-09-26,4744.7,0,3,26,9,3,270,39,2024,0.43388373911755823,-0.900968867902419,-0.9977068927101168,-0.06768276175455162,-1.0,-1.8369701987210297e-16,4969.500000000001,4894.7,4493.799999999999,4351.7,4992.285714285715,127.43303376767552,4709.303333333333,189.62621396574087
2024-09-27,4589.900000000001,0,4,27,9,3,271,39,2024,-0.433883739117558,-0.9009688679024191,-0.9987235240803972,-0.050510617185222886,-1.0,-1.8369701987210297e-16,4744.7,5051.500000000001,4575.5,4518.0,4926.342857142858,193.82284744186424,4709.783333333334,189.29377293312317
2024-09-28,4510.7,0,5,28,9,3,272,39,2024,-0.9749279121818236,-0.2225209339563146,-0.9994446170919858,-0.033323525711631344,-1.0,-1.8369701987210297e-16,4589.900000000001,5053.2,4537.4,4586.5,4848.842857142858,238.0568129469789,4708.893333333334,190.19284575058307
2024-09-29,4457.8,0,6,29,9,3,273,39,2024,-0.7818314824680299,0.6234898018587334,-0.9998699583618592,-0.016126573270657762,-1.0,-1.8369701987210297e-16,4510.7,4924.4,4631.3,4572.899999999999,4782.185714285714,275.72017474588625,4703.11,195.20545913435558
